Date,VOO Benchmark,A1V12 Tactical Sleeve,Tactical + Alpha Overlay,Overlay_Active,SMH_Active,SPHB_Active
2011-05-05,100000.0,100000.0,100000.0,False,False,False
2011-05-06,100463.0128136104,100319.03580290677,100319.03580290676,False,False,False
2011-05-09,100872.18692796382,100673.52002835872,100673.52002835872,False,False,False
2011-05-10,101701.30289652201,80161.80788706864,80161.80788706861,False,False,False
2011-05-11,100635.2966512329,79424.68781454385,79424.68781454385,False,False,False
2011-05-12,101173.68364380315,79885.38785987184,79885.38785987184,False,False,False
2011-05-13,100290.72897598793,79148.26778734707,79148.26778734707,False,False,False
2011-05-16,99666.20006460644,78503.28772388789,78503.28772388789,False,False,False
2011-05-17,99644.66458490363,78411.1477148223,78411.14771482229,False,False,False
2011-05-18,100581.45795197586,79148.26778734707,79148.26778734707,False,False,False
2011-05-19,100710.67083019274,79332.54780547827,79332.54780547826,False,False,False
2011-05-20,100032.3032195542,78963.98776921589,78963.98776921588,False,False,False
2011-05-23,98847.85183589964,77950.44766949434,77950.44766949433,False,False,False
2011-05-24,98761.7099170884,77858.30766042873,77858.30766042872,False,False,False
2011-05-25,99095.50985248196,78134.72768762552,78134.72768762552,False,False,False
2011-05-26,99483.14848713254,78503.28772388789,78503.28772388789,False,False,False
2011-05-27,99924.62582104016,78871.8477601503,78871.84776015028,False,False,False
2011-05-31,100926.02562722084,79701.10784174065,79701.10784174065,False,False,False
2011-06-01,98686.33573812858,77950.44766949434,77950.44766949433,False,False,False
2011-06-02,98567.8905997631,77950.44766949434,77950.44766949433,False,False,False
2011-06-03,97620.32949283945,77121.18758790396,77121.18758790394,False,False,False
2011-06-06,96586.62646710455,76384.06751537918,76384.06751537917,False,False,False
2011-06-07,96457.41358888768,76291.9275063136,76291.92750631359,False,False,False
2011-06-08,96069.7749542371,75923.36747005122,75923.3674700512,False,False,False
2011-06-09,96801.98126413266,76476.20752444479,76476.20752444478,False,False,False
2011-06-10,95445.24604285561,75186.24739752646,75186.24739752644,False,False,False
2011-06-13,95509.85248196403,75094.10738846085,75094.10738846083,False,False,False
2011-06-14,96737.37482502422,95699.80012091121,95699.80012091121,False,False,False
2011-06-15,95046.8396683536,94086.09381388706,94086.09381388706,False,False,False
2011-06-16,95229.89124582749,94577.22182037268,94577.22182037267,False,False,False
2011-06-17,95488.31700226122,95068.34982685829,95068.34982685828,False,False,False
2011-06-20,96026.70399483149,95384.07497388475,95384.07497388475,False,False,False
2011-06-21,97340.36825670292,96366.33098685597,96366.33098685596,False,False,False
2011-06-22,96769.67804457844,95805.04183658671,95805.0418365867,False,False,False
2011-06-23,96446.64584903627,95208.6721144256,95208.6721144256,False,False,False
2011-06-24,95380.63960374716,94156.25495767071,94156.25495767071,False,False,False
2011-06-27,96188.22009260255,75573.0786806013,75573.0786806013,False,False,False
2011-06-28,97415.74243566275,76763.92719314412,76763.9271931441,False,False,False
2011-06-29,98287.92936362656,77405.15331528254,77405.15331528254,False,False,False
2011-06-30,99224.72273069882,78137.98316915504,78137.98316915504,False,False,False
2011-07-01,100721.43857004415,79237.22794996378,79237.22794996378,False,False,False
2011-07-05,100559.92247227306,79512.03914516597,79512.03914516597,False,False,False
2011-07-06,100710.67083019274,79695.2466086341,79695.24660863409,False,False,False
2011-07-07,101808.98029503606,80702.8876577088,80702.8876577088,False,False,False
2011-07-08,101119.84494454612,80244.86899903847,75725.34259660346,True,False,True
2011-07-11,99246.25821040163,78779.20929129349,73881.34549448977,True,False,True
2011-07-12,98804.78087649401,78321.19063262317,73478.69307386181,True,False,True
2011-07-13,99149.34855173898,78596.00182782536,74108.4529119911,True,False,True
2011-07-14,98503.28416065469,78046.37943742098,73162.72581242937,True,False,True
2011-07-15,99052.43889307634,78687.60555955941,73745.03118213378,True,False,True
2011-07-18,98212.55518466672,78229.58690088909,73016.97309682846,True,False,True
2011-07-19,99806.18068267469,79786.85034036817,74683.48667743155,True,False,True
2011-07-20,99806.18068267469,79603.64287690003,74747.90046264126,True,False,True
2011-07-21,101130.61268439754,80519.68019424065,75715.89367901903,True,False,True
2011-07-22,101216.75460320878,80794.49138944285,76055.11603084607,True,False,True
2011-07-25,100646.0643910843,80519.68019424065,75681.04127215318,True,False,True
2011-07-26,100215.35479702808,80336.47273077254,75385.16807138608,True,False,True
2011-07-27,98223.32292451813,78504.3980960913,73356.18230573113,True,False,True
2011-07-28,97943.36168838158,78504.3980960913,73135.3680332547,True,False,True
2011-07-29,97189.61989878325,77954.77570568692,72828.8470608218,True,False,True
2011-08-01,96845.05222353828,77679.96451048473,72361.78611215387,True,False,True
2011-08-02,94433.07849682351,75756.28614406943,70498.64975135002,True,False,True
2011-08-03,94906.85905028535,76397.51226620785,70546.350900466,True,False,True
2011-08-04,90459.78249165499,72824.96672857944,66822.2738922729,True,False,True
2011-08-05,90265.9631743297,72641.75926511132,66108.00357968366,True,False,True
2011-08-08,84472.91913427372,68153.17641014227,64975.91401483347,False,False,False
2011-08-09,88263.16356196832,71267.70328910038,67945.24341873714,False,False,False
2011-08-10,84429.84817486808,68244.78014187634,65063.247232595335,False,False,False
2011-08-11,88123.18294390009,71176.09955736631,67857.91020097527,False,False,False
2011-08-12,88833.85377409282,72000.53314297288,68643.90916083213,False,False,False
2011-08-15,90664.36954883169,73099.77792378161,69691.9077739746,False,False,False
2011-08-16,89889.09227953052,72641.75926511132,69255.24168516524,False,False,False
2011-08-17,89986.00193819316,72458.55180164319,69080.57524964148,False,False,False
2011-08-18,86249.59620975555,69252.421190951,66023.91262797594,False,False,False
2011-08-19,84612.89975234197,67878.36521494009,64713.91436154784,False,False,False
2011-08-22,84677.5061914504,68153.17641014227,64975.91401483347,False,False,False
2011-08-23,87606.33143103262,70351.66597175975,67071.9112411184,False,False,False
2011-08-24,88801.55055453858,71450.9107525685,68119.90985426088,False,False,False
2011-08-25,87466.35081296436,70351.66597175975,67071.9112411184,False,False,False
2011-08-26,88618.4989770647,71542.51448430255,68207.24307202276,False,False,False
2011-08-29,91202.75654140196,73466.19285071787,70041.24064502209,False,False,False
2011-08-30,91364.27263917301,73741.00404592007,70303.24029830772,False,False,False
2011-08-31,91827.28545278346,74015.81524112225,70565.23995159332,False,False,False
2011-09-01,90944.33078496823,73282.98538724975,69866.57420949834,False,False,False
2011-09-02,88586.19575751049,71542.51448430255,68207.24307202276,False,False,False
2011-09-06,87983.2023258318,71267.70328910038,67945.24341873714,False,False,False
2011-09-07,90459.78249165499,73008.17419204755,69604.57455621273,False,False,False
2011-09-08,89512.22138473133,72550.15553337724,69167.90846740337,False,False,False
2011-09-09,87154.08635727358,70534.87343522788,67246.57767664216,False,False,False
2011-09-12,87778.6152686551,71084.49582563226,67770.5769832134,False,False,False
2011-09-13,88510.82157855066,71817.32567950475,68469.24272530837,False,False,False
2011-09-14,89759.87940131366,72916.5704603135,69517.24133845085,False,False,False
2011-09-15,91299.66620006462,74107.4189728563,70652.57316935521,False,False,False
2011-09-16,91848.82093248627,74565.43763152663,67188.6613804466,True,True,False
2011-09-19,90987.40174437384,74290.62643632443,66856.94529549629,True,True,False
2011-09-20,90836.65338645417,74107.4189728563,66561.76807307343,True,True,False
2011-09-21,88090.87972434585,72092.13687470694,64964.752786459765,True,True,False
2011-09-22,85334.33832238613,69802.04358135539,63028.09088083095,True,True,False
2011-09-23,85732.74469688811,70168.45850829163,63713.63489710204,True,True,False
2011-09-26,87810.91848820931,71542.51448430255,64563.09238341441,True,True,False
2011-09-27,88823.0860342414,72275.34433817507,65474.10609915416,True,True,False
2011-09-28,87057.17669861094,70809.68463043007,63993.17715608349,True,True,False
2011-09-29,87681.70560999247,70809.68463043007,63810.72854729762,True,True,False
2011-09-30,85592.76407881985,68977.60999574882,62017.08155785035,True,True,False
2011-10-03,82965.43555507698,67145.53536106758,60366.21447118588,True,True,False
2011-10-04,84785.18358996446,68611.19506881257,60800.058128577606,True,True,False
2011-10-05,86475.71874663507,70076.85477655758,62312.71633487603,True,True,False
2011-10-06,88144.71842360287,71267.70328910038,66966.11454874523,False,False,False
2011-10-07,87466.35081296436,70901.28836216414,66621.81575929154,False,False,False
2011-10-10,90427.47927210078,73282.98538724975,68859.7578907406,False,False,False
2011-10-11,90395.17605254655,73557.79658245193,69117.98198283088,False,False,False
2011-10-12,91224.29202110476,74107.4189728563,69634.43016701144,False,False,False
2011-10-13,91084.3114030365,74199.02270459037,69720.50486437486,False,False,False
2011-10-14,92591.79498223322,75664.68241233536,71097.70002218967,False,False,False
2011-10-17,90858.18886615698,74199.02270459037,69720.50486437486,False,False,False
2011-10-18,92677.93690104445,75389.87121713319,70839.47593009939,False,False,False
2011-10-19,91515.0209970927,74107.4189728563,69634.43016701144,False,False,False
2011-10-20,91934.9628512975,74290.62643632443,69806.57956173828,False,False,False
2011-10-21,93700.87218692795,75664.68241233536,71097.70002218967,False,False,False
2011-10-24,94896.09131043393,76763.92719314412,72130.59639055078,False,False,False
2011-10-25,93054.80779584365,75389.87121713319,70839.47593009939,False,False,False
2011-10-26,93948.53020351026,75847.88987580349,71269.84941691652,False,False,False
2011-10-27,97189.61989878325,78137.98316915504,73421.71685100216,False,False,False
2011-10-28,97286.52955744587,78412.79436435724,73679.94094309244,False,False,False
2011-10-31,94788.41391191988,76855.53092487819,72216.6710879142,False,False,False
2011-11-01,92279.53052654247,74748.64509499473,70236.95304855541,False,False,False
2011-11-02,93733.17540648216,75939.49360753753,71355.92411427994,False,False,False
2011-11-03,95466.78152255839,77313.54958354848,68668.97121240468,True,False,True
2011-11-04,94917.62679013674,76855.53092487819,68372.70847197786,True,False,True
2011-11-07,95466.78152255839,77313.54958354848,68592.88819735392,True,False,True
2011-11-08,96608.16194680736,78412.79436435724,69669.0926575979,True,False,True
2011-11-09,93119.41423495207,75664.68241233536,66648.88701217363,True,False,True
2011-11-10,93970.06568321308,76122.70107100568,67109.9962852104,True,False,True
2011-11-11,95800.58145795198,77588.36077875068,68684.41728087697,True,False,True
2011-11-14,94874.55583073111,77130.34212008036,68096.51156032209,True,False,True
2011-11-15,95369.87186389575,77679.96451048473,68583.90750594887,True,False,True
2011-11-16,93830.08506514481,76397.51226620785,67480.49070554186,True,False,True
2011-11-17,92322.6014859481,75115.06002193099,66034.69747821763,True,False,True
2011-11-18,92193.38860773123,74840.2488267288,65816.36765839325,True,False,True
2011-11-21,90545.92441046624,73557.79658245193,64535.43383002876,True,False,True
2011-11-22,90061.376117153,73466.19285071787,64141.436887798605,True,False,True
2011-11-23,88155.48616345429,72000.53314297288,62554.31537530172,True,False,True
2011-11-25,87897.06040702056,71725.72194777068,62285.27641179329,True,False,True
2011-11-28,90524.38893076342,73832.60777765412,68130.74231704588,False,False,False
2011-11-29,90793.58242704855,73924.21150938819,68215.27177401492,False,False,False
2011-11-30,94508.45267578334,76763.92719314412,70835.68494005514,False,False,False
2011-12-01,94443.8462366749,76855.53092487819,70920.21439702419,False,False,False
2011-12-02,94390.00753741789,76763.92719314412,70835.68494005514,False,False,False
2011-12-05,95423.7105631528,77405.15331528254,71427.39113883841,False,False,False
2011-12-06,95499.08474211262,77313.54958354848,71342.86168186937,False,False,False
2011-12-07,95822.11693765476,77405.15331528254,67741.69277815791,True,False,True
2011-12-08,93754.71088618498,75847.88987580349,65815.16230540421,True,False,True
2011-12-09,95337.56864434155,77313.54958354848,67285.52299065025,True,False,True
2011-12-12,93970.06568321308,76305.9085344738,65713.97972000991,True,False,True
2011-12-13,93076.34327554646,75481.47494886724,64953.40942464393,True,False,True
2011-12-14,92031.87250996014,74382.23016805848,63837.965764325636,True,False,True
2011-12-15,92376.44018520512,74382.23016805848,63837.965764325636,True,False,True
2011-12-16,92441.04662431355,74565.43763152663,64105.77593554789,True,False,True
2011-12-19,91504.2532572413,74015.81524112225,67182.79536303208,False,False,False
2011-12-20,94228.49143964681,76122.70107100568,69095.1769142075,False,False,False
2011-12-21,94508.45267578334,75847.88987580349,68845.73584231504,False,False,False
2011-12-22,95402.17508344997,76122.70107100568,69095.1769142075,False,False,False
2011-12-23,96155.91687304834,76763.92719314412,69677.20608195654,False,False,False
2011-12-27,96252.82653171099,77038.73838834629,69926.64715384899,False,False,False
2011-12-28,95079.14288790782,76031.09733927161,69012.02989024336,False,False,False
2011-12-29,95940.56207602021,76763.92719314412,69677.20608195654,False,False,False
2011-12-30,95574.45892107245,76580.71972967598,69510.91203402822,False,False,False
2012-01-03,96985.03284160652,77679.96451048473,70508.67632159802,False,False,False
2012-01-04,97157.31667922903,77863.17197395285,70674.97036952632,False,False,False
2012-01-05,97469.58113491978,78046.37943742098,70841.26441745461,False,False,False
2012-01-06,97275.76181759448,77954.77570568692,70758.11739349047,False,False,False
2012-01-09,97426.51017551415,77954.77570568692,70758.11739349047,False,False,False
2012-01-10,98255.62614407235,78596.00182782536,71340.1465612395,False,False,False
2012-01-11,98352.535802735,78596.00182782536,71340.1465612395,False,False,False
2012-01-12,98567.8905997631,78779.20929129349,71506.4406091678,False,False,False
2012-01-13,98158.7164854097,78504.3980960913,71256.99953727536,False,False,False
2012-01-17,98417.14224184344,79054.02048649568,71755.88168106026,False,False,False
2012-01-18,99515.45170668676,79786.85034036817,69162.31322387613,True,False,True
2012-01-19,100053.83869925702,80428.07646250658,69822.93088679228,True,False,True
2012-01-20,100053.83869925702,80153.26526730442,69561.16756570831,True,False,True
2012-01-23,100150.74835791966,80336.47273077254,69847.79193834045,True,False,True
2012-01-24,100000.0,80336.47273077254,69959.89061628896,True,False,True
2012-01-25,100882.95466781523,81344.11377984723,69727.01857420495,True,True,True
2012-01-26,100366.10315494776,80977.69885291097,69309.81562112478,True,True,True
2012-01-27,100236.8902767309,81160.90631637909,69408.16695767423,True,True,True
2012-01-30,99903.09034133736,80977.69885291097,69046.64323363933,True,True,True
2012-01-31,99849.25164208033,81069.30258464503,69022.75351374969,True,True,True
2012-02-01,100796.81274900398,81710.52870678347,69876.43501062054,True,True,True
2012-02-02,101001.39980618068,81985.33990198564,70076.22445508708,True,True,True
2012-02-03,102433.50920641756,83084.5846827944,71326.77381927887,True,True,True
2012-02-06,102282.7608484979,82992.98095106035,71113.980669038,True,True,True
2012-02-07,102595.02530418865,83176.18841452846,71268.48853668629,True,True,True
2012-02-08,102810.38010121675,83267.79214626254,71541.72710480736,True,True,True
2012-02-09,102928.8252395822,83634.20707319878,71828.10303357046,True,True,True
2012-02-10,102228.92214924087,83176.18841452846,71048.30980942571,True,True,True
2012-02-13,103014.96715839344,83817.4145366669,71606.24931498728,True,True,True
2012-02-14,102864.21880047375,83817.4145366669,71497.74414921063,True,True,True
2012-02-15,102411.97372671476,83359.39587799659,71299.49437333431,True,True,True
2012-02-16,103531.81867126092,84183.82946360315,72300.79054114247,True,True,True
2012-02-17,103779.47668784321,84183.82946360315,72333.54555676554,True,True,True
2012-02-21,103844.08312695163,84275.4331953372,72165.87069718158,True,True,True
2012-02-22,103488.74771185528,84183.82946360315,71807.07529298359,True,True,True
2012-02-23,103994.83148487132,84641.84812227347,72186.03895011287,True,True,True
2012-02-24,104145.57984279098,84916.65931747563,72262.65332730443,True,True,True
2012-02-27,104328.63142026488,85008.2630492097,72371.11225116566,True,True,True
2012-02-28,104694.73457521266,85283.0742444119,72703.82196658738,True,True,True
2012-02-29,104124.0443630882,85008.2630492097,72092.00349626498,True,True,True
2012-03-01,104813.17971357811,85557.88543961408,72505.06328901438,True,True,True
2012-03-02,104522.45073759017,85374.67797614595,72178.12447618064,True,True,True
2012-03-05,104080.97340368257,84916.65931747563,71284.94475427044,True,True,True
2012-03-06,102444.27694626896,83725.81080493283,70206.83494650004,True,True,True
2012-03-07,103262.62517497578,84275.4331953372,70906.9018359988,True,True,True
2012-03-08,104264.02498115643,85283.0742444119,71784.41760615073,True,True,True
2012-03-09,104662.43135565845,85557.88543961408,72168.72014453032,True,True,True
2012-03-12,104705.50231506406,85466.28170788001,71841.92632167952,True,True,True
2012-03-13,106589.85678905997,86931.94141562501,73417.54352059602,True,True,True
2012-03-14,106503.71487024872,87023.54514735907,73308.29360753237,True,True,True
2012-03-15,107052.8696026704,87481.5638060294,74069.10878464927,True,True,True
2012-03-16,107203.61796059008,87481.5638060294,74180.84074933763,True,True,True
2012-03-19,107655.86303434908,88031.18619643376,74688.23472624978,True,True,True
2012-03-20,107354.36631850974,87756.37500123157,74266.15558851133,True,True,True
2012-03-21,107182.08248088726,87664.7712694975,74235.75366457121,True,True,True
2012-03-22,106352.96651232903,87206.7526108272,73547.4717735996,True,True,True
2012-03-23,106772.90836653385,87298.35634256125,73769.41203634065,True,True,True
2012-03-26,108215.78550662214,88580.80858683813,74803.03745566265,True,True,True
2012-03-27,107914.2887907828,88397.60112337001,74609.81546084033,True,True,True
2012-03-28,107397.43727791535,88122.78992816781,74111.13274562934,True,True,True
2012-03-29,107214.38570044146,88031.18619643376,74017.97666461434,True,True,True
2012-03-30,107569.72111553785,88214.39365990189,74265.91537060769,True,True,True
2012-04-02,108431.14030365026,89038.82724550845,74880.55729387065,True,True,True
2012-04-03,108011.19844944547,88947.22351377438,74440.46393921156,True,True,True
2012-04-04,106880.58576504792,88031.18619643376,74278.11876717185,True,True,False
2012-04-05,106848.2825454937,88214.39365990189,74509.09629872057,True,True,False
2012-04-09,105663.8311618391,87389.96007429532,73661.4286741317,True,True,False
2012-04-10,103822.54764724884,86015.9040982844,72496.46217456297,True,True,False
2012-04-11,104673.19909550984,86565.52648868875,73197.21479578191,True,True,False
2012-04-12,106116.07623559813,87664.7712694975,74270.04690519006,True,True,False
2012-04-13,104845.48293313234,86748.7339521569,73404.7146705689,True,True,False
2012-04-16,104727.03779476686,86199.11156175252,73212.61531744887,True,True,False
2012-04-17,106331.43103262625,87664.7712694975,74324.81697217337,True,True,False
2012-04-18,105965.32787767846,87481.5638060294,74046.89467332714,True,True,False
2012-04-19,105276.19252718854,86657.13022042283,73433.99658553842,True,True,False
2012-04-20,105437.70862495963,86748.7339521569,73013.44089775703,True,True,False
2012-04-23,104543.98621729297,85924.30036655033,72197.07798732005,True,True,False
2012-04-24,104920.85711209216,85832.69663481627,71842.90967145916,True,True,False
2012-04-25,106396.03747173467,87573.16753776345,73321.14350927772,True,True,False
2012-04-26,107128.24378163021,88031.18619643376,74168.56281386626,True,True,False
2012-04-27,107343.59857865832,88489.20485510406,74554.27713306202,True,True,False
2012-04-30,106880.58576504792,87939.58246469968,74080.46347584439,True,True,False
2012-05-01,107580.48885538924,88214.39365990189,74344.75621679703,True,True,False
2012-05-02,107246.68891999566,88214.39365990189,74493.4421839403,True,True,False
2012-05-03,106460.64391084311,87573.16753776345,73532.4353893161,True,True,False
2012-05-04,104727.03779476686,85924.30036655033,72040.57199360397,True,True,False
2012-05-07,104802.4119737267,85924.30036655033,71993.61140696747,True,True,False
2012-05-08,104360.93463981908,85557.88543961408,71516.01453302009,True,True,False
2012-05-09,103768.70894799182,85099.86678094376,71169.43022766201,True,True,False
2012-05-10,103951.76052546571,85008.2630492097,71167.41094388832,True,True,False
2012-05-11,103617.96059007214,84825.05558574159,71210.32241675143,True,True,False
2012-05-14,102519.6511252288,84000.62200013502,70401.79007911324,True,True,False
2012-05-15,101948.96091310435,83634.20707319878,69994.61914463378,True,True,False
2012-05-16,101518.25131904813,83359.39587799659,69620.76693496689,True,True,False
2012-05-17,99978.46452029717,81802.13243851752,68318.73177319206,True,True,False
2012-05-18,99192.41951114462,81160.90631637909,67545.5339287315,True,True,False
2012-05-21,100861.4191881124,82992.98095106035,69033.61235000957,True,True,False
2012-05-22,101076.77398514052,82992.98095106035,68900.58049764657,True,True,False
2012-05-23,101076.77398514052,83359.39587799659,68994.7306561722,True,True,False
2012-05-24,101259.82556261441,83267.79214626254,68789.2535805676,True,True,False
2012-05-25,101033.7030257349,82992.98095106035,68806.6751437126,True,True,False
2012-05-29,102185.85118983526,84000.62200013502,69783.58085770872,True,True,False
2012-05-30,100710.67083019274,82901.37721932628,68828.1317589963,True,True,False
2012-05-31,100463.0128136104,82534.96229239002,68436.6096661841,True,True,False
2012-06-01,98007.96812749004,80428.07646250658,66402.52595756011,True,True,False
2012-06-04,97975.66490793582,80702.8876577088,66533.78684614974,True,True,False
2012-06-05,98546.35512006028,80977.69885291097,67134.57626211362,True,True,False
2012-06-06,100893.72240766663,82809.7734875922,68833.94129031707,True,True,False
2012-06-07,100882.95466781523,82809.7734875922,68630.47295226017,True,True,False
2012-06-08,101712.07063637339,83359.39587799659,69182.53960633585,True,True,False
2012-06-11,100484.54829331322,82076.94363371973,68090.02184541737,True,True,False
2012-06-12,101647.46419726498,83176.18841452846,69233.28340970207,True,True,False
2012-06-13,100979.86432647788,102930.31684486185,79355.01491836204,True,True,False
2012-06-14,102099.70927102398,104416.67521085263,80057.60705646347,True,True,False
2012-06-15,103004.19941854205,105271.33127129733,80908.0688046397,True,True,False
2012-06-18,103219.55421557014,104936.9006389494,80980.23481572565,True,True,False
2012-06-19,104274.79272100786,106088.82837259225,81843.07769061641,True,True,False
2012-06-20,104102.50888338537,105865.87461769364,81917.88228657909,True,True,False
2012-06-21,101819.74803488747,103784.97290530652,79941.19730591732,True,True,False
2012-06-22,102551.95434478301,104602.47000660145,80635.95369945675,True,True,False
2012-06-25,100926.02562722084,102818.83996741254,78823.81041695457,True,True,False
2012-06-26,101410.57392053408,103636.33706870748,79254.28205340645,True,True,False
2012-06-27,102315.0640680521,104342.35729255308,79946.39446560257,True,True,False
2012-06-28,102078.17379132118,104342.35729255308,79778.21538242762,True,True,False
2012-06-29,104619.36039625281,106757.68963728812,82027.10087480716,True,True,False
2012-07-02,104899.32163238936,107054.96131048627,82151.60618716417,True,True,False
2012-07-03,105588.45698287929,107352.23298368444,82596.4439588524,True,True,False
2012-07-05,105136.21190912026,106906.32547388719,82105.36844507113,True,True,False
2012-07-06,104167.11532249379,105903.0335768434,80976.42841646285,True,True,False
2012-07-09,104027.13470442552,105717.23878109455,80606.30084009147,True,True,False
2012-07-10,103068.80585765048,105011.21855724893,79898.1735138099,True,True,False
2012-07-11,103090.34133735328,105122.69543469825,79780.6867518791,True,True,False
2012-07-12,102551.95434478301,105048.3775163987,79381.16793221353,True,True,False
2012-07-13,104296.32820071066,106646.2127598388,80518.8624954542,True,True,False
2012-07-16,104059.43792397976,106534.7358823895,90454.35158850439,False,False,False
2012-07-17,104802.4119737267,107426.55090198397,91211.55578736175,False,False,False
2012-07-18,105556.15376332508,108021.09424838026,91716.3585866,False,False,False
2012-07-19,105825.3472596102,107649.50465688256,91400.85683707609,False,False,False
2012-07-20,104856.25067298372,106683.37171898858,90580.55228831395,False,False,False
2012-07-23,103811.77990739743,105903.0335768434,89917.99861431374,False,False,False
2012-07-24,102993.43167869064,105011.21855724893,89160.79441545636,False,False,False
2012-07-25,102918.0574997308,105085.53647554848,89223.89476536114,False,False,False
2012-07-26,104597.82491655,106869.16651473743,90738.3031630759,False,False,False
2012-07-27,106622.16000861417,108652.79655392637,92252.71156079065,False,False,False
2012-07-30,106568.32130935714,108504.16071732726,92126.5108609811,False,False,False
2012-07-31,105879.18595886722,87209.32758947078,74045.92609384815,False,False,False
2012-08-01,105760.74082050176,86840.96717726602,73733.1661103472,False,False,False
2012-08-02,105017.76677075481,86472.6067650613,73420.40612684625,False,False,False
2012-08-03,107074.4050823732,88130.2286199826,74827.8260526005,False,False,False
2012-08-06,107354.36631850974,88406.49892913614,75062.3960402262,False,False,False
2012-08-07,107838.91461182298,88866.94944439207,75453.34601960238,False,False,False
2012-08-08,107957.35975018844,88682.76923828971,75296.96602785191,False,False,False
2012-08-09,108075.80488855389,88866.94944439207,75453.34601960238,False,False,False
2012-08-10,108248.08872617637,89051.12965049443,75609.72601135285,False,False,False
2012-08-13,108161.94680736512,89051.12965049443,71810.33415783603,True,False,True
2012-08-14,108215.78550662214,89143.2197535456,71764.81815049231,True,False,True
2012-08-15,108334.23064498759,89327.39995964797,72003.86710126126,True,False,True
2012-08-16,109066.43695488316,90156.21088710862,72782.55473248758,True,False,True
2012-08-17,109324.86271131689,90524.57129931336,73062.63185502829,True,False,True
2012-08-20,109292.55949176266,90524.57129931336,73009.83794670223,True,False,True
2012-08-21,108947.99181651771,90064.12078405745,72814.85377852328,True,False,True
2012-08-22,108969.52729622052,90340.391093211,73008.41038175843,True,False,True
2012-08-23,108108.10810810812,89695.76037185272,72244.33178706905,True,False,True
2012-08-24,108786.47571874662,90248.30099015983,72723.86316850322,True,False,True
2012-08-27,108786.47571874662,90248.30099015983,72539.02386109918,True,False,True
2012-08-28,108678.79832023257,90248.30099015983,72512.61064081686,True,False,True
2012-08-29,108786.47571874662,90340.391093211,72559.52463834199,True,False,True
2012-08-30,107957.35975018844,89603.67026880154,71748.55570593738,True,False,True
2012-08-31,108528.04996231291,90064.12078405745,72220.75003686444,True,False,True
2012-09-04,108248.08872617637,89879.94057795509,71915.69021646147,True,False,True
2012-09-05,108248.08872617637,89787.85047490391,71842.38370098767,True,False,True
2012-09-06,110498.54635512007,91537.56243287638,73565.47773892555,True,False,True
2012-09-07,110950.79142887906,91905.92284508112,74386.8617373228,True,False,True
2012-09-10,110293.95929794337,91169.20202067166,73800.3120168165,True,False,True
2012-09-11,110595.45601378269,91353.38222677402,74303.41036107409,True,False,True
2012-09-12,110950.79142887906,91629.65253592757,74681.80922918947,True,False,True
2012-09-13,112716.70076450953,93011.00408169531,75992.80736279482,True,False,True
2012-09-14,113179.71357811996,93471.45459695124,76887.50970657084,True,False,True
2012-09-17,112845.91364272639,93379.36449390007,76404.90918207983,True,False,True
2012-09-18,112727.4685043609,93379.36449390007,76154.06491999424,True,False,True
2012-09-19,112813.61042317215,93655.63480305362,76360.83256958489,True,False,True
2012-09-20,112802.84268332076,93379.36449390007,75942.83900959403,True,False,True
2012-09-21,112727.4685043609,93287.27439084888,75799.47283951625,True,False,True
2012-09-24,112587.48788629267,93011.00408169531,75473.74662320112,True,False,True
2012-09-25,111435.33972219231,91905.92284508112,74236.92064952817,True,False,True
2012-09-26,110724.66889199956,91353.38222677402,73638.32423222499,True,False,True
2012-09-27,111812.21061699149,92366.37336033703,74616.83876435077,True,False,True
2012-09-28,111306.12684397545,91905.92284508112,74144.4344526108,True,False,True
2012-10-01,111499.94616130073,91998.01294813231,74230.97271677379,True,False,True
2012-10-02,111650.6945192204,92090.1030511835,74304.3176794387,True,False,True
2012-10-03,112113.70733283083,92642.64366949059,74519.74643281194,True,False,True
2012-10-04,112975.12652094323,93103.0941847465,75243.18132764049,True,False,True
2012-10-05,112942.82330138903,92826.82387559296,75062.81506842721,True,False,True
2012-10-08,112598.25562614405,92366.37336033703,74722.53305014742,True,False,True
2012-10-09,111499.94616130073,113527.70754282066,85389.657610545,True,False,True
2012-10-10,110746.20437170238,112641.63763029134,84673.8414554043,True,False,True
2012-10-11,110810.81081081081,112789.31594904623,85104.59480029251,True,False,True
2012-10-12,110423.1721761602,112014.00477558306,84379.56158081998,True,False,True
2012-10-15,111349.19780338106,112936.99426780113,85140.55855499559,True,False,True
2012-10-16,112479.8104877786,114081.50123815148,86119.9698222915,True,False,True
2012-10-17,113007.42974049746,114930.65157099212,86922.194815347,True,False,True
2012-10-18,112716.70076450953,115299.84736787932,87110.78245312467,True,False,True
2012-10-19,110789.27533110799,113638.46628188685,85630.46177810343,True,False,True
2012-10-22,110864.64951006783,113343.10964437704,85492.75269550987,True,False,True
2012-10-23,109238.72079250566,111644.80897869582,84151.48202329829,True,False,True
2012-10-24,109001.83051577472,111312.53276149734,83718.55616168238,True,False,True
2012-10-25,109314.09497146547,111829.40687713942,84114.18913085686,True,False,True
2012-10-26,109227.95305265425,111607.88939900712,83843.11894474454,True,False,True
2012-10-31,109120.27565414018,111681.72855838457,83920.31366394692,True,False,True
2012-11-01,110401.6366964574,112715.4767896688,85027.405972329,True,False,True
2012-11-02,109411.00463012814,111792.48729745073,84147.96564073508,True,False,True
2012-11-05,109658.66264671045,111755.56771776201,84326.5016720499,True,False,True
2012-11-06,110477.01087541724,112604.71805060262,82497.25974813044,True,True,True
2012-11-07,108054.26940885106,109872.66915363718,80361.57715734509,True,True,True
2012-11-08,106622.16000861417,108728.16218328678,79523.88980919753,True,True,True
2012-11-09,106740.60514697962,108654.32302390934,79502.2215462496,True,True,True
2012-11-12,106891.3535048993,108728.16218328678,79666.65355301545,True,True,True
2012-11-13,106503.71487024872,108137.44890826722,79151.03008627384,True,True,True
2012-11-14,105200.8183482287,106660.66572071835,77963.88570255041,True,True,True
2012-11-15,104802.4119737267,106402.22866289728,77798.4624289647,True,True,True
2012-11-16,105340.79896629695,106919.1027785394,78106.09143457898,True,True,True
2012-11-19,107483.5791967266,108469.72512546572,79459.76181299309,True,True,True
2012-11-20,107602.02433509205,108838.92092235295,79446.84510480416,True,True,True
2012-11-21,107838.91461182298,108986.59924110785,79626.49450465423,True,True,True
2012-11-23,109206.41757295142,110389.54326927928,80803.9625498273,True,True,True
2012-11-26,109077.20469473457,110094.18663176951,80636.08541952938,True,True,True
2012-11-27,108549.58544201571,109429.6341973725,80277.3176257259,True,True,True
2012-11-28,109357.16593087111,110278.78453021313,81032.68901887268,True,True,True
2012-11-29,109852.48196403575,110647.98032710035,81294.67334018073,True,True,True
2012-11-30,109744.80456552168,110758.73906616651,81395.62611938767,True,True,True
2012-12-03,109357.16593087111,110131.10621145823,80949.40390620883,True,True,True
2012-12-04,109152.57887369441,110020.34747239207,80974.11847098795,True,True,True
2012-12-05,109389.46915042533,110943.33696461012,81448.29663300204,True,True,True
2012-12-06,109734.03682567026,111201.77402243119,81856.68209784082,True,True,True
2012-12-07,110067.83676106384,111903.2460365169,82365.06661323333,True,True,True
2012-12-10,110132.44320017227,111903.2460365169,82437.88109591516,True,True,True
2012-12-11,110843.11403036502,112641.63763029134,83236.41167759158,True,True,True
2012-12-12,110929.25594917627,113010.83342717854,83414.18065594707,True,True,True
2012-12-13,110250.88833853773,112272.4418334041,82786.76264371649,True,True,True
2012-12-14,109895.55292344136,112087.8439349605,82671.33633432495,True,True,True
2012-12-17,111219.9849251642,113306.19006468834,83495.52394164883,True,True,True
2012-12-18,112350.59760956174,114524.53619441616,84651.07332843222,True,True,True
2012-12-19,111521.48164100356,113638.46628188685,84299.90035266175,True,True,True
2012-12-20,112210.61699149349,114450.69703503871,84767.22262110839,True,True,True
2012-12-21,111166.14622590717,113343.10964437704,83901.01167046235,True,True,True
2012-12-24,110843.11403036502,112826.23552873493,83538.14899278538,True,True,True
2012-12-26,110315.49477764618,112678.55720998006,83371.58028173729,True,True,True
2012-12-27,110218.58511898352,112383.20057247026,83174.3317852772,True,True,True
2012-12-28,108991.06277592332,111017.17612398756,82208.08415810624,True,True,True
2012-12-31,110864.64951006783,112752.3963693575,83774.08566146079,True,True,True
2013-01-02,113599.65543232473,115669.04316476654,86234.16395714253,True,True,True
2013-01-03,113491.97803381071,115484.44526632296,86087.41034639909,True,True,True
2013-01-04,113976.52632712392,116259.7564397861,86564.47552614576,True,True,True
2013-01-07,113664.26187143318,115853.64106321016,86268.05343325011,True,True,True
2013-01-08,113330.46193603962,115447.52568663421,85759.01208866834,True,True,True
2013-01-09,113664.26187143318,115742.882324144,85714.17985167849,True,True,True
2013-01-10,114504.14557984279,116702.79139605076,87003.96465624399,True,True,True
2013-01-11,114547.2165392484,116665.87181636208,87009.55007822566,True,True,True
2013-01-14,114450.30688058575,116739.7109757395,86869.24848407836,True,True,True
2013-01-15,114504.14557984279,117145.82635231545,86991.99839007939,True,True,True
2013-01-16,114504.14557984279,116961.22845387182,87130.7485189876,True,True,True
2013-01-17,115204.04867018413,117588.86130858013,88025.64679719221,True,True,True
2013-01-18,115537.84860557767,117921.13752577861,88002.11617308193,True,True,True
2013-01-22,116097.77107785075,118474.93122110947,88405.96089739489,True,True,True
2013-01-23,116270.05491547324,118548.77038048688,88491.81797775828,True,True,True
2013-01-24,116334.66135458168,119028.72491644027,88596.60573565969,True,True,True
2013-01-25,116980.72574566599,119730.19693052598,89267.59100018631,True,True,True
2013-01-28,116840.74512759771,119545.59903208239,89128.26654456598,True,True,True
2013-01-29,117325.29342091094,120616.26684305533,89643.19971197398,True,True,True
2013-01-30,116862.28060730053,120062.4731477245,89324.20479594987,True,True,True
2013-01-31,116593.0871110154,119840.95566959216,89254.62492768586,True,True,True
2013-02-01,117712.93205556153,120911.6234805651,90279.15253034062,True,True,True
2013-02-04,116420.80327339293,119730.19693052598,89326.8396694658,True,True,True
2013-02-05,117616.02239689887,120800.86474149891,90310.82085006518,True,True,True
2013-02-06,117712.93205556153,120874.70390087638,90331.70564029974,True,True,True
2013-02-07,117562.18369764187,120505.50810398917,89963.83757521998,True,True,True
2013-02-08,118208.24808872616,120874.70390087638,90470.35611209548,True,True,True
2013-02-11,118154.40938946915,121059.30179931999,90606.51682947244,True,True,True
2013-02-12,118337.46096694302,121613.0954946508,91091.75709722479,True,True,True
2013-02-13,118445.1383654571,121760.77381340569,91163.09546063728,True,True,True
2013-02-14,118617.42220307956,121834.61297278316,91494.58766575738,True,True,True
2013-02-15,118466.6738451599,121613.0954946508,91072.56526626705,True,True,True
2013-02-19,119274.25433401528,122720.68288531248,91984.91598185137,True,True,True
2013-02-20,117799.07397437278,121354.65843682975,90421.26906794266,True,True,True
2013-02-21,117239.15150209969,120653.18642274402,89450.54053267564,True,True,True
2013-02-22,118262.08678798318,121723.85423371696,90412.569603562,True,True,True
2013-02-25,116033.16463874231,119397.9207133275,88378.28379495157,True,True,True
2013-02-26,116808.44190804349,120099.39272741321,88931.79044382102,True,True,True
2013-02-27,118272.8545278346,121686.93465402827,90199.61365796553,True,True,True
2013-02-28,118143.64164961773,121243.89969776361,93208.06224931059,True,True,False
2013-03-01,118445.1383654571,121650.01507433956,93419.14414574155,True,True,False
2013-03-04,119112.7382362442,122351.48708842527,93740.76309730914,True,True,False
2013-03-05,120124.9057822763,123274.47658064333,94701.89019311983,True,True,False
2013-03-06,120351.02831915578,123791.35069628542,94979.1330219397,True,True,False
2013-03-07,120566.3831161839,124123.62691348392,95143.24324929368,True,True,False
2013-03-08,121050.93140949715,124492.82271037117,95223.37967415046,True,True,False
2013-03-11,121492.40874340474,124935.85766663581,95548.20941815653,True,True,False
2013-03-12,121212.44750726821,124788.17934788091,95488.649988908,True,True,False
2013-03-13,121384.7313448907,124862.01850725837,95612.98828779545,True,True,False
2013-03-14,122030.795735975,125600.41010103284,96237.47603516208,True,True,False
2013-03-15,121858.51189835253,125600.41010103284,95704.4970993957,True,True,False
2013-03-18,121201.6797674168,124788.17934788091,91764.05465189737,True,True,True
2013-03-19,120910.95079142888,124603.5814494373,91440.47196055291,True,True,True
2013-03-20,121740.06675998708,125268.13388383434,92041.39296295961,True,True,True
2013-03-21,120760.2024335092,124345.14439161625,91100.75136828155,True,True,True
2013-03-22,121632.389361473,125157.37514476814,91636.17086591611,True,True,True
2013-03-25,121298.58942607944,124714.34018850347,91323.52754897783,True,True,True
2013-03-26,122203.07957359748,125748.0884197877,95092.43682072796,True,True,False
2013-03-27,122127.70539463764,125637.32968072154,95097.33934093322,True,True,False
2013-03-28,122407.6666307742,126006.52547760878,95469.97083878105,True,True,False
2013-04-01,122063.09895552923,125821.92757916515,94884.46257170288,True,True,False
2013-04-02,122666.09238720791,126228.04295574108,94846.03266151578,True,True,False
2013-04-03,121427.8023042963,124972.77724632453,93635.23178714313,True,True,False
2013-04-04,121912.35059760955,125637.32968072154,94167.34828486691,True,True,False
2013-04-05,121427.8023042963,125305.05346352303,93971.4761842466,True,True,False
2013-04-08,122181.54409389468,125932.68631823131,94458.43737572689,True,True,False
2013-04-09,122623.02142780228,126560.31917293959,95068.22866637092,True,True,False
2013-04-10,124130.50500699902,128037.10236048848,96479.80030402161,True,True,False
2013-04-11,124539.6791213524,128369.37857768699,96631.79665921889,True,True,False
2013-04-12,124270.48562506729,127889.42404173358,96272.84360217041,True,True,False
2013-04-15,121427.8023042963,125194.29472445686,94222.03118768425,True,True,False
2013-04-16,123139.87294066975,126707.99749169448,95512.0638596342,True,True,False
2013-04-17,121330.89264563368,125083.5359853907,94033.9136029367,True,True,False
2013-04-18,120340.2605793044,124603.5814494373,93859.18737128309,True,True,False
2013-04-19,121621.62162162163,125932.68631823131,94888.33404331798,True,True,False
2013-04-22,122170.77635404328,126412.6408541847,95378.90469276684,True,True,False
2013-04-23,123462.90513621189,127741.7457229787,96723.8919250495,True,True,False
2013-04-24,123495.20835576611,127741.7457229787,97048.5103346651,True,True,False
2013-04-25,124044.36308818778,128184.78067924337,97529.01007250937,True,True,False
2013-04-26,123775.16959190264,128147.86109955465,97211.87452125116,True,True,False
2013-04-29,124571.98234090664,128886.25269332908,97957.13944572058,True,True,False
2013-04-30,124970.38871540863,128812.41353395165,98235.3114156298,True,True,False
2013-05-01,123839.77603101109,127483.30866515767,97425.49525136623,True,True,False
2013-05-02,124948.85323570581,128480.13731675311,98346.50781221062,True,True,False
2013-05-03,126133.30461936038,129550.80512772613,99147.27061204346,True,True,False
2013-05-06,126520.94325401097,129846.16176523587,99455.90382899666,True,True,False
2013-05-07,127177.77538494668,105637.59742260393,87285.86907148782,True,True,False
2013-05-08,127834.60751588241,106210.1589262495,87976.37422480952,True,True,False
2013-05-09,127468.50436093462,106019.30509170094,87979.73570679144,True,True,False
2013-05-10,127909.98169484225,106496.43967807225,87462.40797606153,True,True,True
2013-05-13,127888.44621513941,106496.43967807225,87156.21564119017,True,True,True
2013-05-14,129245.18143641647,107164.42809899207,87828.0043017825,True,True,True
2013-05-15,129977.38774631204,107546.1357680891,88225.9517994245,True,True,True
2013-05-16,129374.39431463336,131861.61536726594,98396.58055798644,True,True,True
2013-05-17,130612.68439754492,133141.11537776067,99577.934439652,True,True,True
2013-05-20,130612.68439754492,133177.67252091764,99634.32688646916,True,True,True
2013-05-21,130774.200495316,133360.45823670257,99633.30571274277,True,True,True
2013-05-22,129902.01356735219,132556.2010872488,98634.50016372993,True,True,True
2013-05-23,129449.76849359318,132336.85822830684,98488.26100045607,True,True,True
2013-05-24,129277.4846559707,132263.74394199287,98370.52844951375,True,True,True
2013-05-28,130192.74254334015,133214.2296640746,99215.59449194235,True,True,True
2013-05-29,129202.11047701085,132336.85822830684,98836.76403589977,True,True,True
2013-05-30,129772.80068913534,132994.88680513267,99474.08402534963,True,True,True
2013-05-31,127877.67847528803,130911.1296451842,97956.74087800787,True,True,True
2013-06-03,128545.27834607514,131861.61536726594,98562.7369316969,True,True,True
2013-06-04,128146.87197157316,131276.70107675408,98203.46981438115,True,True,True
2013-06-05,126187.14331861743,129521.95820521854,96697.83497889954,True,True,True
2013-06-06,127177.77538494668,130764.90107255625,97453.12142451743,True,True,True
2013-06-07,128954.45246042855,132373.41537146384,98659.35731306794,True,True,True
2013-06-10,128900.61376117152,132336.85822830684,98764.02299305351,True,True,True
2013-06-11,127586.94949930007,131130.47250412614,97448.3268501889,True,True,True
2013-06-12,126596.3174329708,130362.77249782933,96647.95068799159,True,True,True
2013-06-13,128416.0654678583,132227.18679883587,98255.05454380182,True,True,True
2013-06-14,127630.02045870571,131276.70107675408,97541.31087030549,True,True,True
2013-06-17,128663.72348444059,132263.74394199287,98431.85112413898,True,True,True
2013-06-18,129654.35555076988,133250.7868072316,99389.17574901514,True,True,True
2013-06-19,127920.74943469364,131422.9296493821,98039.57006613449,True,True,True
2013-06-20,124679.6597394207,128169.34390840991,95394.34389079796,True,True,True
2013-06-21,125067.29837407127,128863.92962839271,95653.77252981286,True,True,True
2013-06-24,123495.20835576611,127365.08675895611,94226.3193594514,True,True,True
2013-06-25,124722.73069882632,128571.47248313678,95504.93283877739,True,True,True
2013-06-26,125896.41434262948,130033.75820941641,96403.60150626159,True,True,True
2013-06-27,126736.29805103908,130618.67249992827,97047.55210761787,True,True,True
2013-06-28,125950.25304188648,129850.97249363149,96662.2969717926,True,True,True
2013-07-01,126887.04640895876,130509.0010704573,97128.86382876366,True,True,True
2013-07-02,126703.99483148484,130435.88678414332,97099.81091534901,True,True,True
2013-07-03,126822.4399698503,130326.21535467234,97132.27425479668,True,True,True
2013-07-05,128233.01389038439,131715.386794638,98332.16156842498,True,True,True
2013-07-08,128900.61376117152,132738.98680303374,98321.57762805556,True,True,True
2013-07-09,129880.4780876494,133726.0296682725,99137.32438131995,True,True,True
2013-07-10,129912.78130720361,133579.8010956445,99229.13022024049,True,True,True
2013-07-11,131754.0648217939,135261.42968086613,100815.89425272073,True,True,True
2013-07-12,131786.36804134812,135334.5439671801,100971.11636502665,True,True,True
2013-07-15,132260.14859480996,136029.1296871629,101334.84665423143,True,True,True
2013-07-16,131764.8325616453,135517.32968296506,101103.72718439909,True,True,True
2013-07-17,132098.63249703887,135846.34397137797,101375.74019038964,True,True,True
2013-07-18,132852.37428663723,136869.9439797737,101642.41736372057,True,True,True
2013-07-19,133089.26456336814,137198.95826818663,101753.51299003643,True,True,True
2013-07-22,133326.15484009904,137564.52969975653,101915.23720306321,True,True,True
2013-07-23,133056.96134381392,137674.2011292275,101922.44676545652,True,True,True
2013-07-24,132561.6453106493,136833.3868366167,101046.88283773107,True,True,True
2013-07-25,132798.5355873802,136979.6154092447,104173.57478017357,True,False,True
2013-07-26,132970.81942500267,137125.84398187263,104041.92655830567,True,False,True
2013-07-29,132583.18079035208,136687.15826398876,103649.06692357679,True,False,True
2013-07-30,132593.9485302035,136723.71540714573,103887.36367924642,True,False,True
2013-07-31,132626.25174975774,136687.15826398876,103920.27071220844,True,False,True
2013-08-01,134241.4127274685,138003.21541764043,105370.07636504946,True,False,True
2013-08-02,134445.9997846452,138112.8868471114,105503.81114641468,True,False,True
2013-08-05,134359.85786583394,137856.98684501246,105308.0051350352,True,False,True
2013-08-06,133552.27737697857,137089.28683871563,104565.6098173893,True,False,True
2013-08-07,133089.26456336814,136760.27255030273,104138.58118771428,True,False,True
2013-08-08,133552.27737697857,137308.6296976576,104768.5043161571,True,False,True
2013-08-09,133175.40648217942,136869.9439797737,104621.02705448335,True,False,True
2013-08-12,133003.1226445569,136650.6011208318,104482.70187967247,True,False,True
2013-08-13,133519.97415742435,136906.50112293073,104768.92159060815,True,False,True
2013-08-14,132766.23236782599,136248.47254610487,104250.65753386664,True,False,True
2013-08-15,130828.03919457304,134274.38681562734,102786.27619319536,True,False,True
2013-08-16,130440.40055992245,133872.25824090047,102528.40182180445,True,False,True
2013-08-19,129622.05233121564,132702.42965987674,101373.14623925167,True,False,True
2013-08-20,130138.90384408314,108274.10458497841,89248.83982302836,True,False,True
2013-08-21,129471.30397329599,107791.59966258543,88756.61368069172,True,False,True
2013-08-22,130601.91665769354,108853.11049184993,89893.35641474866,True,False,True
2013-08-23,131032.62625174974,109046.11246080711,90056.91818503643,True,False,True
2013-08-26,130612.68439754492,109046.11246080711,89903.1153882887,True,False,True
2013-08-27,128469.90416711532,107405.5957246711,88185.94246009695,True,False,True
2013-08-28,128900.61376117152,107791.59966258543,88589.97879269006,True,False,True
2013-08-29,129105.20081834822,108081.10261602119,88828.91822034391,True,False,True
2013-08-30,128534.51060622375,107502.09670914967,88248.48802620909,True,False,True
2013-09-03,129299.02013567352,108467.10655393556,89130.4117593427,True,False,True
2013-09-04,130375.79412081401,109528.61738320008,90177.44094264836,True,False,True
2013-09-05,130343.49090125981,109625.11836767866,90393.81209279569,True,False,True
2013-09-06,130569.61343813933,109914.62132111442,90581.48582047428,True,False,True
2013-09-09,131850.97448045656,111072.63313485752,91767.96196826592,True,False,True
2013-09-10,132852.37428663723,111651.63904172905,92463.74995678342,True,False,True
2013-09-11,133261.54840099064,111844.64101068623,91635.57198910232,True,True,True
2013-09-12,132938.51620544848,111844.64101068623,91388.99382520483,True,True,True
2013-09-13,133207.70970173358,111941.14199516483,91609.07152118035,True,True,True
2013-09-16,134015.29019058897,112134.143964122,91951.89088757674,True,True,True
2013-09-17,134564.44492301063,112809.65085547214,92521.92812346546,True,True,True
2013-09-18,136179.60590072145,114257.16562265098,93622.29594806854,True,True,True
2013-09-19,135953.48336384192,114450.16759160817,93582.02248793021,True,True,True
2013-09-20,134887.4771185528,113871.16168473665,92951.12069319656,True,True,True
2013-09-23,134392.16108538816,113485.15774682228,92497.29465908771,True,True,True
2013-09-24,134101.43210940022,113485.15774682228,92736.45611529703,True,True,True
2013-09-25,133670.722515344,113002.65282442931,92562.78436024155,True,True,True
2013-09-26,134209.10950791428,113871.16168473665,92933.88915432562,True,True,True
2013-09-27,133638.41929578982,113388.65676234369,92401.81757261335,True,True,True
2013-09-30,132895.44524604283,112713.14987099354,91992.16959394797,True,True,True
2013-10-01,133918.38053192635,113678.15971577943,92828.93281710814,True,True,True
2013-10-02,133746.09669430385,113581.65873130088,92857.79217637079,True,True,True
2013-10-03,132550.87757079786,112423.64691755778,92095.4404322717,True,True,True
2013-10-04,133519.97415742435,113292.15577786509,92842.70226670495,True,True,True
2013-10-07,132378.5937331754,112230.6449486006,92023.71439633917,True,True,True
2013-10-08,130838.80693442447,110493.62722798597,90515.64789452592,True,True,True
2013-10-09,130838.80693442447,110397.12624350737,90410.85561878629,True,True,True
2013-10-10,133789.16765370948,112906.15183995075,92567.0175213617,True,True,True
2013-10-11,134585.98040271347,113678.15971577943,93170.44650295311,True,True,True
2013-10-14,135178.20609454074,114257.16562265098,93666.1066131757,True,True,True
2013-10-15,134176.80628836007,113678.15971577943,93120.50794066874,True,True,True
2013-10-16,136007.32206309895,115222.1754674369,94328.9408676461,True,True,True
2013-10-17,136933.34769031976,115704.68038982987,94905.86107346795,True,True,True
2013-10-18,137848.60557768922,116959.19318805152,95779.86161987457,True,True,True
2013-10-21,137913.21201679768,117152.19515700873,95882.00575922085,True,True,True
2013-10-22,138656.18606654464,117634.70007940165,96261.78017193475,True,True,True
2013-10-23,138020.8894153117,117152.19515700873,95059.52688264166,True,True,True
2013-10-24,138473.13448907074,117924.20303283744,95664.0126490484,True,True,True
2013-10-25,139108.4311403036,118406.70795523038,96037.0985222146,True,True,True
2013-10-28,139280.7149779261,118406.70795523038,96124.86277819888,True,True,True
2013-10-29,140131.3664261871,118985.71386210193,96903.81215796547,True,True,True
2013-10-30,139356.08915688595,118503.20893970899,96429.25822719885,True,True,True
2013-10-31,138828.4699041671,118213.70598627318,96275.24518068963,True,True,True
2013-11-01,139226.8762786691,118406.70795523038,96320.57860258562,True,True,True
2013-11-04,139862.172929902,118599.70992418755,96584.70238015552,True,True,True
2013-11-05,139442.2310756972,118406.70795523038,96333.25067200311,True,True,True
2013-11-06,140088.2954667815,118406.70795523038,96347.31614154884,True,True,True
2013-11-07,138290.08291159687,116669.69023461576,94817.96739073072,True,True,True
2013-11-08,140185.20512544413,118020.70401731602,95999.53711944478,True,True,True
2013-11-11,140163.66964574132,118020.70401731602,96011.31910852215,True,True,True
2013-11-12,139916.01162915904,117827.70204835886,95931.32366094255,True,True,True
2013-11-13,140992.78561429956,119082.21484658052,96904.86103275107,True,True,True
2013-11-14,141778.8306234521,119854.22272240925,97253.65371486316,True,True,True
2013-11-15,142392.59179498223,120240.2266603236,97636.95803469681,True,True,True
2013-11-18,141864.97254226336,119564.71976897347,97033.69503840077,True,True,True
2013-11-19,141585.01130612683,119178.7158310591,96522.70505666018,True,True,True
2013-11-20,141132.7662323678,118696.21090866615,96210.99832128391,True,True,True
2013-11-21,142241.84343706255,119661.22075345207,97291.83617342077,True,True,True
2013-11-22,142963.2820071067,120336.72764480222,97568.19212870262,True,True,True
2013-11-25,142877.14008829548,120047.22469136641,97384.8102677528,True,True,True
2013-11-26,142812.533649187,120626.23059823796,97813.11824438025,True,True,True
2013-11-27,143200.17228383763,121108.73552063093,98247.58517915399,True,True,True
2013-11-29,142995.5852266609,121301.73748958808,98308.05490083058,True,True,True
2013-12-02,142769.46268978142,120819.23256719514,97972.05922825624,True,True,True
2013-12-03,142220.30795735976,120529.72961375938,97762.11946383302,True,True,True
2013-12-04,142048.02411973724,120433.22862928078,97620.22932351919,True,True,True
2013-12-05,141509.63712716696,120433.22862928078,97556.56525021684,True,True,True
2013-12-06,143114.03036502638,121494.73945854527,98539.63308807094,True,True,True
2013-12-09,143437.06256056853,121591.24044302385,98740.44785610474,True,True,True
2013-12-10,142952.5142672553,121301.73748958808,98543.52093339828,True,True,True
2013-12-11,141326.58554969312,120143.725675845,97453.5442075925,True,True,True
2013-12-12,140863.5727360827,119757.72173793064,97048.78566724644,True,True,True
2013-12-13,140820.50177667706,119757.72173793064,97097.67845191262,True,True,True
2013-12-16,141714.2241843437,120626.23059823796,97908.25258015185,True,True,True
2013-12-17,141218.90815117906,120336.72764480222,97952.25417082125,True,True,True
2013-12-18,143673.95283729944,122170.24634989542,99350.57769030728,True,True,True
2013-12-19,143544.7399590826,122266.747334374,99356.19498107366,True,True,True
2013-12-20,144266.17852912674,123135.25619468131,100092.2467041446,True,True,True
2013-12-23,145795.19758802626,124293.26800842442,100967.7863231646,True,True,True
2013-12-24,145461.39765263267,124293.26800842442,101123.95557477786,True,True,True
2013-12-26,146139.76526327123,124872.27391529594,101580.27194314727,True,True,True
2013-12-27,146150.5330031226,124679.27194633875,101480.71758429223,True,True,True
2013-12-30,146085.92656401417,124679.27194633875,101573.21189249879,True,True,True
2013-12-31,146764.29417465272,125354.77883768888,102138.01040507697,True,True,True
2014-01-02,145439.8621729299,124293.26800842442,101156.26455750711,True,True,True
2014-01-03,145310.64929471302,123810.76308603145,100890.93924607795,True,True,True
2014-01-06,144955.31387961667,123424.75914811708,100494.67405466981,True,True,True
2014-01-07,145849.0362872833,124293.26800842442,101091.64723332114,True,True,True
2014-01-08,145913.6427263917,124389.76899290299,101477.96303207021,True,True,True
2014-01-09,145999.78464520298,124293.26800842442,101262.95529268376,True,True,True
2014-01-10,146333.5845805965,124679.27194633875,101619.72209609806,True,True,True
2014-01-13,144481.53332615484,122845.75324124553,100115.89662040645,True,True,True
2014-01-14,145978.24916550014,124582.77096186017,101872.70161587185,True,True,True
2014-01-15,146807.36513405835,125354.77883768888,102418.05821922411,True,True,True
2014-01-16,146581.24259717885,125258.27785321031,102282.81474888776,True,True,True
2014-01-17,145945.94594594592,124872.27391529594,101724.26871171576,True,True,True
2014-01-21,146408.95875955635,125644.28179112465,102180.0912551212,True,True,True
2014-01-22,146495.1006783676,125837.28376008185,102656.61038791598,True,True,True
2014-01-23,145310.64929471302,124968.77489977454,101657.93673626297,True,True,True
2014-01-24,142188.00473780552,122170.24634989542,99231.57235560993,True,True,True
2014-01-27,141498.8693873156,121108.73552063093,98415.60814707048,True,True,True
2014-01-28,142371.05631527942,121591.24044302385,99055.47660536895,True,True,True
2014-01-29,140885.10821578547,119950.72370688785,97993.82400420765,True,True,True
2014-01-30,142467.96597394205,121784.24241198105,99334.26685352183,True,True,True
2014-01-31,141585.01130612683,121108.73552063093,98710.21844607298,True,True,True
2014-02-03,138483.90222892215,118503.20893970899,96496.74994352691,True,True,True
2014-02-04,139420.69559599436,119661.22075345207,97177.69124762194,True,True,True
2014-02-05,139183.80531926345,119564.71976897347,97058.87537496744,True,True,True
2014-02-06,141057.39205340797,121108.73552063093,98457.491742975,True,True,True
2014-02-07,142877.14008829548,122942.25422572413,99914.2432456584,True,True,True
2014-02-10,143103.26262517498,123424.75914811708,100219.07572346862,True,True,True
2014-02-11,144686.12038333152,124679.27194633875,101339.14132838922,True,True,True
2014-02-12,144815.3332615484,124775.77293081734,101563.92108748229,True,True,True
2014-02-13,145526.00409174114,125740.78277560325,102406.17418584644,True,True,True
2014-02-14,146290.5136211909,126030.28572903902,102804.1692839488,True,True,True
2014-02-18,146516.63615807038,126416.2896669534,103172.18097192356,True,True,True
2014-02-19,145504.46861203833,125451.27982216749,102547.59615634683,True,True,True
2014-02-20,146333.5845805965,125933.78474456043,103068.2106634515,True,True,True
2014-02-21,146258.2104016367,125740.78277560325,102883.36912656901,True,True,True
2014-02-24,146958.113491978,126609.29163591054,103626.17911093283,True,True,True
2014-02-25,146904.274792721,126609.29163591054,103437.68970125317,True,True,True
2014-02-26,146904.274792721,126609.29163591054,103615.65972002831,True,True,True
2014-02-27,147722.62302142777,127477.80049621788,104106.48382291471,True,True,True
2014-02-28,148045.65521696996,127477.80049621788,104178.66315982786,True,True,True
2014-03-03,147033.48767093787,126609.29163591054,103408.90969823257,True,True,True
2014-03-04,149133.19694196185,128442.81034100377,104971.98699261236,True,True,True
2014-03-05,149154.7324216647,128635.81230996098,105115.11101985416,True,True,True
2014-03-06,149639.28071497788,128732.31329443955,105560.11885236985,True,True,True
2014-03-07,149596.20975557232,128346.3093565252,105368.95808645945,True,True,True
2014-03-10,149628.5129751265,128346.3093565252,105281.64122434192,True,True,True
2014-03-11,148799.3970065683,127863.80443413224,104680.90054292936,True,True,True
2014-03-12,148907.07440508236,127960.30541861083,104978.23281513354,True,True,True
2014-03-13,147259.61020781737,126126.78671351762,103432.69239489132,True,True,True
2014-03-14,146828.90061376116,125644.28179112465,103000.307188564,True,True,True
2014-03-17,148153.332615484,126898.79458934635,104040.24645103658,True,True,True
2014-03-18,149197.80338107032,127863.80443413224,105032.39055186408,True,True,True
2014-03-19,148390.2228922149,126898.79458934635,104546.61260088462,True,True,True
2014-03-20,149230.1066006245,127284.79852726069,105288.10167367966,True,True,True
2014-03-21,148734.79056745986,126416.2896669534,104572.38025147619,True,True,True
2014-03-24,148099.49391622693,125547.78080664609,103897.66420395125,True,True,True
2014-03-25,148831.70022612254,125933.78474456043,104410.53283439952,True,True,True
2014-03-26,147733.39076127918,124679.27194633875,103285.25668256341,True,True,True
2014-03-27,147431.89404543984,124293.26800842442,102859.95471987697,True,True,True
2014-03-28,148088.72617637555,124679.27194633875,103385.31583979764,True,True,True
2014-03-31,149348.55173898995,125547.78080664609,104483.06187077978,True,True,True
2014-04-01,150349.95154517062,126995.29557382494,107079.21333189236,True,True,False
2014-04-02,150866.8030580381,127284.79852726069,107031.30161195867,True,True,False
2014-04-03,150629.91278130718,126802.29360486777,106881.96760796777,True,True,False
2014-04-04,148820.93248627114,124582.77096186017,104722.47092416971,True,True,False
2014-04-07,147216.53924841175,123231.7571791599,103794.3377037025,True,True,False
2014-04-08,147830.30041994184,123907.26407051002,104706.62556520493,True,True,False
2014-04-09,149423.92591794982,125740.78277560325,106140.91526566178,True,True,False
2014-04-10,146225.90718208248,122652.75127228837,103315.74818535287,True,True,False
2014-04-11,144912.24292021102,121398.23847406667,102098.9409312604,True,True,False
2014-04-14,146085.92656401417,122363.2483188526,102945.91119026068,True,True,False
2014-04-15,147098.0941100463,123135.25619468131,103621.73513245967,True,True,False
2014-04-16,148648.64864864867,124775.77293081734,104397.51757089084,True,True,False
2014-04-17,148820.93248627114,124775.77293081734,104876.20005832736,True,True,False
2014-04-21,149370.0872186928,125547.78080664609,105499.8101195128,True,True,False
2014-04-22,150026.9193496285,126416.2896669534,106235.09651291392,True,True,False
2014-04-23,149660.81619468072,125644.28179112465,105698.51963126237,True,True,False
2014-04-24,149994.6161300743,126319.7886824748,106349.7079541631,True,True,False
2014-04-25,148788.6292667169,124775.77293081734,104275.67639291182,True,True,False
2014-04-28,149251.64208032732,124968.77489977454,104272.74128387833,True,True,False
2014-04-29,149962.31291052006,125933.78474456043,104945.64895050255,True,True,False
2014-04-30,150436.0934639819,126223.2876979962,105263.27583127293,True,True,False
2014-05-01,150436.0934639819,126609.29163591054,105179.08102499387,True,True,False
2014-05-02,150199.20318725097,126512.79065143195,105189.24587075722,True,True,False
2014-05-05,150511.46764294172,127284.79852726069,105603.97780773796,True,True,False
2014-05-06,149197.80338107032,125933.78474456043,104832.50506377014,True,True,False
2014-05-07,150080.75804888553,126030.28572903902,105031.21457551971,True,True,False
2014-05-08,149897.70647141166,125740.78277560325,105131.3439431587,True,True,False
2014-05-09,150166.89996769678,126223.2876979962,105211.04311680065,True,True,False
2014-05-12,151577.47388823083,127863.80443413224,106717.90275663997,True,True,False
2014-05-13,151717.4545062991,127767.30344965364,106379.94241765118,True,True,False
2014-05-14,150985.24819640355,127091.79655830351,105702.64338755196,True,True,False
2014-05-15,149628.5129751265,126030.28572903902,104761.41774567141,True,True,False
2014-05-16,150209.97092710237,126705.79262038917,105421.3033598187,True,True,False
2014-05-19,150726.8224399698,127381.29951173929,106116.00073910283,True,True,False
2014-05-20,149736.19037364057,126705.79262038917,105569.25901168799,True,True,False
2014-05-21,151028.31915580918,127863.80443413224,106404.5893370247,True,True,False
2014-05-22,151448.26101001402,128346.3093565252,106797.60569697367,True,True,False
2014-05-23,152072.78992139548,129118.31723235392,107508.248937693,True,True,False
2014-05-27,152966.5123290621,130276.329046097,108683.01092322703,True,True,False
2014-05-28,152815.7639711424,129890.32510818263,108540.91418934945,True,True,False
2014-05-29,153687.95089910625,130662.33298401136,108955.64235963846,True,True,False
2014-05-30,153881.77021643156,130758.83396848997,109102.13799037451,True,True,False
2014-06-02,154097.12501345968,130855.33495296855,109379.16832364442,True,True,False
2014-06-03,154000.21535479702,130758.83396848997,109833.20389170741,True,True,False
2014-06-04,154280.17659093355,131048.33692192573,110116.01147395745,True,True,False
2014-06-05,155324.64735651988,131916.84578223305,110738.16151400961,True,True,False
2014-06-06,156067.62140626682,132399.35070462598,111209.50246217065,True,True,False
2014-06-09,156218.3697641865,132592.35267358317,110210.49768446256,True,True,True
2014-06-10,156250.67298374072,132592.35267358317,110349.28673508158,True,True,True
2014-06-11,155744.58921072466,132399.35070462598,110252.82944968394,True,True,True
2014-06-12,154592.4410466243,131144.8379064043,109413.49902203077,True,True,True
2014-06-13,155076.98933993754,131434.34085984007,110036.93510680748,True,True,True
2014-06-16,155206.2022181544,131530.84184431867,110243.81342174314,True,True,True
2014-06-17,155615.3763325078,131723.84381327586,110673.1217954785,True,True,True
2014-06-18,156778.29223645956,132785.35464254036,111279.24390926592,True,True,True
2014-06-19,156972.11155378487,132785.35464254036,111290.00563284828,True,True,True
2014-06-20,157284.3760094756,161950.76118560403,124290.18381227237,True,True,True
2014-06-23,157209.00183051577,162025.1187435405,124213.59491118083,True,True,True
2014-06-24,156282.9762032949,160835.39781655715,123445.37091054005,True,True,True
2014-06-25,156950.57607408203,161318.72194314413,123994.72917806456,True,True,True
2014-06-26,156875.20189512218,160946.93415346186,123702.27431362342,True,True,True
2014-06-27,157144.39539140734,132849.10016217065,111425.36699249814,True,True,True
2014-06-30,157101.32443200174,133041.21744367777,111743.0665520426,True,True,True
2014-07-01,158199.63389684504,134193.92113272048,113038.98318694744,True,True,True
2014-07-02,158318.0790352105,134289.979773474,113130.0384915553,True,True,True
2014-07-03,159114.8917842145,134866.33161799537,113877.96076083237,True,True,True
2014-07-07,158598.040271347,134386.03841422757,113143.98384125592,True,True,True
2014-07-08,157575.10498546352,133137.2760844313,112148.40234280714,True,True,True
2014-07-09,158231.93711639923,133905.7452104598,112748.46081057514,True,True,True
2014-07-10,157618.17594486914,133233.3347251849,112284.78203425389,True,True,True
2014-07-11,157833.53074189727,133617.5692881991,112482.89304131274,True,True,True
2014-07-14,158608.80801119845,134482.09705498113,113248.1727992674,True,True,True
2014-07-15,158339.61451491332,133905.7452104598,112770.30064519636,True,True,True
2014-07-16,158942.607946592,133809.68656970622,113044.18916894075,True,True,True
2014-07-17,157079.78895229887,132080.63103614218,111127.7761675861,True,True,True
2014-07-18,158738.0208894153,133713.62792895266,112523.08995864436,True,True,True
2014-07-21,158393.45321417032,133521.51064744557,112481.94195942933,True,True,True
2014-07-22,159104.12404436307,134193.92113272048,113243.05339961263,True,True,True
2014-07-23,159480.99493916225,134770.2729772418,113056.14349148904,True,True,True
2014-07-24,159480.99493916225,134674.21433648822,112947.15337427706,True,True,True
2014-07-25,158716.4854097125,133809.68656970622,111894.22076718982,True,True,True
2014-07-28,158791.85958867232,134001.8038512133,111841.08421769598,True,True,True
2014-07-29,158113.4919780338,133521.51064744557,111554.6831726453,True,True,True
2014-07-30,158113.4919780338,134001.8038512133,112120.76725483169,True,True,True
2014-07-31,154937.00872186924,131312.16191011373,109832.62570239948,True,True,True
2014-08-01,154560.13782707008,130831.86870634594,109616.33634573202,True,True,True
2014-08-04,155647.679552062,131792.4551138815,110391.65525537562,True,True,True
2014-08-05,154064.82179390543,130639.75142483882,109249.42537732924,True,True,True
2014-08-06,154161.73145256808,130735.81006559236,109476.43231447217,True,True,True
2014-08-07,153332.6154840099,130063.39958031745,108675.17133366497,True,True,True
2014-08-08,155109.29255949176,131504.27919162085,109851.75863148626,True,True,True
2014-08-11,155550.76989339938,132080.63103614218,110525.52537757938,True,True,True
2014-08-12,155367.71831592545,131792.4551138815,110265.49981032764,True,True,True
2014-08-13,156455.2600409174,132753.0415214171,111265.93616573987,True,True,True
2014-08-14,157144.39539140734,133425.452006692,111828.95243937222,True,True,True
2014-08-15,157101.32443200174,133809.68656970622,112178.76059263108,True,True,True
2014-08-18,158404.22095402176,135058.4488995025,113174.14475478842,True,True,True
2014-08-19,159244.10466243132,136019.03530703805,113913.0515390889,True,True,True
2014-08-20,159685.58199633897,136307.21122929873,114317.70929132483,True,True,True
2014-08-21,160137.827070098,136403.2698700523,114494.04175990676,True,True,True
2014-08-22,159879.40131366422,136403.2698700523,114603.15445913664,True,True,True
2014-08-25,160719.28502207383,137075.68035532717,114981.02110895187,True,True,True
2014-08-26,160848.49790029073,137171.73899608076,115108.31155459845,True,True,True
2014-08-27,160816.1946807365,137075.68035532717,115047.97225494434,True,True,True
2014-08-28,160697.74954237105,136883.56307382009,114956.32794746738,True,True,True
2014-08-29,161085.3881770216,137171.73899608076,115401.50485694432,True,True,True
2014-09-02,161042.31721761602,137363.85627758788,115576.39043581074,True,True,True
2014-09-03,160977.71077850758,136787.50443306653,115330.81972232349,True,True,True
2014-09-04,160719.28502207383,136307.21122929873,115106.21478662388,True,True,True
2014-09-05,161483.79455152364,136979.62171457364,115616.71800501274,True,True,True
2014-09-08,161074.62043717023,136691.44579231297,115518.89150675108,True,True,True
2014-09-09,160030.1496715839,135826.91802553096,114641.70758137944,True,True,True
2014-09-10,160665.44632281683,136595.38715155944,115150.58116733228,True,True,True
2014-09-11,160805.4269408851,136691.44579231297,115259.76512324098,True,True,True
2014-09-12,159857.86583396143,135826.91802553096,114407.13938359903,True,True,True
2014-09-15,159750.1884354474,135154.50754025605,113643.63000220616,True,True,True
2014-09-16,160945.40755895336,136307.21122929873,114793.43384367182,True,True,True
2014-09-17,161171.5300958329,136499.32851080585,115092.44829179108,True,True,True
2014-09-18,162011.41380424247,137171.73899608076,115971.57830070263,True,True,True
2014-09-19,161849.8977064714,136979.62171457364,115386.23922926621,True,True,True
2014-09-22,160600.83988370842,135634.80074402384,114083.4170990813,True,True,True
2014-09-23,159696.34973619034,135250.5661810096,113639.17403092969,True,True,True
2014-09-24,160977.71077850758,136499.32851080585,114830.72674310312,True,True,True
2014-09-25,158393.45321417032,134001.8038512133,112773.09891562164,True,True,True
2014-09-26,159664.04651663615,135538.74210327026,113958.46863312866,True,True,True
2014-09-29,159351.78206094538,135346.62482176314,113829.01851351914,True,True,True
2014-09-30,158867.23376763216,135154.50754025605,113477.2074403808,True,True,True
2014-10-01,156778.29223645956,133233.3347251849,111463.11944227149,True,True,True
2014-10-02,156778.29223645956,133233.3347251849,111398.04182851949,True,True,True
2014-10-03,158522.6660923872,134770.2729772418,112689.13742685367,True,True,True
2014-10-06,158328.8467750619,134482.09705498113,112311.18512652065,True,True,True
2014-10-07,155906.10530849572,132560.92423990997,110369.59337081727,True,True,True
2014-10-08,158630.34349090123,134866.33161799537,113552.97602356267,True,True,False
2014-10-09,155432.32475503391,132272.74831764927,111190.18002256833,True,True,False
2014-10-10,153687.95089910625,130447.63414333171,107465.67499078937,True,True,False
2014-10-13,151157.53203402605,127950.1094837392,105598.74547363495,True,True,False
2014-10-14,151405.19005060836,128046.16812449275,106471.57199408463,True,True,False
2014-10-15,150285.34510606222,153340.07668100507,119400.0903860559,True,True,False
2014-10-16,150188.43544739956,153377.18705774297,119903.42378898915,True,True,False
2014-10-17,152040.48670184126,127987.39373296966,107365.17363371249,True,True,False
2014-10-20,153537.2025411866,129701.51061332194,108650.07559973747,True,True,False
2014-10-21,156519.8664800258,132463.1433650006,111351.16026709224,True,True,False
2014-10-22,155453.8602347367,131415.62749367423,110304.11676557221,True,True,False
2014-10-23,157241.30505006996,133415.43052075186,111884.71637217965,True,True,False
2014-10-24,158414.98869387314,134082.03152977777,112586.13704537135,True,True,False
2014-10-27,158210.40163669645,133891.57409862752,113198.82110835542,True,True,False
2014-10-28,160040.9174114353,135510.46226340465,114159.09284188205,True,True,False
2014-10-29,159847.09809411003,135224.77611667925,114035.07610136208,True,True,False
2014-10-30,160859.2656401421,136177.06327243056,113061.17868223855,True,True,True
2014-10-31,162689.781414881,137795.9514372077,115258.9025928163,True,True,True
2014-11-03,162786.69107354365,137891.18015278282,115447.60742380041,True,True,True
2014-11-04,162205.23312156776,137224.5791437569,115015.98426285859,True,True,True
2014-11-05,163260.4716270055,137700.72272163254,115468.08043876209,True,True,True
2014-11-06,163928.07149779264,138176.86629950817,115805.77285193531,True,True,True
2014-11-07,164068.05211586086,138176.86629950817,115559.63841683509,True,True,True
2014-11-10,164563.3681490255,138462.55244623355,116070.70090237839,True,True,True
2014-11-11,164714.1165069452,138843.46730853405,116173.4091318971,True,True,True
2014-11-12,164584.9036287283,138938.6960241092,116148.22538367285,True,True,True
2014-11-13,164735.65198664798,139224.38217083455,116332.03340197894,True,True,True
2014-11-14,164800.25842575642,139224.38217083455,116580.72273603648,True,True,True
2014-11-17,164886.40034456766,139033.92473968433,116205.07264721298,True,True,True
2014-11-18,165833.96145149128,140081.4406110107,117312.31812193833,True,True,True
2014-11-19,165532.46473565197,139795.75446428533,117002.00827610017,True,True,True
2014-11-20,165833.96145149128,139986.21189543555,117572.34405306878,True,True,True
2014-11-21,166770.75481856358,140843.2703356117,118298.86547937429,True,True,True
2014-11-24,167201.4644126198,141700.32877578784,119054.66300437621,True,True,True
2014-11-25,167147.62571336274,141795.557491363,119066.91562573572,True,True,True
2014-11-26,167535.26434801333,142271.7010692386,119866.28647698068,True,True,True
2014-11-28,167169.16119306555,142081.24363808834,119682.33420180854,True,True,True
2014-12-01,166027.7807688166,140557.58418888637,118253.5907531673,True,True,True
2014-12-02,167072.2515344029,141224.18519791221,118840.81543941039,True,True,True
2014-12-03,167718.3159254872,141795.557491363,119892.01898885904,True,True,True
2014-12-04,167546.03208786473,141700.32877578784,119836.64680767266,True,True,True
2014-12-05,167847.52880370407,141795.557491363,120234.5020270149,True,True,True
2014-12-08,166706.14837945512,140652.81290446146,120349.8806974204,True,True,False
2014-12-09,166576.93550123824,140843.2703356117,120370.89505228549,True,True,False
2014-12-10,163960.37471734683,138653.00987738383,118503.51128806258,True,True,False
2014-12-11,164724.88424679657,139224.38217083455,118995.22707894802,True,True,False
2014-12-12,162054.4847636481,137319.80785933204,117313.03459236442,True,True,False
2014-12-15,160923.87207925052,136177.06327243056,116321.51669530394,True,True,False
2014-12-16,159685.58199633897,134748.63253880362,115193.33241348044,True,True,False
2014-12-17,162905.1362119091,137510.2652904823,117528.16952215067,True,True,False
2014-12-18,166792.2902982664,140843.2703356117,120079.72119104248,True,True,False
2014-12-19,167567.56756756754,141414.64262906247,120223.64141081099,True,True,False
2014-12-22,168310.54161731448,141890.78620693812,121216.41098284161,True,True,False
2014-12-23,168558.19963389682,141795.557491363,121067.27250616439,True,True,False
2014-12-24,168547.43189404544,141795.557491363,121181.82163829454,True,True,False
2014-12-26,169096.5866264671,142557.387215964,121548.49402684066,True,True,False
2014-12-29,169333.476903198,142843.07336268935,121578.60307938966,True,True,False
2014-12-30,168407.45127597716,141890.78620693812,120782.75694631024,True,True,False
2014-12-31,166663.07742004952,140557.58418888637,119889.48559291304,True,True,False
2015-01-02,166663.07742004952,140176.66932658586,119579.32376966112,True,True,False
2015-01-05,163734.2521804673,137891.18015278282,117562.91004641204,True,True,False
2015-01-06,162119.0912027565,136462.7494191559,115767.75177711314,True,True,False
2015-01-07,164143.4262948207,138272.0950150833,117292.1348766419,True,True,False
2015-01-08,167029.1805749973,140652.81290446146,119645.86718523556,True,True,False
2015-01-09,165629.3743943146,139510.06831755996,118903.5863281328,True,True,False
2015-01-12,164391.084311403,138462.55244623355,117778.59543923312,True,True,False
2015-01-13,163960.37471734683,138272.0950150833,117431.2370024695,True,True,False
2015-01-14,163002.04587057175,137605.49400605742,116910.95984752555,True,True,False
2015-01-15,161473.02681167223,135986.60584128025,116282.13835342196,True,True,False
2015-01-16,163475.82642403358,137795.9514372077,117601.96918124905,True,True,False
2015-01-20,163885.00053838696,138367.32373065842,118341.30824960365,True,True,False
2015-01-21,164735.65198664798,139129.15345525942,119321.6409538242,True,True,False
2015-01-22,167266.0708517282,141414.64262906247,120945.30479385734,True,True,False
2015-01-23,166340.04522450734,141033.72776676196,120545.14333160326,True,True,False
2015-01-26,166673.8451599009,141509.8713446376,120808.0651893551,True,True,False
2015-01-27,164487.99397006567,139605.29703313508,118889.07318585442,True,True,False
2015-01-28,162312.91052008182,138367.32373065842,117850.37789672251,True,True,False
2015-01-29,163895.76827823836,139795.75446428533,118860.06090357521,True,True,False
2015-01-30,161871.43318617422,138557.7811618087,117273.15544464298,True,True,False
2015-02-02,163734.2521804673,139890.98317986043,118068.24282780557,True,True,False
2015-02-03,166124.69042747925,141509.8713446376,119548.01423421515,True,True,False
2015-02-04,165554.00021535478,141128.9564823371,119655.14478616841,True,True,False
2015-02-05,167233.767632174,142652.61593153913,120912.13973822481,True,True,False
2015-02-06,166770.75481856358,141795.557491363,118845.20217373628,True,True,True
2015-02-09,166006.24528911378,141319.41391348734,118121.21239726161,True,True,True
2015-02-10,167772.15462474423,143128.75950941473,120219.41210652047,True,True,True
2015-02-11,167890.5997631097,143509.67437171526,120512.0288671777,True,True,True
2015-02-12,169451.92204156346,144842.876389767,122036.68900390243,True,True,True
2015-02-13,170194.89609131042,145699.93482994314,122838.57996900547,True,True,True
2015-02-17,170464.08958759555,145890.39226109342,123140.55441824625,True,True,True
2015-02-18,170496.39280714976,146176.0784078188,123183.39153344838,True,True,True
2015-02-19,170388.7154086357,146366.53583896902,123451.2800286067,True,True,True
2015-02-20,171422.4184343706,147414.05171029543,124317.03055756293,True,True,True
2015-02-23,171379.347474965,147509.28042587056,123950.3584167784,True,True,True
2015-02-24,171874.66350812963,147604.50914144568,124683.67800240616,True,True,True
2015-02-25,171691.61193065575,147604.50914144568,124555.38330744304,True,True,True
2015-02-26,171497.79261333047,147794.96657259593,124563.53234672177,True,True,True
2015-02-27,170905.56692150317,147223.59427914518,123996.61713882085,True,True,True
2015-03-02,172025.41186604928,148461.5675816218,125502.3732087161,True,True,True
2015-03-03,171293.20555615376,147794.96657259593,124589.16959519174,True,True,True
2015-03-04,170582.53472596098,147223.59427914518,124139.4737870975,True,True,True
2015-03-05,170765.5863034349,147414.05171029543,124263.21110016994,True,True,True
2015-03-06,168353.61257672016,145414.24868321777,122586.83301340445,True,True,True
2015-03-09,169064.28340691287,145890.39226109342,122665.90715017862,True,True,True
2015-03-10,166286.20652525034,143414.44565614013,120361.53765896546,True,True,True
2015-03-11,165898.56789059975,142652.61593153913,120351.23477763264,True,True,True
2015-03-12,168041.34812102938,144557.19024304167,121353.89777580414,True,True,True
2015-03-13,167018.4128351459,143604.90308729038,120957.44225037382,True,True,True
2015-03-16,169301.17368364378,145604.70611436802,122602.12871007803,True,True,True
2015-03-17,168719.7157316679,145604.70611436802,122318.93806659535,True,True,True
2015-03-18,170733.28308388067,147223.59427914518,123790.79923866536,True,True,True
2015-03-19,169947.2380747281,147033.13684799493,123516.25324630357,True,True,True
2015-03-20,171487.024873479,148366.3388660467,124915.39379431443,True,True,True
2015-03-23,171174.7604177883,147699.7378570208,124195.37755205933,True,True,True
2015-03-24,170173.36061160758,147033.13684799493,123537.65346807026,True,True,True
2015-03-25,167696.78044578442,144271.50409631626,120456.85604737708,True,True,True
2015-03-26,167276.8385915796,143985.81794959086,120093.49584059863,True,True,True
2015-03-27,167621.40626682455,144176.27538074116,121102.81110862075,True,True,True
2015-03-30,169721.1155378486,145890.39226109342,122472.80883853695,True,True,True
2015-03-31,168224.39969850326,144557.19024304167,121366.42237851866,True,True,True
2015-04-01,167675.2449660816,143890.58923401573,120689.78189149029,True,True,True
2015-04-02,168181.32873909766,144366.7328118914,121163.04241501326,True,True,True
2015-04-06,169355.0123829008,145319.0199676426,121975.14505790039,True,True,True
2015-04-07,168902.7673091418,145033.33382091727,121797.89915907031,True,True,True
2015-04-08,169516.5284806719,145795.1635455183,122391.88079189816,True,True,True
2015-04-09,170259.50253041886,146366.53583896902,123192.27886825621,True,True,True
2015-04-10,171196.29589749113,146842.67941684465,123590.97482268287,True,True,True
2015-04-13,170421.01862818992,146271.30712339393,123059.98496213961,True,True,True
2015-04-14,170733.28308388067,146176.0784078188,122886.24237322428,True,True,True
2015-04-15,171508.56035318188,146842.67941684465,124156.9294358325,True,True,True
2015-04-16,171454.72165392482,146937.9081324198,124008.81733118581,True,True,True
2015-04-17,169462.68978141487,145033.33382091727,122407.45448300008,True,True,True
2015-04-20,171002.47658016582,146556.99327011927,123553.55579084797,True,True,True
2015-04-21,170840.96048239473,146747.45070126952,123791.87057925542,True,True,True
2015-04-22,171680.84419080435,147699.7378570208,124921.1743803907,True,True,True
2015-04-23,172122.32152471194,147985.42400374616,124872.77934504075,True,True,True
2015-04-24,172466.8891999569,148366.3388660467,124557.17489207568,True,True,True
2015-04-27,171788.52158931838,147794.96657259593,124356.17814732522,True,True,True
2015-04-28,172316.14084203725,147414.05171029543,124277.70552952932,True,True,True
2015-04-29,171616.2377516959,146652.22198569443,123796.10203081464,True,True,True
2015-04-30,169914.9348551739,144652.41895861676,122276.84948687734,True,True,True
2015-05-01,171691.61193065575,146461.76455454415,124193.75283590141,True,True,True
2015-05-04,172219.23118337462,177357.23475334502,137840.70369605915,True,True,True
2015-05-05,170216.43157101324,175528.80965279505,136110.0755574475,True,True,True
2015-05-06,169527.2962205233,174690.78148170965,135574.8443316409,True,True,True
2015-05-07,170216.43157101324,175300.25651522633,136061.5800055878,True,True,True
2015-05-08,172445.35372025412,177585.78789091375,137742.5041941923,True,True,True
2015-05-11,171616.2377516959,176785.85190942313,137277.21879474178,True,True,True
2015-05-12,171120.92171853123,176214.4690655013,136666.9978511341,True,True,True
2015-05-13,171174.7604177883,176366.83782388043,136913.44816096663,True,True,True
2015-05-14,172962.20523312155,177928.61759726686,138049.5305461756,True,True,True
2015-05-15,173134.48907074402,178080.98635564602,138117.1296012462,True,True,True
2015-05-18,173672.8760633143,178461.90825159394,138704.1640243194,True,True,True
2015-05-19,173586.73414450305,178576.18482037832,138403.3797333331,True,True,True
2015-05-20,173468.2890061376,178461.90825159394,138424.3814271311,True,True,True
2015-05-21,173995.90825885648,178842.83014754186,142628.22029924524,True,True,False
2015-05-22,173608.26962420583,178195.26292443037,142326.002176945,True,True,False
2015-05-26,171745.45062991278,145862.7634736862,124808.95256885725,True,True,False
2015-05-27,173328.30838806933,147566.54656422895,127478.11916994528,True,True,False
2015-05-28,173166.79229029824,147187.9280996639,127342.64689863028,True,True,False
2015-05-29,172036.17960590072,146052.07270596875,126952.721416177,True,True,False
2015-06-01,172434.58598040268,146525.34578667505,127031.42992295447,True,True,False
2015-06-02,172262.3021427802,146430.6911705338,126280.84097548864,True,True,False
2015-06-03,172725.31495639062,146998.61886738136,126245.14888424221,True,True,False
2015-06-04,171325.50877570797,145862.7634736862,125072.58477750076,True,True,False
2015-06-05,170980.941100463,145673.4542414037,124831.84650329506,True,True,False
2015-06-08,169925.7025950253,144537.59884770855,123379.18705275356,True,True,False
2015-06-09,169871.86389576824,144253.63499928475,123277.58461153829,True,True,False
2015-06-10,171896.19898783244,146052.07270596875,124942.60116235296,True,True,False
2015-06-11,172423.81824055128,146430.6911705338,125201.6368231601,True,True,False
2015-06-12,171163.99267793688,174977.50262213047,139988.9298101089,True,True,False
2015-06-15,170377.9476687843,174220.51580568173,139454.43614019544,True,True,False
2015-06-16,171368.5797351136,175242.44800788752,140203.99423016454,True,True,False
2015-06-17,171659.3087111015,175469.54405282217,140365.9835620671,True,True,False
2015-06-18,173360.61160762355,177021.3670265421,141858.58231804665,True,True,False
2015-06-19,172359.21180144284,176075.13350598118,141182.22649093796,True,True,False
2015-06-22,173532.89544524602,147748.21908899525,126527.6357989666,True,True,False
2015-06-23,173662.1083234629,147937.76138417036,126398.26220387731,True,True,False
2015-06-24,172423.81824055128,146990.04990829484,125523.53662601026,True,True,False
2015-06-25,171885.43124798103,146610.96531794462,125428.6303339041,True,True,False
2015-06-26,171885.43124798103,146326.65187518194,123895.46700751533,True,True,False
2015-06-29,168245.93517820607,143009.6617096176,120813.3915634398,True,True,False
2015-06-30,168687.4125121137,143673.0597427305,121380.45850905956,True,True,False
2015-07-01,169968.77355443093,144810.31351378112,122158.6940056822,True,True,False
2015-07-02,169839.56067621405,144810.31351378112,122438.34638618442,True,True,False
2015-07-06,169344.2446430494,144431.2289234309,126316.88069004165,False,False,False
2015-07-07,170388.7154086357,145284.16925171888,127062.84652088836,False,False,False
2015-07-08,167502.96112845914,142630.5771192674,124742.06393603196,False,False,False
2015-07-09,167804.4578442985,142914.89056203005,124990.71921298085,False,False,False
2015-07-10,169936.47033487668,144999.85580895623,126814.19124393947,False,False,False
2015-07-13,171842.36028857544,146895.27876070727,128471.89309026545,False,False,False
2015-07-14,172596.10207817378,147653.4479414077,129134.97382879586,False,False,False
2015-07-15,172531.4956390653,147653.4479414077,129134.97382879586,False,False,False
2015-07-16,173845.15990093676,149075.015155221,130378.25021354036,False,False,False
2015-07-17,174060.51469796489,150212.26892627162,131372.87132133596,False,False,False
2015-07-20,174135.88887692473,150780.89581179695,131870.18187523377,False,False,False
2015-07-21,173446.75352643483,150307.04007385919,131455.75641365227,False,False,False
2015-07-22,173112.95359104124,149548.87089315875,130792.67567512188,False,False,False
2015-07-23,172122.32152471194,148601.15941728323,129963.82475195886,False,False,False
2015-07-24,170324.1089695273,147084.82105588238,128637.66327489805,False,False,False
2015-07-27,169355.0123829008,146326.65187518194,127974.58253636767,False,False,False
2015-07-28,171411.6506945192,148222.074826933,129632.28438269367,False,False,False
2015-07-29,172628.405297728,148885.47286004588,130212.48002890777,False,False,False
2015-07-30,172649.9407774308,148980.24400763345,130295.36512122408,False,False,False
2015-07-31,172359.21180144284,148695.93056487077,130046.70984427516,False,False,False
2015-08-03,171820.82480887257,148316.84597452055,129715.16947500996,False,False,False
2015-08-04,171487.024873479,147937.76138417036,129383.62910574477,False,False,False
2015-08-05,172079.25056530634,148222.074826933,129632.28438269367,False,False,False
2015-08-06,170765.5863034349,146705.7364655322,128306.12290563286,False,False,False
2015-08-07,170324.1089695273,146421.4230227695,128057.46762868395,False,False,False
2015-08-10,172488.4246796597,148127.30367934547,129549.39929037736,False,False,False
2015-08-11,170905.56692150317,146705.7364655322,128306.12290563286,False,False,False
2015-08-12,171056.31527942285,146895.27876070727,128471.89309026545,False,False,False
2015-08-13,170862.49596209754,146800.50761311973,128389.00799794917,False,False,False
2015-08-14,171530.0958328847,147179.59220346995,128720.54836721436,False,False,False
2015-08-17,172488.4246796597,148316.84597452055,129715.16947500996,False,False,False
2015-08-18,171960.80542694085,147842.99023658282,129300.74401342846,False,False,False
2015-08-19,170593.30246581242,146895.27876070727,128471.89309026545,False,False,False
2015-08-20,167018.4128351459,143293.97515238024,125322.25958224606,False,False,False
2015-08-21,161720.6848282545,138271.10433023993,120929.34968948213,False,False,False
2015-08-24,155130.82803919454,132584.83547498676,115956.24415050412,False,False,False
2015-08-25,153246.47356519866,131542.35285152367,115044.50813502482,False,False,False
2015-08-26,159330.24658124257,137228.62170677687,120017.61367400283,False,False,False
2015-08-27,163217.40066759987,140450.84072475368,122835.70681275704,False,False,False
2015-08-28,163217.40066759987,140545.6118723412,122918.59190507335,False,False,False
2015-08-31,161785.29126736298,139029.27351094037,121592.43042801254,False,False,False
2015-09-01,156842.89867556797,135143.6564598507,114422.66583438507,True,True,False
2015-09-02,160008.6141918811,137892.0197398897,116943.2316982151,True,True,False
2015-09-03,160137.827070098,137702.4774447146,117287.80416498064,True,True,False
2015-09-04,157650.4791644234,135901.8256405511,115636.08838696858,True,True,False
2015-09-08,161688.38160870032,139218.81580611545,119062.18610562771,True,True,False
2015-09-09,159513.29815871644,137418.16400195195,117419.53463141108,True,True,False
2015-09-10,160407.0205663831,138365.87547782747,118061.8275226633,True,True,False
2015-09-11,161074.62043717023,139313.58695370302,118640.70130292923,True,True,False
2015-09-14,160471.62700549152,138650.18892059015,118401.33617600752,True,True,False
2015-09-15,162560.56853666413,140356.0695771661,119967.06756039575,True,True,False
2015-09-16,163981.9101970496,141398.55220062917,120722.5300027627,True,True,False
2015-09-17,163551.2006029934,141398.55220062917,120423.4893934152,True,True,False
2015-09-18,160902.33659954774,139408.35810129056,118599.82033594637,True,True,False
2015-09-21,161731.45256810592,139882.21383922835,118821.28270150891,True,True,False
2015-09-22,159620.97555723053,138176.3331826524,116983.6842344209,True,True,False
2015-09-23,159341.01432109397,137892.0197398897,116517.3257282609,True,True,False
2015-09-24,158845.69828792938,137323.3928543644,116200.81854222679,True,True,False
2015-09-25,158738.0208894153,136659.99482125154,116088.30714506857,True,True,False
2015-09-28,154743.18940454395,132679.60662257433,113057.16334862584,True,True,False
2015-09-29,154818.5635835038,132395.29317981168,113207.01466875171,True,True,False
2015-09-30,157790.45978249164,135238.42760743824,116166.97585053486,True,True,False
2015-10-01,158231.93711639923,135807.05449296357,116166.31381963061,True,True,False
2015-10-02,160525.46570474858,137986.79088747728,118016.95769614953,True,True,False
2015-10-05,163400.45224507374,140071.75613440343,119917.5507203945,True,True,False
2015-10-06,162862.06525250347,139313.58695370302,119710.01001055566,True,True,False
2015-10-07,164218.80047378052,140261.29842957854,120905.08198626427,True,True,False
2015-10-08,165672.44535372022,169631.1605388747,137375.94101700836,True,True,False
2015-10-09,165758.58727253147,169363.96474144625,136696.97187167726,True,True,False
2015-10-12,165952.40658985678,169363.96474144625,136767.23046738782,True,True,False
2015-10-13,164854.09712501345,140223.86032299855,120556.45798592814,True,True,False
2015-10-14,164078.81985571227,139565.09050940056,121574.3660142372,True,True,False
2015-10-15,166544.63228168403,141917.83984367904,123148.72119970089,True,True,False
2015-10-16,167212.23215247117,142576.60965727703,123694.86925106616,True,True,False
2015-10-19,167406.05146979645,143047.15952413273,123981.45666915042,True,True,False
2015-10-20,167190.6966727684,142576.60965727703,123633.01230260506,True,True,False
2015-10-21,166113.92268762787,141729.6198969368,123269.13734388447,True,True,False
2015-10-22,168978.14148810165,144176.47920458642,126024.81072562796,True,True,False
2015-10-23,170819.42500269192,146246.8986187515,127686.99903388803,True,True,False
2015-10-26,170421.01862818992,146152.78864538035,126691.2403414168,True,True,False
2015-10-27,170087.2186927964,146058.6786720092,126340.55261312569,True,True,False
2015-10-28,172057.71508560353,147470.3282725763,127580.29920589286,True,True,False
2015-10-29,172003.8763863465,148034.98811280317,126618.16658422697,True,True,False
2015-10-30,171131.68945838267,147470.3282725763,126643.62123385318,True,True,False
2015-11-02,173156.02455044686,149164.30779325683,127998.78328365315,True,True,False
2015-11-03,173705.1792828685,149728.96763348367,128715.5893324106,True,True,False
2015-11-04,173209.8632497039,149352.52773999912,128832.70772385558,True,True,False
2015-11-05,172994.50845267577,149070.19781988568,127409.49906769086,True,True,False
2015-11-06,172929.90201356736,148787.86789977227,128213.09518982653,True,True,False
2015-11-09,171303.97329600516,147376.21829920518,127070.55345336247,True,True,False
2015-11-10,171627.0054915473,147376.21829920518,126301.77993383484,True,True,False
2015-11-11,170980.941100463,146999.7784057206,126118.4486696724,True,True,False
2015-11-12,168687.4125121137,145211.68891166896,124553.99052294945,True,True,False
2015-11-13,166738.45159900934,143141.26949750388,122962.49046932362,True,True,False
2015-11-16,169301.17368364378,145023.4689649267,124568.36672413185,True,True,False
2015-11-17,169085.81888661569,145211.68891166896,125146.04340589145,True,True,False
2015-11-18,171810.0570690212,147658.54821931862,126699.9408483548,True,True,False
2015-11-19,171723.91515020994,147658.54821931862,127071.07497807156,True,True,False
2015-11-20,172359.21180144284,148693.75792640113,127809.3855997724,True,True,False
2015-11-23,172165.39248411756,148505.53797965884,127161.02066337853,True,True,False
2015-11-24,172434.58598040268,148505.53797965884,127664.71133776531,True,True,False
2015-11-25,172380.74728114568,148599.64795302998,127785.65656770775,True,True,False
2015-11-27,172553.03111876815,148693.75792640113,128074.48734753777,True,True,False
2015-11-30,171853.1280284268,147658.54821931862,128149.12945937974,True,True,False
2015-12-01,173522.12770539464,148976.08784651457,129435.83527471649,True,True,False
2015-12-02,171680.84419080435,147658.54821931862,128537.94132354234,True,True,False
2015-12-03,169247.33498438678,145305.79888504007,126945.91974520746,True,True,False
2015-12-04,172563.79885861956,148317.31803291658,129384.53146946522,True,True,False
2015-12-07,171476.25713362763,147376.21829920518,128466.72020262433,True,True,False
2015-12-08,170388.7154086357,146999.7784057206,127815.05751349188,True,True,False
2015-12-09,169107.3543663185,145305.79888504007,126389.21477010744,True,True,False
2015-12-10,169494.99300096906,145682.23877852465,126766.9481858263,True,True,False
2015-12-11,166113.92268762787,142576.60965727703,124163.2044565611,True,True,False
2015-12-14,167115.32249380855,143423.5994176173,124253.153922393,True,True,False
2015-12-15,168859.69634973616,144364.6991513287,125506.7514111086,True,True,False
2015-12-16,171228.59911704532,146435.1185654938,126992.20774120836,True,True,False
2015-12-17,168730.4834715193,172553.50762162826,140433.47740018216,True,True,False
2015-12-18,165597.07117476038,169550.26305187534,138162.74789473848,True,True,False
2015-12-21,167061.4837945515,170880.81444353805,139701.04944490048,True,True,False
2015-12-22,168568.96737374825,172553.50762162826,140805.96764638153,True,True,False
2015-12-23,170593.30246581242,175100.56314281118,142434.64993395997,True,True,False
2015-12-24,170291.80574997308,174606.3583401936,142302.91809777927,True,True,False
2015-12-28,169925.7025950253,174074.13778352848,141900.59089100905,True,True,False
2015-12-29,171820.82480887257,175746.83096161875,143336.07571393272,True,True,False
2015-12-30,170560.9992462582,174454.29532400356,142167.54812549922,True,True,False
2015-12-31,168870.46408958762,172933.66516210337,140590.47771380612,True,True,False
2016-01-04,166501.56132227843,170766.76718139552,138924.98408711868,True,True,False
2016-01-05,166803.0580381178,171413.03500020312,138834.7100027637,True,True,False
2016-01-06,164681.81328739098,169018.04249521028,136340.77137581745,True,True,False
2016-01-07,160676.21406266824,165026.38832022215,132791.72045065372,True,True,False
2016-01-08,158964.1434262948,163087.58486379936,131052.33370369005,True,True,False
2016-01-11,158985.67890599763,163201.6321259419,131506.76262852602,True,True,False
2016-01-12,160310.11090772046,164342.10474736706,132495.2543374894,True,True,False
2016-01-13,156379.88586195753,160806.63962094902,129298.7209746557,True,True,False
2016-01-14,158921.0724668892,163733.85268260696,132007.3705440559,True,True,False
2016-01-15,155518.46667384516,160008.30878595143,127761.6027136375,True,True,False
2016-01-19,155690.75051146763,160312.43481833147,128202.0873219907,True,True,False
2016-01-20,153860.23473672871,157803.39505119607,126960.16019663792,True,True,False
2016-01-21,154613.97652632714,158715.77314833621,128031.47521437432,True,True,False
2016-01-22,157779.69204264024,161262.8286695191,130214.07984758148,True,True,False
2016-01-25,155443.09249488532,158715.77314833621,128353.11164732017,True,True,False
2016-01-26,157553.5695057607,161186.7971614241,130048.11415268177,True,True,False
2016-01-27,155766.12469042744,160388.46632642648,129136.39715703198,True,True,False
2016-01-28,156606.00839883706,161072.74989928157,129280.98646574988,True,True,False
2016-01-29,160579.30440400555,165292.4985985547,133301.11772188643,True,True,False
2016-02-01,160428.55604608593,164912.34105807965,133293.2556714523,True,True,False
2016-02-02,157521.26628620652,161833.06498023166,130413.49666990219,True,True,False
2016-02-03,158447.29191342735,162745.44307737183,130966.64002540943,True,True,False
2016-02-04,158641.11123075266,163353.69514213188,132133.51743872158,True,True,False
2016-02-05,155658.4472919134,161681.00196404167,129688.46115094693,True,True,False
2016-02-08,153515.66706148375,160160.37180214145,127959.51019363079,True,True,False
2016-02-09,153569.5057607408,160008.30878595143,127699.06146474765,True,True,False
2016-02-10,153461.82836222678,159552.11973738132,126855.16280567872,True,True,False
2016-02-11,151502.099709271,157157.12723238848,125272.5111936472,True,True,False
2016-02-12,154603.2087864757,160540.5293426165,127895.89706550179,True,True,False
2016-02-16,157198.23409066437,162821.47458546684,144014.598410046,False,False,False
2016-02-17,159771.72391515019,165140.43558236468,146065.7052284006,False,False,False
2016-02-18,159093.35630451166,164912.34105807965,145863.95701675917,False,False,False
2016-02-19,159061.05308495747,164532.1835176046,145527.70999735675,False,False,False
2016-02-22,161333.04619360395,166775.11300640742,147511.56741183088,False,False,False
2016-02-23,159308.71110153975,164570.19927165212,145561.334699297,False,False,False
2016-02-24,160062.45289113815,165026.38832022215,145964.83112257984,False,False,False
2016-02-25,161989.87832453966,167079.23903878746,147780.56502735283,False,False,False
2016-02-26,161688.38160870032,166547.01848212242,147309.81920018946,False,False,False
2016-02-29,160245.50446861202,165140.43558236468,146065.7052284006,False,False,False
2016-03-01,164186.49725422633,168751.93221687773,149260.05191272334,False,False,False
2016-03-02,164886.40034456766,170006.4521004454,150369.66707675124,False,False,False
2016-03-03,165489.39377624635,170766.76718139552,151042.16111555605,False,False,False
2016-03-04,166027.7807688166,171222.95622996558,151445.65753883892,False,False,False
2016-03-07,166200.0646064391,171907.2398028207,152050.90217376323,False,False,False
2016-03-08,164337.245612146,170158.51511663542,150504.16588451221,False,False,False
2016-03-09,165241.73575966404,171108.90896782308,137360.1379177806,True,False,True
2016-03-10,165327.87767847526,170918.83019758554,137192.27820529055,True,False,True
2016-03-11,168009.04490147516,173579.93298091093,140228.8661205767,True,False,True
2016-03-14,167761.38688489285,173047.71242424587,139695.2189901303,True,False,True
2016-03-15,167546.03208786473,172819.61789996084,138820.61807949792,True,False,True
2016-03-16,168547.43189404544,173427.8699647209,140131.4168251145,True,False,True
2016-03-17,169613.43813933455,174796.4371104311,141527.5484080259,True,False,True
2016-03-18,170237.96705071602,175480.72068328623,142329.7612985578,True,False,True
2016-03-21,170507.16054700117,175632.78369947625,142360.1816776912,True,False,True
2016-03-22,170410.2508883385,175442.7049292387,142292.82563917318,True,False,True
2016-03-23,169322.7091633466,174340.24806186103,140132.46440839797,True,False,True
2016-03-24,169204.26402498112,174264.21655376605,140125.61839681925,True,False,True
2016-03-28,169322.7091633466,174112.153537576,139877.33960306394,True,False,True
2016-03-29,170948.63788090876,175290.64191304872,140804.42166487686,True,False,True
2016-03-30,171659.3087111015,176126.98850209382,141499.64421241265,True,False,True
2016-03-31,171260.90233659954,147453.70425183803,126483.85940767208,True,False,True
2016-04-01,172359.21180144284,148700.8728629466,126874.20119042679,True,False,True
2016-04-04,171810.0570690212,148413.06472192155,126149.43382644435,True,False,True
2016-04-05,170065.68321309355,146974.02401679626,124882.98757076697,True,False,True
2016-04-06,171917.73446753525,148988.68100397164,126773.87895575534,True,False,True
2016-04-07,169893.39937547105,147261.8321578213,125136.28189895288,True,False,True
2016-04-08,170356.41218908151,147357.76820482968,125776.40255599355,True,False,True
2016-04-11,169914.9348551739,146782.15192277957,125842.33474495019,True,False,True
2016-04-12,171562.39905243888,148125.25658089647,128000.9975738138,True,False,True
2016-04-13,173285.23742866374,149468.36123901344,129721.85909066441,True,False,True
2016-04-14,173263.7019489609,149468.36123901344,129620.81128113247,True,False,True
2016-04-15,173069.88263163558,149276.48914499674,129148.85090229771,True,False,True
2016-04-18,174329.70819425,150139.9135680719,130026.57585393624,True,False,True
2016-04-19,174857.32744696888,149756.16938003848,130581.33148210387,True,False,True
2016-04-20,174997.30806503713,149852.10542704683,131255.13474232185,True,False,True
2016-04-21,174028.21147841067,177553.87698144806,146262.62063520815,True,False,True
2016-04-22,174071.2824378163,177892.0748423651,147111.02954320895,True,False,True
2016-04-25,173791.32120167976,177516.29944134617,146144.92459021142,True,False,True
2016-04-26,174038.97921826204,178004.80746267078,147172.23805032854,True,False,True
2016-04-27,174405.08237320985,178906.66842511622,148456.4126089916,True,False,True
2016-04-28,172832.99235490468,177328.4117408367,146545.55823732182,True,False,True
2016-04-29,171853.1280284268,176201.0855377799,145414.61562554762,True,False,True
2016-05-02,173231.39872940668,177441.1443611424,146071.68901302424,True,False,True
2016-05-03,171745.45062991278,175787.73259665904,143860.61067555594,True,False,True
2016-05-04,170733.28308388067,174622.82885350037,142417.39956807616,True,False,True
2016-05-05,170722.5153440293,174585.25131339845,142380.78003349862,True,False,True
2016-05-06,171336.27651555938,175073.7593347231,142435.24869991106,True,False,True
2016-05-09,171519.32809303325,174810.71655400985,141530.34527009734,True,False,True
2016-05-10,173640.57284376008,176990.21387991967,143670.33783590986,True,False,True
2016-05-11,172014.6441261979,175862.88767686285,143155.54248203622,True,False,True
2016-05-12,172122.32152471194,176013.19783727042,142766.95336483282,True,False,True
2016-05-13,170528.69602670398,174247.05345248143,141127.00603324128,True,False,True
2016-05-16,172229.998923226,175862.88767686285,142750.18786568334,True,False,True
2016-05-17,170711.74760417786,174434.94115299088,142169.46303544767,True,False,True
2016-05-18,170679.44438462367,174697.98393370415,142150.13335652289,True,False,True
2016-05-19,170130.28965220202,174209.4759123795,141820.0331888219,True,False,True
2016-05-20,171196.29589749113,175036.18179462117,142836.39971958895,True,False,True
2016-05-23,170970.1733606116,174547.67377329656,142668.44908075847,True,False,True
2016-05-24,173134.48907074402,176652.0160190026,144621.74155680518,True,False,True
2016-05-25,174318.9404543986,178192.69516318027,146317.60667418805,True,False,True
2016-05-26,174394.31463335847,177929.652382467,142569.80993851606,True,True,True
2016-05-27,175083.44998384838,178718.78072460677,143263.94853684914,True,True,True
2016-05-31,174868.09518682028,178343.00532358783,143342.6708805936,True,True,True
2016-06-01,175201.89512221384,178793.93580481055,143755.43569251074,True,True,True
2016-06-02,175729.51437493268,179169.7112058295,144031.38622954887,True,True,True
2016-06-03,175212.66286206525,178606.0481043011,143543.3593709832,True,True,True
2016-06-06,176063.3143103262,179733.3743073579,144604.42645201724,True,True,True
2016-06-07,176375.578766017,180033.99462817304,145256.24135545455,True,True,True
2016-06-08,176957.0367179929,180747.96789010905,145594.6606511209,True,True,True
2016-06-09,176687.84322170774,180334.61494898822,145022.14418026616,True,True,True
2016-06-10,174986.5403251857,179019.40104542192,142918.20210683253,True,True,True
2016-06-13,173672.8760633143,177441.1443611424,141767.04745486326,True,True,True
2016-06-14,173285.23742866374,177065.36896012345,141335.02925907128,True,True,True
2016-06-15,173037.57941208137,176727.1710992064,141230.04712109076,True,True,True
2016-06-16,173597.50188435445,177403.56682104047,141359.5947391959,True,True,True
2016-06-17,172951.43749327015,177328.4117408367,144660.14190699416,True,True,False
2016-06-20,174060.51469796489,178230.27270328216,145970.5994819818,True,True,False
2016-06-21,174555.83073112954,178869.09088501436,146551.66556202152,True,True,False
2016-06-22,174265.10175514157,178606.0481043011,146348.51999125115,True,True,False
2016-06-23,176515.55938408527,181123.743291128,148959.52429198253,True,True,False
2016-06-24,170281.03801012167,174810.71655400985,142557.853507576,True,True,False
2016-06-27,167083.01927425427,171879.66842606213,139487.2811056848,True,True,False
2016-06-28,170162.5928717562,174622.82885350037,142246.09861970274,True,True,False
2016-06-29,173102.1858511898,177629.03206165187,144848.4519980759,True,True,False
2016-06-30,175438.78539894475,180560.08018959954,147305.05857926895,True,True,False
2016-07-01,175794.12081404112,180597.6577297015,146956.93597306646,True,True,False
2016-07-05,174566.5984709809,179056.97858552382,145337.29845518642,True,True,False
2016-07-06,175600.30149671584,180334.61494898822,146095.96830608498,True,True,False
2016-07-07,175481.85635835037,179770.9518474598,146344.78635384314,True,True,False
2016-07-08,178141.48810164744,182326.2245743886,149072.50563768833,True,True,False
2016-07-11,178766.01701302896,182701.9999754075,149959.1347027762,True,True,False
2016-07-12,180025.84257564336,184054.7914190757,151249.47996442404,True,True,False
2016-07-13,179961.23613653492,184580.87698050222,151541.74699327938,True,True,False
2016-07-14,181005.70690212122,185670.6256434571,152567.54936753758,True,True,False
2016-07-15,180736.5134058361,185520.31548304955,152337.44941704944,True,True,False
2016-07-18,181253.36491870356,185745.7807236609,153985.07306338495,True,True,False
2016-07-19,181059.54560137828,185595.47056325333,153693.57579627752,True,True,False
2016-07-20,181791.7519112738,186422.176445495,154963.53282072276,True,True,False
2016-07-21,181102.61656078385,185670.6256434571,154093.67136224592,True,True,False
2016-07-22,181942.50026919346,186572.48660590258,154904.20559295733,True,True,False
2016-07-25,181501.02293528584,185708.20318355903,154692.79803050807,True,True,False
2016-07-26,181490.25519543447,185971.24596427227,156413.30242092823,True,True,False
2016-07-27,181371.81005706903,185294.8502424382,155847.06447508256,True,True,False
2016-07-28,181576.39711424572,185106.96254192872,155675.64893430145,True,True,False
2016-07-29,181899.42930978787,185370.00532264195,155589.35630857633,True,True,False
2016-08-01,181684.07451275975,184543.2994404003,155301.72696806106,True,True,False
2016-08-02,180553.4618283622,183566.28339775107,154038.46670256788,True,True,False
2016-08-03,181070.31334122966,184355.41173989084,154604.05815760785,True,True,False
2016-08-04,181253.36491870356,184392.98927999273,155019.00022150678,True,True,False
2016-08-05,182707.00979864324,186159.13366478175,156619.8000439219,True,True,False
2016-08-08,182620.86787983202,186347.02136529124,156721.0514202779,True,True,False
2016-08-09,182739.31301819748,186309.44382518932,157077.95189252813,True,True,False
2016-08-10,182265.53246473565,185783.3582637628,153297.47386286253,True,True,True
2016-08-11,183170.02261225367,186647.64168610636,154295.394549491,True,True,True
2016-08-12,182986.9710347798,186309.44382518932,154214.9713262696,True,True,True
2016-08-15,183514.59028749866,186722.79676631014,155259.4967840349,True,True,True
2016-08-16,182567.02918057502,186008.8235043742,154643.7179757934,True,True,True
2016-08-17,182868.52589641433,186422.176445495,154762.6501086842,True,True,True
2016-08-18,183299.23549047054,186985.83954702338,155767.64500965943,True,True,True
2016-08-19,183051.5774738882,186497.33152569877,155664.6522688702,True,True,True
2016-08-22,183030.0419941854,186384.59890539313,155429.89276030497,True,True,True
2016-08-23,183363.84192957895,186572.48660590258,156069.92212686833,True,True,True
2016-08-24,182480.88726176374,186196.71120488364,155163.19145953926,True,True,True
2016-08-25,182330.13890384408,185933.66842417035,155241.55936270952,True,True,True
2016-08-26,181985.5712285991,185520.31548304955,155324.28830842217,True,True,True
2016-08-29,182911.59685581995,186760.37430641206,156223.9872314856,True,True,True
2016-08-30,182567.02918057502,186722.79676631014,156202.66483882163,True,True,True
2016-08-31,182114.78410681596,186347.02136529124,155695.99050666997,True,True,True
2016-09-01,182082.48088726174,186121.55612467983,155781.1715596446,True,True,True
2016-09-02,182890.0613761171,186873.1069267177,156356.10004310549,True,True,True
2016-09-06,183471.519328093,187248.88232773665,156643.2868783783,True,True,True
2016-09-07,183460.75158824163,187136.14970743097,156575.45910428723,True,True,True
2016-09-08,183030.0419941854,156971.26651344888,142972.64578864412,True,True,True
2016-09-09,178615.26865510925,152916.6581533229,138862.47414521212,True,True,True
2016-09-12,181167.2229998923,184240.9113921643,154825.42808023785,True,True,True
2016-09-13,178582.96543555506,181219.34552401985,152178.01288538374,True,True,True
2016-09-14,178475.288037041,180585.18972453277,151996.11237392813,True,True,True
2016-09-15,180305.8038117799,182263.83742905746,154119.05919942114,True,True,True
2016-09-16,179605.90072143858,181517.771782602,153600.25423981517,True,True,True
2016-09-19,179659.73942069558,181517.771782602,153658.17823503754,True,True,True
2016-09-20,179670.507160547,181443.16521795653,153325.06350297318,True,True,True
2016-09-21,181694.84225261118,183382.93589874054,155314.34499202648,True,True,True
2016-09-22,182782.38397760308,184203.60810984153,156118.4766176868,True,True,True
2016-09-23,181802.5196511252,183345.63261641777,154956.52674851342,True,True,True
2016-09-26,180348.87477118554,181666.98491189312,153445.5799300582,True,True,True
2016-09-27,181457.95197588025,182897.99322854457,154741.86156181814,True,True,True
2016-09-28,182437.81630235814,184054.39498055048,156063.4551327338,True,True,True
2016-09-29,180714.9779261333,182301.14071138023,155402.66264531884,True,True,True
2016-09-30,182168.622806073,183755.96872196827,157127.75548870311,True,True,True
2016-10-03,181587.1648540971,183308.32933409503,156634.23319929585,True,True,True
2016-10-04,180747.28114568754,182263.83742905746,155897.13967191393,True,True,True
2016-10-05,181501.02293528584,183606.7555926772,157463.99471485819,True,True,True
2016-10-06,181705.60999246256,183532.14902803165,157565.4940668697,True,True,True
2016-10-07,181038.01012167544,183047.20635783565,157092.28142677931,True,True,True
2016-10-10,181877.89383008506,184054.39498055048,157774.15832354032,True,True,True
2016-10-11,179670.507160547,182040.0177351208,155294.6000215552,True,True,True
2016-10-12,179896.62969742648,182077.3210174436,155207.77219319055,True,True,True
2016-10-13,179315.1717454506,181331.25537098816,154114.12327032868,True,True,True
2016-10-14,179358.24270485624,181778.89475886142,154539.5575789722,True,True,True
2016-10-17,178830.62345213737,181219.34552401985,153879.1703401969,True,True,True
2016-10-18,179885.86195757508,182040.0177351208,155028.7412039324,True,True,True
2016-10-19,180381.17799073973,182413.0505583485,155317.3916624111,True,True,True
2016-10-20,180090.44901475176,181928.10788815253,155461.2167354831,True,True,True
2016-10-21,180133.51997415742,181666.98491189312,155145.13803559044,True,True,True
2016-10-24,180865.72628405297,182226.5341467347,155874.66015775892,True,True,True
2016-10-25,180348.87477118554,182226.5341467347,155524.59514558906,True,True,True
2016-10-26,179950.46839668354,182599.56696996238,155814.37187007235,True,True,True
2016-10-27,179476.6878432217,182487.65712299407,155677.79642454794,True,True,True
2016-10-28,178905.9976310972,181853.50132350696,154976.8681181309,True,True,True
2016-10-31,178905.9976310972,181816.1980411842,154991.71742497772,True,True,True
2016-11-01,177656.93980833422,180846.31270079216,154069.7569169768,True,True,True
2016-11-02,176483.25616453108,179913.73064272286,153014.46402710682,True,True,True
2016-11-03,175794.12081404112,179204.96827859024,152503.11701175076,True,True,True
2016-11-04,175557.2305373102,178981.14858465362,152172.6675712679,True,True,True
2016-11-07,179412.08140411327,182748.7800992535,155838.03486968196,True,True,True
2016-11-08,180230.42963282004,183532.14902803165,156279.73288447558,True,True,True
2016-11-09,182157.8550662216,186591.01817849887,158651.0521956006,True,True,True
2016-11-10,182577.7969204264,188642.69870625122,159607.74740081854,True,True,True
2016-11-11,182243.99698503283,188120.45275373245,160143.51098292353,True,True,True
2016-11-14,182265.53246473565,189053.0348118017,160862.20284035907,True,True,True
2016-11-15,183740.71282437813,190545.16610471252,162719.74543036844,True,True,True
2016-11-16,183428.44836868736,189575.28076432052,165810.40497906785,True,False,True
2016-11-17,184300.6352966512,190134.82999916206,166424.0491195445,True,False,True
2016-11-18,183977.6031011091,189799.10045825713,166344.64938458102,True,False,True
2016-11-21,185334.33832238612,190992.8054925858,167971.761657556,True,False,True
2016-11-22,185668.13825777968,191403.14159813628,168158.92228974457,True,False,True
2016-11-23,185840.42209540217,191776.17442136395,168827.60798605686,True,False,True
2016-11-25,186583.3961451491,192634.14991478767,169174.71875674173,True,False,True
2016-11-28,185700.4414773339,191776.17442136395,167870.38343218257,True,False,True
2016-11-29,185991.17045332183,191962.69083297782,167507.0710317432,True,False,True
2016-11-30,185571.22859911702,192373.02693852832,169722.26376372727,True,False,True
2016-12-01,184849.79002907284,193044.48602033817,170124.43000845285,True,False,True
2016-12-02,184979.00290728972,192746.059761756,170034.00665229664,True,False,True
2016-12-05,186034.24141272745,193492.1254082114,171176.71106967202,True,False,True
2016-12-06,186691.07354366317,194424.70746628067,172329.21188954293,True,False,True
2016-12-07,189049.2085711209,196961.33066422908,174565.93052434828,True,False,True
2016-12-08,189544.52460428554,197297.06020513404,175294.2874481336,True,False,True
2016-12-09,190707.4405082373,198453.46195713992,175958.9458044534,True,False,True
2016-12-12,190492.08571120922,198789.19149804485,175405.63785501747,True,False,True
2016-12-13,191794.98223322924,199908.289967728,176308.409266496,True,False,True
2016-12-14,190212.12447507266,198117.73241623497,174370.71521217472,True,False,True
2016-12-15,190912.027565414,199311.43745056365,175397.50398440316,True,False,True
2016-12-16,190588.99536987185,199348.74073288642,175146.62097609023,True,False,True
2016-12-19,191019.70496392806,199759.0768384369,175382.4674896231,True,False,True
2016-12-20,191751.9112738236,200467.8392025695,176083.38064435625,True,False,True
2016-12-21,191224.29202110475,199908.289967728,175761.77176226606,True,False,True
2016-12-22,190987.40174437384,199908.289967728,175566.0957171491,True,False,True
2016-12-23,191148.9178421449,200094.80637934184,175852.66258661757,True,False,True
2016-12-27,191622.69839560674,200355.9293556012,176280.0112948461,True,False,True
2016-12-28,190104.44707655863,198751.8882157221,174444.7810523943,True,False,True
2016-12-29,190072.14385700438,198639.9783687538,174021.71058112517,True,False,True
2016-12-30,189415.31172606867,198155.03569855774,173563.59113813174,True,False,True
2017-01-03,190728.97598794012,199609.86370914578,175361.94670734392,True,False,True
2017-01-04,191859.58867233765,200244.01950863292,176427.68465899272,True,False,True
2017-01-05,191708.84031441796,199609.86370914578,175997.95996544813,True,False,True
2017-01-06,192462.58210401636,199833.6834030824,176257.06581353306,True,False,True
2017-01-09,191848.82093248624,198863.7980626904,175079.89537794594,True,False,True
2017-01-10,191827.28545278346,198677.2816510765,175217.33966691443,True,False,True
2017-01-11,192365.6724453537,199572.560426823,176123.27988669777,True,False,True
2017-01-12,191945.7305911489,198901.10134501316,175248.1243198844,True,False,True
2017-01-13,192322.60148594808,199199.5276035953,175615.3529385263,True,False,True
2017-01-17,191633.46613545815,198080.42913391223,174303.48372534622,True,False,True
2017-01-18,192042.64024981152,198229.64226320328,174584.96389363578,True,False,True
2017-01-19,191396.57585872724,197595.4864637162,173878.00247324826,True,False,True
2017-01-20,192021.10477010874,167506.50989706453,157010.81584303474,True,False,True
2017-01-23,191568.8596963497,167506.50989706453,156686.22529362826,True,False,True
2017-01-24,192796.38203940992,168404.4006588713,158145.28007627168,True,False,True
2017-01-25,194400.77527726928,169900.88526188265,159852.1159217077,True,False,True
2017-01-26,194250.02691934962,169801.11962168186,159697.20061204123,True,False,True
2017-01-27,193970.06568321303,169601.58834128035,159306.2431322545,True,False,True
2017-01-30,192796.38203940992,168504.16629907207,157813.28878493063,True,False,True
2017-01-31,192796.38203940992,168504.16629907207,157715.90053909647,True,False,True
2017-02-01,192817.91751911273,169402.05706087884,158428.41367962325,True,False,True
2017-02-02,192904.05943792398,169501.8227010796,158291.17117741992,True,False,True
2017-02-03,194336.16883816084,170399.71346288637,159685.31200556163,True,False,True
2017-02-06,193926.99472380747,170200.18218248486,159197.0147593691,True,False,True
2017-02-07,193970.06568321303,170699.01038348864,159030.1900663252,True,False,True
2017-02-08,194217.7236997954,171098.07294429163,159098.00304695134,True,False,True
2017-02-09,195326.80090449014,171896.19806589768,160353.48302517433,True,False,True
2017-02-10,196112.8459136427,172594.55754730295,161194.35032192818,True,False,True
2017-02-13,197157.316679229,173392.682668909,161979.16430762608,True,False,True
2017-02-14,197975.6649079358,173891.51086991274,162688.78534766103,True,False,True
2017-02-15,198977.06471411648,174988.93291212103,163597.49332757152,True,False,True
2017-02-16,198826.31635619682,174789.40163171952,162914.39188718027,True,False,True
2017-02-17,199127.81307203617,175387.99547292403,163210.86707288987,True,False,True
2017-02-21,200301.4967158393,176385.6518749316,164175.65606638681,True,False,True
2017-02-22,200204.5870571767,176285.88623473086,163550.08168982793,True,False,True
2017-02-23,200323.03219554212,176086.3549543293,163288.96597030983,True,False,True
2017-02-24,200559.92247227303,176585.1831553331,163105.92837131393,True,False,True
2017-02-27,200850.651448261,176884.48007593537,163781.62214413795,True,False,True
2017-02-28,200269.19349628512,176485.41751513237,163064.64191596405,True,False,True
2017-03-01,203101.10907720466,178780.02723974967,170128.7865704994,False,False,False
2017-03-02,201916.65769355014,178081.6677583444,169464.22099795836,False,False,False
2017-03-03,202024.33509206417,178181.43339854514,169559.15893689278,False,False,False
2017-03-06,201399.80618068267,177782.37083774214,169179.40718115508,False,False,False
2017-03-07,200786.04500915253,177483.07391713987,168894.59336435175,False,False,False
2017-03-08,200366.10315494778,177283.54263673836,168704.7174864829,False,False,False
2017-03-09,200581.45795197587,177483.07391713987,168894.59336435175,False,False,False
2017-03-10,201281.3610423172,177981.90211814363,169369.28305902393,False,False,False
2017-03-13,201399.80618068267,178281.1990387459,169654.0968758272,False,False,False
2017-03-14,200721.43857004412,177882.13647794287,169274.34512008948,False,False,False
2017-03-15,202390.43824701195,179378.62108095418,170698.41420410594,False,False,False
2017-03-16,202045.87057176692,179079.3241603519,170413.60038730263,False,False,False
2017-03-17,201636.69645741358,178979.5585201512,170318.66244836824,False,False,False
2017-03-20,201432.1094002369,178979.5585201512,170318.66244836824,False,False,False
2017-03-21,198890.92279530526,177084.01135633688,168514.84160861405,False,False,False
2017-03-22,199300.09690965866,177682.60519754136,169084.46924222063,False,False,False
2017-03-23,199095.50985248198,177383.30827693915,168799.65542541735,False,False,False
2017-03-24,199030.9034133735,177383.30827693915,168799.65542541735,False,False,False
2017-03-27,198697.10347797995,177483.07391713987,168894.59336435175,False,False,False
2017-03-28,200172.2838376225,178580.49595934813,169938.9106926305,False,False,False
2017-03-29,200473.7805534618,179179.08980055267,170508.5383262371,False,False,False
2017-03-30,201012.16754603208,179179.08980055267,170508.5383262371,False,False,False
2017-03-31,200527.61925271884,179079.3241603519,170413.60038730263,False,False,False
2017-04-03,200279.96123613653,179079.3241603519,170413.60038730263,False,False,False
2017-04-04,200387.6386346506,179079.3241603519,170413.60038730263,False,False,False
2017-04-05,199773.87746312044,178680.26159954892,165027.98872297717,True,False,True
2017-04-06,200301.4967158393,178780.02723974967,165798.43381009306,True,False,True
2017-04-07,200118.44513836544,178879.7928799504,165736.50336705262,True,False,True
2017-04-10,200258.42575643372,178979.5585201512,165946.3381333335,True,False,True
2017-04-11,200010.7677398514,178680.26159954892,165741.4710467324,True,False,True
2017-04-12,199181.65177129317,178081.6677583444,164584.2902338851,True,False,True
2017-04-13,197857.21976957034,177283.54263673836,163347.15545052098,True,False,True
2017-04-17,199590.82588564657,178879.7928799504,164938.07043184226,True,False,True
2017-04-18,199041.67115322492,178680.26159954892,164399.46425099164,True,False,True
2017-04-19,198610.9615591687,178680.26159954892,164280.54932364667,True,False,True
2017-04-20,200236.8902767309,179977.2149221587,165700.57601488597,True,False,True
2017-04-21,199644.66458490363,179478.38672115494,164991.06706332412,True,False,True
2017-04-24,201776.67707548183,181174.40260456773,166859.7961249084,True,False,True
2017-04-25,202993.43167869063,182571.1215673783,168149.91305912516,True,False,True
2017-04-26,202842.68332077094,182371.59028697677,167985.0374384117,True,False,True
2017-04-27,203004.19941854203,183169.7154085828,167965.0653552878,True,False,True
2017-04-28,202616.56078389141,183469.01232918506,167728.22980808426,True,False,True
2017-05-01,203101.10907720466,184267.13745079105,168268.90424736848,True,False,True
2017-05-02,203165.71551631312,184666.2000115941,168394.81167093918,True,False,True
2017-05-03,202961.12845913644,183868.07488998806,168007.06715709213,True,False,True
2017-05-04,203154.9477764617,184167.37181059032,167787.22462830544,True,False,True
2017-05-05,203962.52826531706,184965.4969321963,172635.86292363456,False,False,False
2017-05-08,203973.29600516852,185165.02821259783,172822.09362797506,False,False,False
2017-05-09,203714.87024873475,185464.3251332001,173101.43968448578,False,False,False
2017-05-10,204091.74114353393,185264.7938527986,172915.20898014528,False,False,False
2017-05-11,203682.56702918056,185264.7938527986,172915.20898014528,False,False,False
2017-05-12,203359.53483363843,185564.09077340088,173194.55503665603,False,False,False
2017-05-15,204393.2378593733,186262.45025480617,173846.36250184776,False,False,False
2017-05-16,204360.93463981905,186362.2158950069,173939.477854018,False,False,False
2017-05-17,200732.20630989553,182970.18412818128,165696.14694372966,True,True,False
2017-05-18,201464.41261979108,184067.60617038957,167248.57034927007,True,True,False
2017-05-19,202713.47044255407,184865.73129199562,168439.60993016386,True,True,False
2017-05-22,203844.08312695165,186062.91897440463,169730.1217003748,True,True,False
2017-05-23,204242.48950145362,186262.45025480617,169702.34281111622,True,True,False
2017-05-24,204737.80553461824,187160.34101661295,170491.9405659003,True,True,False
2017-05-25,205696.13438139332,188557.05997942344,171723.6545743684,True,True,False
2017-05-26,205696.13438139332,188656.8256196242,171903.54132047933,True,True,False
2017-05-30,205502.315064068,188756.59125982499,172432.22134624742,True,True,False
2017-05-31,205459.24410466242,188856.3569000257,172410.59167227912,True,True,False
2017-06-01,207063.63734252183,190053.54458243478,173205.03974271365,True,True,False
2017-06-02,207709.7017336061,191350.49790504455,174450.64963526974,True,True,False
2017-06-05,207569.72111553783,191150.96662464304,174517.1876263516,True,True,False
2017-06-06,206977.49542371056,190452.60714323778,174281.10735723612,True,True,False
2017-06-07,207322.0630989555,190951.43534424156,175064.25734286229,True,True,False
2017-06-08,207397.43727791536,190851.66970404077,175907.50398987104,True,True,False
2017-06-09,207160.5470011844,188557.05997942344,172010.45518526787,True,True,False
2017-06-12,207074.40508237318,187858.70049801818,171216.32498707704,True,True,False
2017-06-13,208086.5726284053,189155.653820628,172368.92977784993,True,True,False
2017-06-14,207860.45009152577,188956.12254022653,171683.61589128143,True,True,False
2017-06-15,207440.50823732096,188457.29433922272,170799.701256157,True,True,False
2017-06-16,207494.346936578,188457.29433922272,175304.98738469149,False,False,False
2017-06-19,209195.6498331,190552.37278343856,177253.85172300728,False,False,False
2017-06-20,207828.14687197155,189454.95074123025,176233.0180219847,False,False,False
2017-06-21,207742.00495316033,190352.841503037,177068.24559554862,False,False,False
2017-06-22,207623.55981479486,190352.841503037,177068.24559554862,False,False,False
2017-06-23,207968.1274900398,190751.90406384005,177439.45785046593,False,False,False
2017-06-26,208032.73392914826,190253.0758628363,176975.44253181928,False,False,False
2017-06-27,206385.26973188322,188257.7630588212,175119.38125723286,False,False,False
2017-06-28,208205.01776677073,190153.3102226355,176882.63946808994,False,False,False
2017-06-29,206406.80521158606,187559.40357741594,174469.7598111276,False,False,False
2017-06-30,206751.372886831,187858.70049801818,174748.16900231552,False,False,False
2017-07-03,207214.38570044146,187060.57537641216,174005.74449248097,False,False,False
2017-07-05,207569.72111553783,187858.70049801818,174748.16900231552,False,False,False
2017-07-06,205706.90212124473,186362.2158950069,173356.1230463757,False,False,False
2017-07-07,207009.79864326477,187858.70049801818,174748.16900231552,False,False,False
2017-07-10,207225.15344029287,188557.05997942344,175397.7904484208,False,False,False
2017-07-11,207074.40508237318,188756.59125982499,175583.39657587948,False,False,False
2017-07-12,208624.95962097554,190452.60714323778,177161.04865927796,False,False,False
2017-07-13,208980.2950360719,190751.90406384005,177439.45785046593,False,False,False
2017-07-14,209927.8561429956,191949.09174624906,178553.09461521776,False,False,False
2017-07-17,209960.1593625498,191849.32610604833,173057.27318424912,True,True,True
2017-07-18,210110.90772046943,192647.45122765435,173400.89642471145,True,True,True
2017-07-19,211219.98492516417,193744.87326986264,174799.8897930925,True,True,True
2017-07-20,211284.59136427264,193844.6389100634,174784.07048701285,True,True,True
2017-07-21,211133.84300635295,193844.6389100634,174470.33370697827,True,True,True
2017-07-24,211069.23656724454,194143.93583066564,174573.26447746568,True,True,True
2017-07-25,211564.5526004091,193844.6389100634,174670.17085233546,True,True,True
2017-07-26,211629.15903951757,194542.99839146866,175197.43410472476,True,True,True
2017-07-27,211381.50102293526,194044.17019046488,174286.08479054357,True,True,True
2017-07-28,211133.84300635295,193445.57634926037,173655.55933047648,True,True,True
2017-07-31,211015.39786798749,192846.98250805584,173119.74177018405,True,True,True
2017-08-01,211489.1784214493,193246.04506885886,173363.08615637012,True,True,True
2017-08-02,211618.39129966617,193645.10762966188,173189.58499153604,True,True,True
2017-08-03,211241.52040486704,193046.51378845738,172612.19106486306,True,True,True
2017-08-04,211596.85581996336,193146.2794286581,173054.438667286,True,True,True
2017-08-07,211941.42349520835,194044.17019046488,174146.6142570492,True,True,True
2017-08-08,211521.4816410035,193545.34198946113,173612.94702858312,True,True,True
2017-08-09,211403.03650263813,193445.57634926037,174654.67541977862,True,True,False
2017-08-10,208495.74674275867,190352.841503037,171090.05345216018,True,True,False
2017-08-11,208775.70797889523,191051.2009844423,172083.6864047963,True,True,False
2017-08-14,210821.5785506622,193246.04506885886,174606.38618681894,True,True,False
2017-08-15,210843.114030365,193345.81070905962,174910.58350848962,True,True,False
2017-08-16,211176.91396575858,193844.6389100634,175326.92909026175,True,True,False
2017-08-17,207892.75331107996,190652.1384236393,171948.20607454245,True,True,False
2017-08-18,207505.1146764294,190352.841503037,171930.2212624987,True,True,False
2017-08-21,207763.54043286314,190552.37278343856,171791.82161835252,True,True,False
2017-08-22,209863.24970388718,192946.74814825662,174004.95096788646,True,True,False
2017-08-23,209141.811133843,192048.85738644982,173647.62791435543,True,True,False
2017-08-24,208657.26284052976,191450.2635452453,173308.2832096907,True,True,False
2017-08-25,209120.2756541402,191550.02918544604,173153.49153026904,True,True,False
2017-08-28,209195.6498331,192048.85738644982,173624.28938102568,True,True,False
2017-08-29,209346.3981910197,192547.6855874536,174087.30556627995,True,True,False
2017-08-30,210390.868956606,194044.17019046488,175857.53939446624,True,True,False
2017-08-31,211629.15903951757,195440.88915327544,177167.98783317604,True,True,False
2017-09-01,211995.26219446535,195640.42043367695,177605.2569304162,True,True,False
2017-09-05,210433.93991601162,194642.76403166942,176173.5584921558,True,True,False
2017-09-06,211166.14622590717,195241.35787287392,176746.30145647252,True,True,False
2017-09-07,211123.07526650155,196039.48299447994,177452.86734250153,True,True,False
2017-09-08,210789.275331108,195440.88915327544,176374.48416314233,True,True,False
2017-09-11,213093.5716593087,197136.90503668826,178550.87335291403,True,True,False
2017-09-12,213879.6166684613,197635.73323769198,179091.66741412785,True,True,False
2017-09-13,214008.8295466781,197635.73323769198,179107.25013466456,True,True,False
2017-09-14,213933.4553677183,197236.67067688899,179189.58534352607,True,True,False
2017-09-15,214224.18434370623,197336.43631708974,180170.60659493646,True,True,False
2017-09-18,214601.05523850545,197236.67067688899,181103.33861338714,True,True,False
2017-09-19,214859.48099493913,197236.67067688899,181290.04688002504,True,True,False
2017-09-20,214977.9261333046,197136.90503668826,180277.9118929599,True,True,False
2017-09-21,214374.93270162592,196239.01427488148,179648.30164179704,True,True,False
2017-09-22,214342.6294820717,196139.2486346807,179880.87766035562,True,True,False
2017-09-25,214030.36502638098,194842.2953120709,177409.70486486872,True,True,True
2017-09-26,214105.7392053408,229516.87636726495,193796.33492831836,True,True,True
2017-09-27,214934.85517389898,230074.72988621314,195616.71843505042,True,True,True
2017-09-28,215182.5131904813,230114.576566138,195883.42415300466,True,True,True
2017-09-29,215957.79045978247,230791.97012486085,196778.6976669619,True,True,True
2017-10-02,216862.28060730052,197615.78908457825,181806.36442761257,True,True,True
2017-10-03,217303.75794120814,198114.56694698255,182422.1826432317,True,True,True
2017-10-04,217605.25465704745,231886.46520927802,198519.3033368709,True,True,True
2017-10-05,218897.3834392161,232877.60243448438,199224.50012395717,True,True,True
2017-10-06,218682.028642188,232600.08401142663,199216.26918375876,True,True,True
2017-10-09,218305.15774738882,198698.86418404142,183424.90382286048,True,True,True
2017-10-10,218854.3124798105,199096.0633128451,183920.60195219849,True,True,True
2017-10-11,219209.64789490687,199989.76135265338,184674.04824254152,True,True,True
2017-10-12,218875.84795951328,199791.16178825154,184452.81343912342,True,True,True
2017-10-13,219112.7382362442,200188.3609170552,185017.0465379354,True,True,True
2017-10-16,219468.07365134053,200386.96048145703,185610.45703835174,True,True,True
2017-10-17,219608.0542694088,200386.96048145703,185356.51854995053,True,True,True
2017-10-18,219801.87358673412,200287.66069925617,185566.988030495,True,True,True
2017-10-19,219909.55098524818,199791.16178825154,185137.79719335955,True,True,True
2017-10-20,221007.86045009148,200188.3609170552,186063.56092244628,True,True,True
2017-10-23,220200.27996123614,198996.76353064418,185404.9552721702,True,True,True
2017-10-24,220512.54441692686,199393.96265944783,186185.63952957498,True,True,True
2017-10-25,219457.30591148912,198897.46374844326,184637.37348770906,True,True,True
2017-10-26,219661.89296866587,198698.86418404142,185013.7848762738,True,True,True
2017-10-27,221535.47970281035,201777.15743226995,187478.82741401548,True,True,True
2017-10-30,220727.89921395498,201876.4572144708,187377.9254266788,True,True,True
2017-10-31,220975.5572305373,202372.95612547547,188167.7694167959,True,True,True
2017-11-01,221363.19586518788,202571.55568987728,188157.70302039722,True,True,True
2017-11-02,221460.10552385054,202075.0567788727,188202.6669122787,True,True,True
2017-11-03,222192.31183374606,203365.95394748467,189495.08311276956,True,True,True
2017-11-06,222536.87950899103,203961.75264069013,190934.21230178623,True,True,True
2017-11-07,222439.9698503284,204358.95176949387,190635.10800406063,True,True,True
2017-11-08,222763.00204587053,204954.75046269936,190996.72062363973,True,True,True
2017-11-09,221966.18929686656,204259.65198729292,189316.03986710182,True,True,True
2017-11-10,221826.20867879828,204259.65198729292,189636.8504735573,True,True,True
2017-11-13,222095.40217508338,204557.5513338957,189968.4052440266,True,True,True
2017-11-14,221546.24744266176,203961.75264069013,189430.16754391702,True,True,True
2017-11-15,220415.6347582642,202770.15525427915,188237.54929106726,True,True,True
2017-11-16,222299.9892322601,204855.45068049844,190927.55787062645,True,True,True
2017-11-17,221696.99580058144,204061.0524228911,189903.2284334116,True,True,True
2017-11-20,221987.72477656938,204061.0524228911,190733.2877680256,True,True,True
2017-11-21,223473.6728760633,206047.04806690948,192398.6066017585,True,True,True
2017-11-22,223312.1567782922,206047.04806690948,192008.75512507543,True,True,True
2017-11-24,223775.1695919026,206742.14654231595,192777.47291391232,True,True,True
2017-11-27,223710.5631527942,206742.14654231595,191809.20984373958,True,True,True
2017-11-28,225928.71756218368,207536.5447999233,192944.24636524392,True,True,True
2017-11-29,225842.57564337243,205451.249373704,189989.80442497355,True,True,True
2017-11-30,227737.69785721973,207337.94523552147,191475.1133667107,True,True,True
2017-12-01,227317.75600301495,206742.14654231595,190584.96338404107,True,True,True
2017-12-04,227070.09798643264,205550.5491559049,189287.26757293014,True,True,True
2017-12-05,226262.51749757724,205351.94959150304,189593.91469839192,True,False,True
2017-12-06,226262.51749757724,205947.74828470856,189666.91668745934,True,False,True
2017-12-07,227005.49154732417,206742.14654231595,190948.48743519437,True,False,True
2017-12-08,228243.7816302358,207536.5447999233,191858.87901011662,True,False,True
2017-12-11,228975.98794013137,208529.54262193255,192422.43783689986,True,False,True
2017-12-12,229374.39431463336,208628.84240413347,192637.85878979816,True,False,True
2017-12-13,229320.5556153763,209026.04153293712,192509.77621583524,True,False,True
2017-12-14,228405.29772800687,208728.14218633433,191775.12564548512,True,False,True
2017-12-15,230332.7231614084,210614.83804815184,193623.55461331812,True,False,True
2017-12-18,231764.8325616453,211905.7352167638,195443.39542913917,True,False,True
2017-12-19,230914.18111338426,211012.03717695555,194723.32522637318,True,False,True
2017-12-20,230741.8972757618,210515.5382659509,194743.06923496575,True,False,True
2017-12-21,231204.91008937222,247043.1217058023,215848.2065035181,True,False,True
2017-12-22,231161.83912996663,247043.1217058023,215901.3461316996,True,False,True
2017-12-26,230892.64563368147,246764.9647407161,215761.08756012013,True,False,True
2017-12-27,231021.85851189835,246844.43815931215,215735.36419654827,True,False,True
2017-12-28,231452.56810595453,247599.43563597457,216412.18713846957,True,False,True
2017-12-29,230655.75535695054,246645.75461282206,215356.78650474863,True,False,True
2018-01-02,232346.29051362118,247519.96221737852,216845.3664595909,True,False,True
2018-01-03,233735.32895445245,248473.64324053106,217865.3481233086,True,False,True
2018-01-04,234758.26424033594,212835.47203967243,198137.27594804758,True,False,True
2018-01-05,236265.74781953264,214706.76957264505,199432.4183765948,True,False,True
2018-01-08,236750.2961128459,215297.70563568902,199927.767972076,True,False,True
2018-01-09,237245.61214601056,215987.13104257366,200426.27649772918,True,False,True
2018-01-10,236847.20577150854,215593.17366721103,200519.46287858815,True,False,True
2018-01-11,238591.57962743618,217070.51382482096,202595.71322931792,True,False,True
2018-01-12,240174.43738559276,218449.36463859022,204086.71262736266,True,False,True
2018-01-16,239302.25045762895,217759.9392317056,202935.51456307384,True,False,True
2018-01-17,241617.31452568102,220123.68348388153,205022.71279475433,True,False,True
2018-01-18,241283.5145902875,219926.70479620018,204769.39263514554,True,False,True
2018-01-19,242306.44987617098,221108.5769222881,205989.3965341279,True,False,True
2018-01-22,244255.41078927528,222979.87445526072,207707.9386278183,True,False,True
2018-01-23,244804.56552169696,224260.23592518934,208631.22148462114,True,False,True
2018-01-24,244686.12038333152,223472.32117446407,207864.89864186867,True,False,True
2018-01-25,244804.56552169696,223275.34248678273,207011.81853755694,True,False,True
2018-01-26,247647.24884246796,226131.53345816195,209820.52697709404,True,False,True
2018-01-29,245935.1782060945,224457.21461287068,208478.7876494855,True,False,True
2018-01-30,243318.61742220307,222487.42773605743,206016.20582131197,True,False,True
2018-01-31,243544.73995908257,223176.85314294207,206479.42300616752,True,False,True
2018-02-01,243297.08194250026,221994.9810168541,205965.03082248985,True,False,True
2018-02-02,238085.49585442015,217562.96054402427,201306.15847196121,True,False,True
2018-02-05,228308.38806934422,209191.3663175679,192992.21761882302,True,False,True
2018-02-06,232529.34209109502,213721.8761342384,197072.09753890085,True,False,True
2018-02-07,231258.74878862928,212244.53597662848,196054.26846976002,True,False,True
2018-02-08,222666.0923872079,203675.96306249083,187857.4330246412,True,False,True
2018-02-09,226101.00139980615,206729.13272155134,190513.73729809758,True,False,True
2018-02-12,229202.11047701086,210176.25975597455,193711.9583970416,True,False,True
2018-02-13,229966.6200064606,210668.70647517787,194221.78731548594,True,False,True
2018-02-14,232981.58716485408,213820.36547807913,197798.55835835866,True,False,True
2018-02-15,235996.5543232475,217169.00316866164,200058.6373484326,True,False,True
2018-02-16,235975.01884354473,216972.0244809803,199734.75675901974,True,False,True
2018-02-20,234542.9094433078,216184.109730255,199585.87661768764,True,False,True
2018-02-21,233304.6193603962,215494.6843233703,198716.91285535146,True,False,True
2018-02-22,233595.34833638417,215888.64169873297,198888.38186141982,True,False,True
2018-02-23,237428.6637234844,219532.74742083755,202516.32048585097,True,False,True
2018-02-26,240163.66964574135,222093.47036069474,204698.0797643969,True,False,True
2018-02-27,237094.86378809088,218843.32201395286,201894.31451919724,True,False,True
2018-02-28,234467.53526434797,216873.53513713964,199890.34952432735,True,False,True
2018-03-01,231366.4261871433,213820.36547807913,197145.8391506681,True,False,True
2018-03-02,232604.7162700549,214805.25891648568,198518.2991365772,True,False,True
2018-03-05,235275.11575320337,217365.98185634293,201105.78274081266,True,False,True
2018-03-06,235867.3414450307,218153.89660706822,202295.47557965343,True,False,True
2018-03-07,235759.66404651658,218350.87529474963,201738.80663749366,True,True,True
2018-03-08,236868.74125121132,219828.21545235955,202628.0243961127,True,True,True
2018-03-09,240960.4823947453,223669.29986214536,206373.13397578514,True,True,True
2018-03-12,240723.5921180144,223964.76789366736,207036.1684740103,True,True,True
2018-03-13,239140.73435985786,222388.93839221672,205171.01506294112,True,True,True
2018-03-14,237880.9087972434,221699.5129853321,204495.94701356438,True,True,True
2018-03-15,237654.78626036397,221502.53429765074,204214.27477492942,True,True,True
2018-03-16,237902.44427694622,221207.0662661288,204298.43943089573,True,True,True
2018-03-19,234715.19328093028,217365.98185634293,201005.90198576252,True,True,True
2018-03-20,235135.13513513512,218350.87529474963,201982.47846883172,True,True,True
2018-03-21,234585.98040271347,217562.96054402427,201910.45329274266,True,True,True
2018-03-22,228760.63314310322,211653.5999135845,196264.41967787562,True,True,True
2018-03-23,223882.84699041664,207221.57944075466,191278.7537932906,True,True,True
2018-03-26,230052.76192527186,212933.96138351315,197296.70250632477,True,True,True
2018-03-27,226057.93044040055,207714.02615995798,192016.98861388647,True,True,True
2018-03-28,225433.40152901906,206532.15403387,189983.59180076534,True,True,True
2018-03-29,228674.491224292,210077.77041213383,193511.15636025037,True,True,True
2018-04-02,223387.53095725208,204857.83518857876,187892.77647448363,True,True,True
2018-04-03,226219.44653817164,207320.06878459535,190555.18780209156,True,True,True
2018-04-04,228825.23958221168,209782.3023806119,192948.26531482275,True,True,True
2018-04-05,230483.47151932807,211456.62122590316,195388.5140692447,True,False,True
2018-04-06,225411.86604931625,206630.64337771072,190547.23231953257,True,False,True
2018-04-09,226327.12393668565,207418.55812843598,191134.56517245653,True,False,True
2018-04-10,230063.52966512326,211161.15319438122,194901.7428560891,True,False,True
2018-04-11,228836.0073220631,210373.23844365586,193976.80077693847,True,False,True
2018-04-12,230752.66501561322,211850.57860126585,195913.18079204662,True,False,True
2018-04-13,230117.36836438032,211456.62122590316,195139.7760439098,True,False,True
2018-04-16,231990.9550985248,212933.96138351315,196667.49159914465,True,False,True
2018-04-17,234478.30300419938,216381.0884179363,199272.73177600178,True,False,True
2018-04-18,234607.51588241625,216676.5564494583,199848.29967742995,True,False,True
2018-04-19,233326.154840099,214608.2802288044,198039.98670043933,True,False,True
2018-04-20,231441.80036610313,212047.55728894717,196166.6247979798,True,False,True
2018-04-23,231334.1229675891,211555.11056974382,195710.66776978734,True,False,True
2018-04-24,228179.17519112738,207221.57944075466,192089.32838394586,True,False,True
2018-04-25,228760.63314310322,241858.97104177187,211713.9824693976,True,False,True
2018-04-26,231118.76817056097,243087.68754493393,213153.63485397282,True,False,True
2018-04-27,231366.4261871433,243602.95575593738,213232.8742576742,True,False,True
2018-04-30,229471.303973296,240709.52657107182,210602.60469379893,True,False,True
2018-05-01,229966.6200064606,240313.16640876152,226833.3124087013,False,False,False
2018-05-02,228394.52998815547,204884.52977820914,193391.96950964892,False,False,False
2018-05-03,227856.14299558522,204884.52977820914,193391.96950964892,False,False,False
2018-05-04,230881.87789383007,208126.0718966173,196451.68424363126,False,False,False
2018-05-07,231603.31646387422,209270.14558546725,197531.5835615074,False,False,False
2018-05-08,231592.5487240228,209174.80611139644,194020.05729189358,True,True,False
2018-05-09,233832.23861311507,211462.95348909634,196389.48623790033,True,True,False
2018-05-10,236028.85754280174,213369.74297051286,198742.82727607476,True,True,False
2018-05-11,236610.31549477763,213560.42191865447,197297.32946008493,True,True,True
2018-05-14,236868.74125121132,213655.76139272534,198375.99537699405,True,True,True
2018-05-15,235242.81253364915,211558.29296316716,196790.61975317777,True,True,True
2018-05-16,236244.21233982983,212607.02717794623,198466.52036097128,True,True,True
2018-05-17,236050.39302250455,212416.34822980463,198219.31765812731,True,True,True
2018-05-18,235458.16733067727,212130.32980759215,197232.29356424205,True,True,True
2018-05-21,237191.7734467535,213560.42191865447,199038.78715279698,True,True,True
2018-05-22,236513.40583611495,212607.02717794623,198803.7207598355,True,True,True
2018-05-23,237245.61214601056,214037.11928900867,199559.19061427994,True,True,True
2018-05-24,236793.3670722515,213941.77981493785,199601.40273273268,True,True,True
2018-05-25,236201.14138042426,213751.10086679622,199826.6463679827,True,True,True
2018-05-29,233466.1354581673,212034.99033352124,197877.29253943227,True,True,True
2018-05-30,236545.7090556692,214323.13771122115,199942.05523387055,True,True,True
2018-05-31,235016.68999676965,213655.76139272534,198816.84399188927,True,True,True
2018-06-01,237493.27016259287,216134.58771856694,201945.80425895224,True,True,True
2018-06-04,238537.74092817918,217850.69825184182,203038.40310121255,True,True,True
2018-06-05,238871.54086357274,218327.39562219588,203779.87700575663,True,True,True
2018-06-06,240777.43081727147,220138.84562954167,205558.1937658315,True,True,True
2018-06-07,240669.75341875735,219185.45088883338,204367.79632083178,True,True,True
2018-06-08,241423.49520835574,219662.1482591875,204370.31404733207,True,True,True
2018-06-11,241735.7596640465,220234.1851036125,204707.35396052295,True,True,True
2018-06-12,242144.9337783999,220996.90089617908,205319.5293491893,True,True,True
2018-06-13,241175.83719177343,220138.84562954167,204686.1000571984,True,True,True
2018-06-14,241875.74028211477,221950.29563688737,205766.22101483398,True,True,True
2018-06-15,241671.15322493808,221759.61668874577,205483.90882789026,True,True,True
2018-06-18,241089.69527296216,221568.9377406041,204781.5628260643,True,True,True
2018-06-19,240174.43738559276,220234.1851036125,203153.7151407027,True,True,True
2018-06-20,240605.14697964894,221187.57984432075,204079.35477768723,True,True,True
2018-06-21,239108.43114030364,219566.80878511668,202149.26831491714,True,True,True
2018-06-22,239528.3729945084,219566.80878511668,201932.44213175648,True,True,True
2018-06-25,236222.67686012705,215371.87192600025,197047.67408919163,True,True,True
2018-06-26,236739.5283729945,216420.60614077936,198058.76775221515,True,True,True
2018-06-27,234769.03198018734,214132.4587630795,195110.94616829045,True,True,True
2018-06-28,236201.14138042426,216039.24824449606,196771.11001165566,True,True,True
2018-06-29,236804.13481210292,216325.26666670854,198064.48913248943,True,False,True
2018-07-02,237073.32830838804,217278.66140741677,202687.2112855556,False,False,False
2018-07-03,236114.999461613,215467.21140007113,200997.4100506168,False,False,False
2018-07-05,238139.33455367718,217660.0193037001,203042.95891396378,False,False,False
2018-07-06,240120.59868633572,220138.84562954167,205355.3184986169,False,False,False
2018-07-09,242252.61117691392,222140.97458502903,207222.9935477598,False,False,False
2018-07-10,243092.49488532357,222713.011429454,207756.61499037207,False,False,False
2018-07-11,241434.26294820712,221473.59826653323,206600.43519804548,False,False,False
2018-07-12,243501.6689996769,224047.7640664456,209001.73168980065,False,False,False
2018-07-13,243706.25605685366,224429.12196272888,209357.47931820882,False,False,False
2018-07-16,243555.50769893397,223952.4245923748,208912.79478269856,False,False,False
2018-07-17,244599.97846452027,225191.83775529554,210068.97457502517,False,False,False
2018-07-18,245052.2235382793,225191.83775529554,210068.97457502517,False,False,False
2018-07-19,244115.43017120706,224429.12196272888,209357.47931820882,False,False,False
2018-07-20,243889.30763432753,224143.10354051646,209090.6685969027,False,False,False
2018-07-23,244352.32044793796,224238.44301458728,209179.60550400472,False,False,False
2018-07-24,245504.46861203833,225573.19565157886,210424.7222034333,False,False,False
2018-07-25,247754.926240982,228242.70092556204,212914.95560229055,False,False,False
2018-07-26,247022.7199310864,225382.51670343717,210246.84838922924,False,False,False
2018-07-27,245418.32669322705,223285.048273879,208290.2364329843,False,False,False
2018-07-30,244007.75277269303,220615.54299989576,205800.00303412712,False,False,False
2018-07-31,245235.2751157532,221950.29563688737,207045.1197335557,False,False,False
2018-08-01,244933.77839991383,222713.011429454,207756.61499037207,False,False,False
2018-08-02,246182.83622267682,224619.80091087054,209535.35313241289,False,False,False
2018-08-03,247378.0553461828,225191.83775529554,210068.97457502517,False,False,False
2018-08-06,248314.8487132551,226335.91144414543,211136.21746024967,False,False,False
2018-08-07,249003.984063745,227003.28776264124,211758.775809964,False,False,False
2018-08-08,248874.7711855281,227003.28776264124,211758.775809964,False,False,False
2018-08-09,248562.50672983736,226812.60881449957,211580.90199575986,False,False,False
2018-08-10,246871.97157316678,225287.17722936635,210157.9114821272,False,False,False
2018-08-13,245935.1782060945,224905.81933308305,209802.16385371904,False,False,False
2018-08-14,247528.8037041025,226240.57197007467,211047.28055314763,False,False,False
2018-08-15,245698.2879293636,224143.10354051646,209090.6685969027,False,False,False
2018-08-16,247701.08754172496,225382.51670343717,210246.84838922924,False,False,False
2018-08-17,248519.43577043177,225477.85617750802,210335.78529633128,False,False,False
2018-08-20,249068.59050285345,225763.8745997205,210602.59601763744,False,False,False
2018-08-21,249617.74523527507,262375.16600992956,244755.2390311349,False,False,False
2018-08-22,249542.37105631526,261852.6664452652,244267.82816909376,False,False,False
2018-08-23,249176.2679013675,261169.39778378102,243630.44473411684,False,False,False
2018-08-24,250737.5901798212,226609.1186302513,211391.07729000138,False,False,False
2018-08-27,252632.71239366857,228500.6805553786,213155.6104894171,False,False,False
2018-08-28,252772.6930117368,228595.25865163497,213243.8371493879,False,False,False
2018-08-29,254161.73145256806,230865.13296178772,215361.2769886867,False,False,False
2018-08-30,253128.02842683316,230203.08628799318,214743.6903688912,False,False,False
2018-08-31,253138.79616668457,230486.8205767623,215008.37034880358,False,False,False
2018-09-04,252783.4607515882,230013.93009548043,214567.23704894967,False,False,False
2018-09-05,252072.78992139542,228027.79007409676,212714.47718956313,False,False,False
2018-09-06,251329.81587164852,226798.274822764,211567.53060994294,False,False,False
2018-09-07,250726.8224399698,226419.96243773858,211214.62397005982,False,False,False
2018-09-10,251200.60299343162,226703.69672650765,211479.30394997215,False,False,False
2018-09-11,252148.1641003553,228122.36817035318,212802.70384953398,False,False,False
2018-09-12,252180.4673199095,228027.79007409676,212714.47718956313,False,False,False
2018-09-13,253612.57672014638,229635.617710455,214214.3304090665,False,False,False
2018-09-14,253741.7895983633,229257.3053254295,213861.42376918334,False,False,False
2018-09-17,252309.68019812639,226798.274822764,211567.53060994294,False,False,False
2018-09-18,253687.95089910625,228406.10245912222,213067.3838294463,False,False,False
2018-09-19,253967.91213524278,266223.19618613116,248344.85294123954,False,False,False
2018-09-20,256013.78270700973,268462.0457110483,250433.35147926467,False,False,False
2018-09-21,255830.73112953588,268821.8608132671,250769.00303001865,False,False,False
2018-09-24,254980.0796812749,267222.68258118344,249277.21836000073,False,False,False
2018-09-25,254657.04748573274,265863.38108391233,248009.20139048545,False,False,False
2018-09-26,253914.0734359858,264823.9152330579,247039.5413549738,False,False,False
2018-09-27,254624.74426617852,264863.89468886,247076.83597172424,False,False,False
2018-09-28,254592.44104662427,264464.1001308391,246703.88980421977,False,False,False
2018-10-01,255540.00215354798,265943.33999551646,248083.79062398634,False,False,False
2018-10-02,255507.69893399373,266503.0523767458,248605.91525849266,False,False,False
2018-10-03,255723.05373102188,266862.8674789646,248941.5668092467,False,False,False
2018-10-04,253634.11219984925,266622.9907441521,248717.79910874396,False,False,False
2018-10-05,252202.00279961235,265663.4838049019,247822.72830673322,False,False,False
2018-10-08,252137.39636050395,266622.9907441521,248717.79910874396,False,False,False
2018-10-09,251803.59642511033,265903.36053971446,248046.49600723595,False,False,False
2018-10-10,243673.95283729944,259066.87359755667,241669.11654290915,False,False,False
2018-10-11,238548.50866803055,252390.3044786073,235440.9155455842,False,False,False
2018-10-12,241768.0628836007,254549.19509192026,237454.82485010842,False,False,False
2018-10-15,240443.6308818779,253469.7497852638,236447.8701978463,False,False,False
2018-10-16,245569.07505114673,258267.28448151483,240923.22420790014,False,False,False
2018-10-17,245655.21696995795,258587.12012793164,241221.5811419038,False,False,False
2018-10-18,242198.77247765695,256228.33223560816,239021.19875362725,False,False,False
2018-10-19,242004.9531603316,256388.2500588165,239170.37722062907,False,False,False
2018-10-22,241003.55335415094,254349.29781290982,237268.35176635618,False,False,False
2018-10-23,239560.67621406264,252950.0168598366,235963.04018009047,False,False,False
2018-10-24,232410.8969527296,246073.55046187673,229548.36609901325,False,False,False
2018-10-25,236578.01227522342,249751.66039566923,232979.47084005454,False,False,False
2018-10-26,232389.3614730268,246513.32447569974,229958.60688326813,False,False,False
2018-10-29,231183.37460966938,246833.16012211653,230256.96381727178,False,False,False
2018-10-30,234725.96102078175,250511.27005590894,233688.06855831307,False,False,False
2018-10-31,237181.0057069021,252150.4277437948,235217.14784508146,False,False,False
2018-11-01,239646.8181328739,253509.72924106588,236485.16481459673,False,False,False
2018-11-02,238160.87003338,252870.0579482324,235888.45094658955,False,False,False
2018-11-05,239506.83751480564,256028.43495659772,238834.725669875,False,False,False
2018-11-06,241025.08883385375,257227.81863066048,239953.5641723885,False,False,False
2018-11-07,246118.22978356841,261785.47659209897,244205.15048193967,False,False,False
2018-11-08,245698.2879293636,261145.80529926546,243608.43661393248,False,False,False
2018-11-09,243426.2948207171,259866.46271359854,242415.00887791812,False,False,False
2018-11-12,238731.56024550446,256348.27060301445,239133.08260387863,False,False,False
2018-11-13,238333.15387100246,255868.5171333893,238685.54720287322,False,False,False
2018-11-14,236696.45741358885,253909.5237990868,236858.1109821012,False,False,False
2018-11-15,239151.5020997092,256388.2500588165,239170.37722062907,False,False,False
2018-11-16,239754.49553138795,258027.40774670232,240699.45650739747,False,False,False
2018-11-19,235781.19952621943,256308.29114721232,239095.7879871282,False,False,False
2018-11-20,231441.80036610313,251070.98243713827,234210.19319281934,False,False,False
2018-11-21,232217.0776354043,251430.7975393571,234545.8447435734,False,False,False
2018-11-23,230720.36179605898,250031.51658628386,233240.53315730765,False,False,False
2018-11-26,234338.3223861311,253509.72924106588,236485.16481459673,False,False,False
2018-11-27,235070.52869602668,254869.030738337,237753.181784112,False,False,False
2018-11-28,240562.07602024334,259386.7092439734,241967.4734769127,False,False,False
2018-11-29,240066.75998707867,258906.95577434832,241519.93807590735,False,False,False
2018-11-30,241660.38548508668,261185.78475506755,243645.73123068293,False,False,False
2018-12-03,244643.04942392587,262864.9218987554,245212.10513420176,False,False,False
2018-12-04,237051.79282868523,255388.76366376423,238238.01180186783,False,False,False
2018-12-06,236448.79939700654,254149.40053389937,237081.87868260394,False,False,False
2018-12-07,230957.2520727899,248952.07127962742,232233.57850504556,False,False,False
2018-12-10,231237.21330892644,248792.15345641898,232084.40003804376,False,False,False
2018-12-11,231301.8197480349,248592.25617740853,231897.92695429153,False,False,False
2018-12-12,232583.18079035208,249431.8247492525,232681.11390605094,False,False,False
2018-12-13,232507.80661139227,249671.70148406504,232904.88160655368,False,False,False
2018-12-14,228211.4784106816,245353.9202574391,228877.06299750516,False,False,False
2018-12-17,223549.04705502317,240596.36501699014,224439.00360420175,False,False,False
2018-12-18,223462.9051362119,239836.75535675042,223730.40588594318,False,False,False
2018-12-19,219898.78324539677,237158.1318180102,221231.6665636631,False,False,False
2018-12-20,216291.59039517606,233919.79589804076,218210.80260687676,False,False,False
2018-12-21,211984.49445461394,230441.5832432588,214966.17094958771,False,False,False
2018-12-24,206148.37945515238,224084.84977072608,209036.32688626632,False,False,False
2018-12-26,216571.55163131256,233559.98079582193,217875.1510561227,False,False,False
2018-12-27,218585.11898352532,235798.8303207391,219963.64959414784,False,False,False
2018-12-28,218315.92548724022,235638.91249753075,219814.47112714604,False,False,False
2018-12-31,220275.65414019595,237917.74147824998,221940.26428192167,False,False,False
2019-01-02,220447.93797781842,238037.67984565624,222052.14813217297,False,False,False
2019-01-03,215182.5131904813,233440.04242841562,217763.26720587135,False,False,False
2019-01-04,222289.22149240872,240196.57045896922,224066.05743669724,False,False,False
2019-01-07,223958.22116937657,241315.9952214278,225110.3067057098,False,False,False
2019-01-08,226133.30461936037,242995.13236511566,226676.68060922867,False,False,False
2019-01-09,227177.77538494667,243075.0912767198,226751.26984272955,False,False,False
2019-01-10,228125.33649187037,244034.59821597004,227646.34064474035,False,False,False
2019-01-11,228017.65909335628,244514.35168559517,228093.87604574574,False,False,False
2019-01-14,226768.60127059327,243634.80365794912,227273.39447723582,False,False,False
2019-01-15,229417.46527403896,245673.75590385584,229175.41993150878,False,False,False
2019-01-16,229923.54904705498,246633.26284310606,214679.97478124464,True,False,True
2019-01-17,231646.38742327984,248272.4205309918,216381.06216596288,True,False,True
2019-01-18,234758.26424033594,251710.65372997176,219872.77725236493,True,False,True
2019-01-22,231635.61968342843,248952.07127962742,216419.8764106894,True,False,True
2019-01-23,231980.1873586734,249991.53713048177,216559.62346546724,True,False,True
2019-01-24,232206.3098955529,249471.8042050546,217695.33047480226,True,False,True
2019-01-25,234187.57402821147,250671.18787911738,219933.9879843447,True,False,True
2019-01-28,232367.825993324,249072.00964703367,217913.6615959753,True,False,True
2019-01-29,232087.86475718743,249431.8247492525,217652.8953174362,True,False,True
2019-01-30,235759.66404651658,251750.63318577383,220477.87759427022,True,False,True
2019-01-31,237719.39269947237,253189.89359464915,217720.94640250903,True,True,True
2019-02-01,237923.97975664906,220559.6885556055,203259.41772735296,True,True,True
2019-02-04,239614.51491331967,222839.63140359605,204823.0483551356,True,True,True
2019-02-05,240680.5211586088,224623.93450202342,206115.47067697695,True,True,True
2019-02-06,240389.79218262085,223731.78295280974,207024.72047891497,True,True,True
2019-02-07,238031.6571551631,221253.58420499394,203790.91077152264,True,True,True
2019-02-08,238333.15387100246,221749.22395455715,204046.695985163,True,True,True
2019-02-11,238462.3667492193,221848.35190446975,204486.96866440857,True,True,True
2019-02-12,241541.9403467212,224921.31835176132,208002.78604506084,True,True,True
2019-02-13,242274.14665661674,225615.21400114975,208699.40835494845,True,True,True
2019-02-14,241735.7596640465,225615.21400114975,208828.06492222773,True,True,True
2019-02-15,244406.15914719497,227102.13324983921,210213.81033523934,True,True,True
2019-02-19,244826.1010013998,227300.38914966446,210443.99263585286,True,True,True
2019-02-20,245386.02347367283,227498.64504948974,211285.86722814644,True,True,True
2019-02-21,244492.30106600624,226507.36555036347,210058.90775363793,True,True,True
2019-02-22,245967.48142564873,228291.6686487908,212139.56047977146,True,True,True
2019-02-25,246322.8168407451,228688.18044844136,213072.28710510096,True,True,True
2019-02-26,246150.5330031226,228787.30839835395,212621.97954787148,True,True,True
2019-02-27,246021.32012490573,228985.5642981792,212117.94185043988,True,True,True
2019-02-28,245450.62991278127,228589.05249852865,211509.14174945588,True,True,True
2019-03-01,247130.3973296005,230670.73944669394,213480.84861385418,True,True,True
2019-03-04,246182.83622267682,230075.9717472182,212904.64134525004,True,True,True
2019-03-05,245892.10724668892,229976.84379730554,212259.9384886521,True,True,True
2019-03-06,244320.01722838375,228688.18044844136,210040.09970527675,True,True,True
2019-03-07,242360.28857542804,226209.9817006255,207701.22123045454,True,True,True
2019-03-08,241875.74028211477,225813.469900975,207288.8195261086,True,True,True
2019-03-11,245396.79121352424,229679.45994756764,211158.4977971158,True,True,True
2019-03-12,246268.9781414881,230571.61149678135,212061.44607773298,True,True,True
2019-03-13,247948.74555830727,232058.53074547078,213420.85087171476,True,True,True
2019-03-14,247862.60363949605,232157.65869538343,213009.28105632274,True,True,True
2019-03-15,249068.59050285345,233644.57794407292,215570.96131255847,True,True,True
2019-03-18,249962.31291052004,233941.96179381083,215755.9425813151,True,True,True
2019-03-19,250037.6870894799,234338.47359346133,216702.86239382016,True,True,True
2019-03-20,249143.9646818133,235230.625142675,216427.16263806747,True,True,True
2019-03-21,251997.41574243567,238501.84748979183,220952.86686991004,True,True,True
2019-03-22,247205.77150856037,233347.19409433496,215113.6381462654,True,True,True
2019-03-25,246979.6489716808,233347.19409433496,214273.87916916588,True,True,True
2019-03-26,248767.0937870141,234635.8574431992,215839.6621478743,True,True,True
2019-03-27,247604.1778830623,233347.19409433496,213895.28257936562,True,True,True
2019-03-28,248573.27446968877,234437.60154337395,214652.50735129198,True,True,True
2019-03-29,250177.66770754816,236221.90464180132,216893.77379682605,True,True,True
2019-04-01,253052.65424787332,238898.35928944242,220658.0142381087,True,True,True
2019-04-02,253138.79616668457,239592.25493883083,221166.31580317652,True,True,True
2019-04-03,253612.57672014638,240286.15058821923,223263.540835464,True,True,True
2019-04-04,254226.33789167652,240385.27853813188,223371.43934696232,True,True,True
2019-04-05,255443.09249488526,241475.68598717081,224735.3082040286,True,True,True
2019-04-08,255669.21503176482,241773.06983690872,225067.0722063703,True,True,True
2019-04-09,254312.47981048774,240781.79033778238,223314.12123518728,True,True,True
2019-04-10,255184.66673845155,241872.19778682137,224845.34892092584,True,True,True
2019-04-11,255141.59577904595,241773.06983690872,224767.4119506153,True,True,True
2019-04-12,256864.43415527078,243458.2449854234,227149.25541940794,True,True,True
2019-04-15,256692.15031764828,243458.2449854234,226394.2773000646,True,True,True
2019-04-16,256875.20189512224,243359.1170355108,228120.10813426157,True,True,True
2019-04-17,256250.67298374066,243061.7331857729,228470.24211542663,True,True,True
2019-04-18,256724.45353720256,243656.5008852487,229010.23670023662,True,True,True
2019-04-22,256982.87929363622,244152.14063481186,229321.03465436332,True,True,True
2019-04-23,259190.26596317432,246927.72323236553,231631.30215906125,True,True,True
2019-04-24,258684.1821901583,246332.95553288978,231819.2528399,True,True,True
2019-04-25,258587.27253149558,247225.10708210347,230595.6334488407,True,True,True
2019-04-26,259771.72391515016,248117.25863131718,230406.91299073366,True,True,True
2019-04-29,260105.52385054377,248414.642481055,230333.7785122602,True,True,True
2019-04-30,260267.0399483148,247324.2350320161,230396.56989601828,True,True,True
2019-05-01,258361.14999461613,245738.18783341395,228662.73130734914,True,True,True
2019-05-02,257855.06622160005,245044.29218402554,228733.26751393962,True,True,True
2019-05-03,260299.34316786902,248018.13068140452,231269.59860678742,True,True,True
2019-05-06,259276.40788198553,246927.72323236553,229274.2729313821,True,True,True
2019-05-07,255066.22160008608,242466.96548629715,224674.9867996894,True,True,True
2019-05-08,254570.90556692152,242268.70958647187,224068.13853054107,True,True,True
2019-05-09,253784.86055776887,241376.55803725816,222605.10807375607,True,True,True
2019-05-10,254969.31194142345,242070.45368664662,222881.74559112624,True,True,True
2019-05-13,248713.25508775705,234933.2412929371,214714.07958799208,True,True,True
2019-05-14,250877.5707978895,237312.3120908403,218106.36929546957,True,True,True
2019-05-15,252363.5188973834,239988.76673848132,220234.19149248739,True,True,True
2019-05-16,254678.58296543552,242367.83753638453,222133.23142505786,True,False,True
2019-05-17,253128.02842683316,240583.53443795713,224082.03909471052,False,False,False
2019-05-20,251405.19005060836,237708.8238904908,221404.503398894,False,False,False
2019-05-21,253537.20254118662,239889.63878856867,223435.73737503064,False,False,False
2019-05-22,252848.06719069666,239393.99903900555,222974.09328954507,False,False,False
2019-05-23,249886.93873156022,236221.90464180132,220019.57114243723,False,False,False
2019-05-24,250317.64832561644,236221.90464180132,220019.57114243723,False,False,False
2019-05-28,248067.19069667277,235230.625142675,219096.28297146605,False,False,False
2019-05-29,246365.88780015073,233248.06614442237,217249.70662952363,False,False,False
2019-05-30,247055.02315064063,234437.60154337395,218357.65243468902,False,False,False
2019-05-31,243738.5592764079,231067.25124634447,215218.47265338697,False,False,False
2019-06-03,243017.1207063637,227003.00529992656,211432.99115240507,False,False,False
2019-06-04,248368.68741251208,232455.04254512134,216511.07609274666,False,False,False
2019-06-05,250468.39668353612,268474.4161639368,250059.90023099977,False,False,False
2019-06-06,252105.09314094973,269942.38077236654,251427.17793578652,False,False,False
2019-06-07,254613.9765263271,271328.7917914392,252718.49576808515,False,False,False
2019-06-10,255809.1956498331,272348.2116584043,253667.99417418707,False,False,False
2019-06-11,255766.12469042744,237544.89901061944,221251.8220384437,False,False,False
2019-06-12,255281.57639711426,236961.25061010194,220708.20576807897,False,False,False
2019-06-13,256422.95682136313,237933.99794429776,221614.2328853535,False,False,False
2019-06-14,256035.3181867126,237447.62427719985,221161.21932671624,False,False,False
2019-06-17,256261.4407235921,238712.19581165444,222339.05457917316,False,False,False
2019-06-18,258824.16280822654,241338.61361398315,224785.3277958144,False,False,False
2019-06-19,259502.53041886503,242116.81148133977,225510.14948963406,False,False,False
2019-06-20,261925.2718854312,244645.95455024892,227865.81999454784,False,False,False
2019-06-21,261613.0074297405,244256.85561657057,227503.40914763804,False,False,False
2019-06-24,261279.2074943469,243575.9324826335,226869.19016554588,False,False,False
2019-06-25,258694.94993000966,239976.76734610897,223516.88983163008,False,False,False
2019-06-26,258447.29191342738,240268.59154636774,223788.6979668124,False,False,False
2019-06-27,259351.7820609454,241241.33888056356,224694.72508408694,False,False,False
2019-06-28,260783.89146118227,242116.81148133977,225510.14948963406,False,False,False
2019-07-01,263002.0458705718,244645.95455024892,227865.81999454784,False,False,False
2019-07-02,263766.5554000215,245715.9766178643,228862.44982354986,False,False,False
2019-07-03,265790.89049208566,247758.74601967557,226475.1345378008,True,True,False
2019-07-05,265457.0905566921,247272.37235257763,224523.3824948461,True,True,True
2019-07-08,264121.89081511786,245813.2513512839,223006.60882143938,True,True,True
2019-07-09,264455.6907505115,246980.5481523189,224184.35953864272,True,True,True
2019-07-10,265683.21309357166,249023.3175541301,225931.62972873042,True,True,True
2019-07-11,266221.6000861419,249606.9659546476,226483.17494386417,True,True,True
2019-07-12,267524.4966081619,250676.98802226302,228486.36335219635,True,True,True
2019-07-15,267599.8707871218,250871.5374891022,228983.26514741612,True,True,True
2019-07-16,266727.68385915796,249898.79015490634,227597.71739835708,True,True,True
2019-07-17,264918.70356412185,248634.21862045175,226834.80214230935,True,True,True
2019-07-18,265887.80015074834,249023.3175541301,228192.25594758912,True,True,True
2019-07-19,264466.45849036286,247466.9218194168,227349.46690870466,True,True,True
2019-07-22,265101.7551415957,249023.3175541301,229546.94957937446,True,True,True
2019-07-23,266921.50317648327,250482.4385554238,231489.28743575796,True,True,True
2019-07-24,268159.7932593948,251941.55955671755,234455.81404169174,True,True,True
2019-07-25,266846.1289975234,250482.4385554238,231704.90755524216,True,True,True
2019-07-26,268762.7866910735,252817.0321574938,232915.74835790164,True,True,True
2019-07-29,268278.2383977603,251844.28482329802,232376.95081458671,True,True,True
2019-07-30,267621.4062668246,251066.0869559413,231659.02476170906,True,True,True
2019-07-31,264595.67136857973,247856.0207530951,227588.84188414962,True,True,True
2019-08-01,262377.5169591902,246688.72395206013,224666.90381237507,True,True,True
2019-08-02,260450.0915257887,244256.85561657057,221811.56810417556,True,True,True
2019-08-05,252772.6930117368,236085.77800932567,213668.63351103757,True,True,True
2019-08-06,256024.5504468612,239782.2178792698,216871.3146945867,True,True,True
2019-08-07,256196.8342844837,240560.41574662647,218236.547882631,True,False,True
2019-08-08,261203.83331538708,246202.35028496222,226957.42673252334,False,False,False
2019-08-09,259384.08528049957,244256.85561657057,225164.00573898308,False,False,False
2019-08-12,256336.8149025519,241144.06414714394,222294.5321493186,False,False,False
2019-08-13,260310.11090772046,245618.70188444477,226419.40043446125,False,False,False
2019-08-14,252471.19629589748,238420.37161139568,219783.7427583622,False,False,False
2019-08-15,253268.00904490147,239587.66841243065,220859.79535448636,False,False,False
2019-08-16,256972.11155378487,242895.00934869645,223908.61104350485,False,False,False
2019-08-19,260137.827070098,246299.6250183818,227047.09778220038,False,False,False
2019-08-20,258124.25971788523,245132.32821734686,225971.04518607617,False,False,False
2019-08-21,260213.2012490578,247564.1965528364,228212.82142800157,False,False,False
2019-08-22,260116.29159039512,247175.09761915807,227854.1372292935,False,False,False
2019-08-23,253440.29288252394,240268.59154636774,221487.49270222546,False,False,False
2019-08-26,256250.67298374066,243478.65774921398,224446.63734156697,False,False,False
2019-08-27,255238.50543770858,242895.00934869645,223908.61104350485,False,False,False
2019-08-28,257015.18251319043,244062.30614973145,224984.66363962906,False,False,False
2019-08-29,260353.18186712603,247564.1965528364,228212.82142800157,False,False,False
2019-08-30,260256.2722084634,246980.5481523189,227674.79512993948,False,False,False
2019-09-03,258802.62732852373,244937.77875050768,225791.70308672215,False,False,False
2019-09-04,261580.70421018623,248147.8449533539,228750.84772606366,False,False,False
2019-09-05,265037.1487024873,252038.8342901372,232337.6897131442,False,False,False
2019-09-06,265230.9680198126,251844.28482329802,232158.3476137902,False,False,False
2019-09-09,265295.5744589211,250093.33962174552,230544.26871960395,False,False,False
2019-09-10,265360.1808980295,248828.76808729093,229378.5450738027,False,False,False
2019-09-11,267266.0708517282,250385.16382200425,230813.28186863495,False,False,False
2019-09-12,268052.11586088076,252038.8342901372,232337.6897131442,False,False,False
2019-09-13,267987.5094217723,251066.0869559413,231440.97921637408,False,False,False
2019-09-16,267104.55475395714,250190.6143551651,227536.3351975722,True,False,True
2019-09-17,267825.99332400126,251455.1858896197,227761.3317057634,True,False,True
2019-09-18,267987.5094217723,251941.55955671755,227432.11244758204,True,False,True
2019-09-19,267933.6707225153,252233.3837569763,227180.9588312021,True,False,True
2019-09-20,266501.56132227846,249996.0648883259,225221.5051152767,True,False,True
2019-09-23,266684.6128997523,249898.79015490634,225291.88711804818,True,False,True
2019-09-24,264477.22623021423,247175.09761915807,222336.58711927576,True,False,True
2019-09-25,266092.387207925,249412.41648780843,224526.1269625182,True,False,True
2019-09-26,265564.76795520616,249217.8670209693,223859.7120467765,True,False,True
2019-09-27,264078.8198557123,246396.89975180133,224700.3736677352,False,False,False
2019-09-30,265381.7163777323,248050.5702199343,226208.4298668475,False,False,False
2019-10-01,262194.4653817164,276773.2349938876,252401.9149063979,False,False,False
2019-10-02,257564.33724561214,271755.08819196426,247825.64197988153,False,False,False
2019-10-03,259610.20781737912,273550.1976170425,249462.6827015622,False,False,False
2019-10-04,263217.40066759987,277344.4061745944,252922.79149965994,False,False,False
2019-10-07,262086.78798320232,276120.46793022286,251806.62737124134,False,False,False
2019-10-08,258016.58231937114,271755.08819196426,247825.64197988153,False,False,False
2019-10-09,260417.7883062345,273876.58114887495,249760.32646914045,False,False,False
2019-10-10,262194.4653817164,275834.88233986945,251546.18907461027,False,False,False
2019-10-11,264929.4713039733,278282.7588286125,253778.5173314475,False,False,False
2019-10-14,264681.8132873909,278119.5670626964,253629.69544765842,False,False,False
2019-10-15,267244.5353720254,280730.6353173557,256010.8455882848,False,False,False
2019-10-16,266824.59351782064,280649.0394343976,255936.43464639023,False,False,False
2019-10-17,267546.03208786476,281628.19002989476,256829.36594912512,False,False,False
2019-10-18,266447.7226230214,281016.22090770904,256271.28388491576,False,False,False
2019-10-21,268299.77387746307,283096.91592314065,258168.76290322744,False,False,False
2019-10-22,267362.98051039083,284239.2582845541,259210.5160897515,False,False,False
2019-10-23,268149.02551954344,284769.63152378175,259694.1872120662,False,False,False
2019-10-24,268590.502853451,283668.08710384736,258689.6394964895,False,False,False
2019-10-25,269710.3477979972,285055.21711413516,259954.62550869727,False,False,False
2019-10-28,271271.6700764509,286279.1553585067,261070.78963711587,False,False,False
2019-10-29,271099.3862388285,287421.4977199202,262112.54282363993,False,False,False
2019-10-30,272057.7150856035,287992.6689006269,262633.41941690195,False,False,False
2019-10-31,271174.76041778835,286891.12448069244,261628.87170132514,False,False,False
2019-11-01,273759.0179821256,255291.06738725936,232811.36367273936,False,False,False
2019-11-04,274846.55970711744,255677.87203481584,233164.10816315262,False,False,False
2019-11-05,274491.224292021,255097.66506348114,232634.99142753275,False,False,False
2019-11-06,274641.97264994076,289101.8351182827,263644.9177913455,False,False,False
2019-11-07,275611.0692365672,290555.6228071021,264970.69192746625,False,False,False
2019-11-08,276289.4368472057,291444.04861693614,250429.00113950894,True,False,True
2019-11-11,275751.0498546355,290394.09084167774,249606.05168449192,True,False,True
2019-11-12,276300.2045870572,290394.09084167774,249771.69454369563,True,False,True
2019-11-13,276418.6497254226,290192.17588489724,249226.3733011844,True,False,True
2019-11-14,276784.7528803704,289949.87793676066,249197.3332742252,True,False,True
2019-11-15,278852.1589318402,292372.85741812637,251475.58352978888,True,False,True
2019-11-18,279024.44276946265,258098.7424838189,232304.97638209208,True,False,True
2019-11-19,278884.4621513944,258481.53631768445,232288.3865453673,True,False,True
2019-11-20,277904.59782491653,257428.85327455425,231051.09363103224,True,False,True
2019-11-21,277473.88823086035,256567.56714835684,230578.34552876887,True,False,True
2019-11-22,278087.6494023904,256663.26560682323,231043.05203456833,True,False,True
2019-11-25,280198.1264132658,259055.7270684827,233984.35476815383,True,False,True
2019-11-26,280768.81662539026,260108.41011161284,234191.21721541267,True,False,True
2019-11-27,282093.2486271131,261830.98236400762,235734.36275324106,True,False,True
2019-11-29,281005.70690212125,260969.69623781022,234581.51433778554,True,False,True
2019-12-02,278722.94605362334,257811.6471084198,231755.8338174766,True,False,True
2019-12-03,276763.21740066755,256376.1702314241,229587.1006122998,True,False,True
2019-12-04,278539.8944761494,257620.25019148705,231382.84042920248,True,False,True
2019-12-05,279056.74598901696,257907.34556688616,231499.21030010688,True,False,True
2019-12-06,281533.32615484006,260491.2039454783,234421.91279785166,True,False,True
2019-12-09,280682.6747065791,259629.91781928096,233536.99419677048,True,False,True
2019-12-10,280413.481210294,259247.12398541544,233306.24797395075,True,False,True
2019-12-11,281145.6875201895,260299.8070285456,234729.03660289664,True,False,True
2019-12-12,283622.26768601267,261448.1885301421,237585.13873991137,True,False,True
2019-12-13,283729.9450845267,262787.9669486714,237784.6819281437,True,False,True
2019-12-16,285732.74469688814,264701.9361179989,239803.87402902998,True,False,True
2019-12-17,285786.58339614514,264606.2376595325,240039.87847137943,True,False,True
2019-12-18,285808.11887584795,264893.3330349317,239249.50600807628,True,True,True
2019-12-19,286992.5702595025,266711.6037457928,240718.96384665053,True,True,True
2019-12-20,288456.9828792936,267764.28678892297,241986.96953965095,True,True,True
2019-12-23,288736.9441154302,268338.47753972124,243107.105140526,True,True,True
2019-12-24,288736.9441154302,268338.47753972124,243216.0187511411,True,True,True
2019-12-26,290212.1244750726,270826.6374598471,244699.94920804736,True,True,True
2019-12-27,290212.1244750726,270826.6374598471,244212.35916955562,True,True,True
2019-12-30,288618.49897706474,269008.3667489859,242584.49937878907,True,True,True
2019-12-31,289361.4730268117,269391.1605828514,243092.46297845172,True,True,True
2020-01-02,291924.1951114461,273410.4958384392,247186.05492742255,True,True,True
2020-01-03,289792.18262086785,271592.2251275781,244572.84877796282,True,True,True
2020-01-06,290879.7243458598,273410.4958384392,244899.7081047787,True,True,True
2020-01-07,290082.9115968558,273123.4004630401,246164.04749386068,True,True,True
2020-01-08,291579.62743620115,275420.1634662332,247437.07151598623,True,True,True
2020-01-09,293593.19478841394,278195.4187617581,249391.5609364131,True,True,True
2020-01-10,292753.31108000426,277525.5295524934,248207.99642574228,True,True,True
2020-01-13,294691.50425325724,280492.18176495115,250874.0285378682,True,True,True
2020-01-14,294293.09787875524,279152.4033464219,250524.3682901954,True,True,True
2020-01-15,294949.9300096909,279917.9910141529,249666.64592709832,True,True,True
2020-01-16,297415.74243566266,282693.24630967784,252720.71318645534,True,True,True
2020-01-17,298427.9099816948,284320.1201036062,253785.30390767154,True,True,True
2020-01-21,297803.3810703133,284415.8185620726,253379.99511740907,True,True,True
2020-01-22,297889.5229891246,284511.517020539,253697.0728401716,True,True,True
2020-01-23,298180.25196511246,285277.10468826996,254640.60695672376,True,True,True
2020-01-24,295456.013782707,282788.94476814417,252325.75763789224,True,True,True
2020-01-27,290761.2792074943,277716.9264694262,245597.65847968476,True,True,True
2020-01-28,293916.226983956,281640.5632665477,249726.32398843576,True,True,True
2020-01-29,293625.4980079681,282788.94476814417,248917.0887218941,True,True,True
2020-01-30,294540.7558953376,283554.53243587515,249207.77566141103,True,True,True
2020-01-31,289253.7956282976,278865.30797102273,243405.90561827362,True,True,True
2020-02-03,291364.27263917297,282597.54785121145,246386.68352630368,True,True,True
2020-02-04,295854.420157209,288339.455359194,252515.47571395471,True,True,True
2020-02-05,299192.41951114463,288913.64610999235,255018.1320477169,True,True,True
2020-02-06,300215.35479702806,290923.31373778626,256023.3854848113,True,True,True
2020-02-07,298686.3357381285,290062.0276115888,253165.90626042226,True,True,True
2020-02-10,300829.1159685582,293698.5690333112,256095.5903468227,True,True,True
2020-02-11,301378.2707009798,293411.47365791205,258012.3600785664,True,True,True
2020-02-12,303316.4638742328,295899.63357803784,260871.76654412688,True,True,True
2020-02-13,303025.73489824485,295995.33203650423,260849.08340655093,True,True,True
2020-02-14,303531.81867126084,297526.50737196626,260960.52468267363,True,True,True
2020-02-18,302702.70270270266,297622.20583043265,259607.41304773244,True,True,True
2020-02-19,304156.3475826424,299823.2703751593,263095.16031438473,True,True,True
2020-02-20,302961.1284591364,297622.20583043265,260997.95921272118,True,True,True
2020-02-21,299827.71616237744,292454.4890732483,255529.93043442798,True,True,True
2020-02-24,289792.18262086785,281544.8648080813,244821.6884493239,True,True,True
2020-02-25,281091.84882093244,273506.1942969056,237098.42284409667,True,True,True
2020-02-26,279842.7909981694,273888.9881307711,236832.9645424759,True,True,True
2020-02-27,267438.35468935064,260395.50548701195,225783.1146397135,True,True,True
2020-02-28,265833.9614514913,261448.1885301421,227620.15363767082,True,False,True
2020-03-02,277700.01076773985,274080.38504770386,241982.6063242703,False,False,False
2020-03-03,270033.37999353936,265754.61916112906,234631.87771036965,False,False,False
2020-03-04,281221.0616991493,276759.9418847625,244348.35806207746,False,False,False
2020-03-05,271810.0570690212,266903.0006627256,235645.771312287,False,False,False
2020-03-06,267244.5353720254,262118.07773940676,228135.11042303377,True,True,False
2020-03-09,246624.31355658444,242786.98912919863,210468.13106579697,True,True,False
2020-03-10,259287.17562183694,257237.4563576215,223166.6498224802,True,True,False
2020-03-11,246430.4942392592,244796.65675699248,211884.75553422733,True,True,False
2020-03-12,222590.71820824806,222498.91593432665,191393.78497226397,True,True,False
2020-03-13,243393.99160116288,243169.78296306412,209472.61019132982,True,True,False
2020-03-16,214816.4100355335,212641.9747122898,181676.97316734205,True,True,False
2020-03-17,228879.07828146868,225848.36198064985,194264.83947125927,True,True,False
2020-03-18,216366.96457413587,215321.5315493484,182487.1297796043,True,True,False
2020-03-19,216560.78389146115,218670.97759567157,185473.26220788568,True,True,False
2020-03-20,207128.24378163024,209101.1317490339,179185.2106978951,True,True,False
2020-03-23,200764.50952944974,206230.17799504253,180203.10155547768,True,True,False
2020-03-24,219909.55098524818,225465.56814678435,197717.84341472847,True,True,False
2020-03-25,222730.69882631634,226135.45735604895,197483.71709229145,True,True,False
2020-03-26,236114.999461613,239150.4477074762,209090.09552931378,True,True,False
2020-03-27,228868.3105416173,230441.88798703594,199920.6770413997,True,True,False
2020-03-30,236265.74781953264,238576.25695667797,207282.9886793372,True,True,False
2020-03-31,232755.46462797458,235609.6047442203,204113.73688455168,True,True,False
2020-04-01,222267.68601270588,225082.77431291886,194603.98117927503,True,True,False
2020-04-02,227468.50436093463,229102.10956850668,198764.14811210847,True,True,False
2020-04-03,224108.9695272962,226231.15581451537,195692.98264884498,True,True,False
2020-04-06,239345.32141703455,243361.17987999687,212309.0783744834,True,True,False
2020-04-07,239474.5342952514,242595.59221226588,211646.25196883132,True,True,False
2020-04-08,247604.1778830623,249103.0873879795,217848.86902518582,True,True,False
2020-04-09,251286.7449122429,251112.75501577338,216882.47229883212,True,True,False
2020-04-13,248842.4679659739,251591.24730810526,218232.67567407113,True,True,False
2020-04-14,256444.492301066,261256.79161320935,227069.55851130877,True,True,False
2020-04-15,250856.03531818665,257620.25019148705,222753.35851608348,True,True,False
2020-04-16,252126.62862065248,260586.9024039447,226613.1422118672,True,True,False
2020-04-17,259082.58856466025,265180.42841033085,229913.05025177606,True,True,False
2020-04-20,254420.15720900183,261065.3946962766,225837.58799676722,True,True,False
2020-04-21,246645.84903628728,252069.73960043717,217152.46620309987,True,True,False
2020-04-22,252072.78992139542,259629.91781928096,225882.78298605367,True,True,False
2020-04-23,252018.95122213848,258960.0286100163,224715.52943829994,True,True,False
2020-04-24,255679.9827716162,262979.3638656041,228611.66253077032,True,True,False
2020-04-27,259373.31754064822,265276.1268687972,230931.83506374885,True,True,False
2020-04-28,258167.3306772908,261161.09315474296,228149.44498556273,True,True,False
2020-04-29,264821.7939054592,270061.04979211604,237081.74639820712,True,True,False
2020-04-30,262517.4975772585,270922.3359183135,234051.45031140742,True,True,False
2020-05-01,255356.95057607404,263553.5546164024,225882.88821019113,True,True,False
2020-05-04,256164.53106492947,266233.11145346094,228256.9049942367,True,True,False
2020-05-05,258522.66609238717,269582.5574997842,231168.5701878599,True,True,False
2020-05-06,256789.05997631096,270156.74825058243,232508.54684081278,True,True,False
2020-05-07,259825.56261440722,273984.6865892375,235348.73019217027,True,True,False
2020-05-08,264164.9617745235,277429.83109402703,239475.5331207096,True,True,False
2020-05-11,264208.0327339291,279248.1018048882,238935.40313591162,True,True,True
2020-05-12,258888.769247335,273697.5912138384,233085.64435536193,True,True,True
2020-05-13,254301.71207063633,270061.04979211604,228523.2342089748,True,True,True
2020-05-14,257370.51792828683,272357.81279530906,232323.44008726082,True,True,True
2020-05-15,258522.66609238717,274845.97271543485,231841.5509283624,True,True,True
2020-05-18,266426.1871433186,281162.0709742158,242238.24630605496,True,True,True
2020-05-19,263906.5360180898,280013.68947261927,239893.12151677042,True,True,True
2020-05-20,268213.6319586519,285181.40622980363,246050.09218068252,True,True,True
2020-05-21,266286.2065252503,282884.64322661055,243523.4821961509,True,True,True
2020-05-22,266889.199956929,283745.9293528079,243773.11389751383,True,True,True
2020-05-26,270324.1089695273,284128.7231866735,248488.0233201749,True,True,True
2020-05-27,274265.1017551416,285755.59698060184,252965.4718397208,True,True,True
2020-05-28,273715.9470227199,286234.0892729338,249530.27653436983,True,True,True
2020-05-29,274954.2371056315,288435.1538176604,250310.14791345553,True,True,True
2020-06-01,276149.45622913743,290444.8214454544,252821.85488560738,True,True,True
2020-06-02,278421.44933778397,292454.4890732483,256381.6679359777,True,True,True
2020-06-03,282093.2486271131,294464.15670104214,262697.46141651616,True,True,True
2020-06-04,281371.810057069,291593.2029470509,264037.88047624164,True,True,True
2020-06-05,288575.42801765905,298196.3965812309,272923.19788741536,True,True,True
2020-06-08,292074.9434693657,300397.4611259576,278106.92005140136,True,True,True
2020-06-09,289996.76967804454,301641.5410860205,275237.2048131879,True,True,True
2020-06-10,288187.7893830085,304512.4948400118,272539.35040333774,True,True,True
2020-06-11,271573.1667922903,288626.5507345932,253985.6387344141,True,True,True
2020-06-12,274846.55970711744,291497.50448858447,259177.05009639304,True,True,True
2020-06-15,277355.44309249485,294368.4582425758,262064.2685632756,True,True,True
2020-06-16,282782.38397760305,300014.66729209205,267666.6711094994,True,True,True
2020-06-17,281490.2551954345,300588.8580428903,266575.40831073315,True,True,True
2020-06-18,281737.91321201675,301067.3503352222,266760.89839699765,True,True,True
2020-06-19,280079.6812749004,299823.2703751593,264673.0585094912,True,True,True
2020-06-22,281931.73252934206,303842.60563074716,266910.61340421747,True,True,True
2020-06-23,283213.09357165924,306426.46400933934,268690.9976723588,True,True,True
2020-06-24,275966.40465166356,299057.6827074283,260212.36671875144,True,True,True
2020-06-25,278895.2298912458,302311.43029528507,263467.5374640202,True,True,True
2020-06-26,272359.2118014429,294655.5536179749,256557.40988783835,True,True,True
2020-06-29,276332.50780661136,298004.99966429814,260498.17441580855,True,True,True
2020-06-30,280015.07483579195,303746.9071722808,265643.28958459455,True,True,True
2020-07-01,281931.73252934206,307479.1470524695,265308.6687300298,True,True,True
2020-07-02,283353.07418972754,308914.62392946513,267383.50251256337,True,True,True
2020-07-06,287746.3120491009,316187.7067729098,273522.5144101734,True,True,True
2020-07-07,284763.6481102616,313316.7530189185,269273.1554032876,True,True,True
2020-07-08,286884.89286098845,317623.18364990543,272835.9701469791,True,True,True
2020-07-09,285420.4802411973,319154.3589853675,272430.15978244075,True,True,True
2020-07-10,288284.6990416711,320972.62969622866,275088.4946605571,True,True,True
2020-07-13,285678.9059976311,314465.134520515,271022.3916486985,True,True,True
2020-07-14,289501.4536448799,317718.8821083718,274424.1070658908,True,True,True
2020-07-15,292064.1757295144,319345.7559023002,277813.52143563086,True,True,True
2020-07-16,291213.52428125334,316666.1990652417,276154.89085997734,True,True,True
2020-07-17,291988.8015505545,317623.18364990543,276184.8143620296,True,True,True
2020-07-20,294422.3107569721,325566.1557026148,280255.92589941574,True,True,True
2020-07-21,295036.0719285022,323173.69424095534,280758.8771879359,True,True,True
2020-07-22,296715.8393453214,324991.9649518165,282047.9581373351,True,True,True
2020-07-23,293162.4851943577,317144.69135757355,277544.36386081274,True,True,True
2020-07-24,291267.36298051034,315900.6113975106,275597.76700987946,True,True,True
2020-07-27,293388.60773123725,320494.1374038968,280420.73290192644,True,True,True
2020-07-28,291568.85969634965,316761.89752370806,276263.8839169813,True,True,True
2020-07-29,295100.67836761056,320972.62969622866,281838.02372204966,True,True,True
2020-07-30,294023.90438247006,321738.21736395964,281767.3534058736,True,True,True
2020-07-31,296478.9490685905,327001.63257961045,283067.2578099743,True,True,True
2020-08-03,298352.53580273496,330733.8724597991,286222.67405346455,True,True,True
2020-08-04,299601.59362549795,331786.55550292926,288161.36518983403,True,True,True
2020-08-05,301475.1803596425,333891.9215891895,290591.2168054666,True,True,True
2020-08-06,303499.51545170665,338389.74913710926,292122.9498666698,True,True,True
2020-08-07,303661.0315494777,335231.7000077188,290939.1138004006,True,True,True
2020-08-10,304619.36039625277,333891.9215891895,292642.48543731315,True,True,True
2020-08-11,302164.3157101324,328819.9032904715,289849.490569679,True,True,True
2020-08-12,306299.12781307194,335710.1923000507,295205.2268449493,True,True,True
2020-08-13,305782.27630020457,337337.0660939791,294452.8880774067,True,True,True
2020-08-14,305782.27630020457,336667.17688471446,294688.38306273107,True,True,True
2020-08-17,306772.90836653375,340112.32138950407,296742.6493857518,True,True,True
2020-08-18,307408.20501776674,343078.97360196174,296366.4636009322,True,True,True
2020-08-19,306105.3084957467,341452.0998080333,295086.64298491477,True,True,True
2020-08-20,307074.4050823732,345471.43506362115,295225.869752553,True,True,True
2020-08-21,308172.7145472165,347768.1980668142,296371.0866691176,True,True,True
2020-08-24,311306.12684397545,350352.05644540634,300742.9819932537,True,True,True
2020-08-25,312393.6685689674,353031.61328246497,302718.320809154,True,True,True
2020-08-26,315580.9195649833,361357.3791690397,305895.9196746909,True,True,True
2020-08-27,316216.2162162162,360400.39458437596,305462.07979107887,True,True,True
2020-08-28,318272.85452783457,362697.157587569,309027.18198656634,True,True,True
2020-08-31,317153.00958328845,364228.3329230311,308015.4766880541,True,True,True
2020-09-01,320114.13804242486,369683.1450556146,312331.2450054382,True,True,True
2020-09-02,324776.5693980834,373319.68647733686,317102.2527625697,True,True,True
2020-09-03,313535.0489932163,355136.97936872527,304060.4751753154,True,True,True
2020-09-04,311026.1656078389,349969.26261154085,301414.9487064469,True,True,True
2020-09-08,302476.5801658232,335901.58921698347,289732.74050093617,True,True,True
2020-09-09,308452.675783353,346045.62581441936,296330.84023348475,True,True,True
2020-09-10,303058.03811779903,339251.03526330664,291342.4122220424,True,True,True
2020-09-11,303284.1606546786,337528.46301091195,290755.39849684114,True,True,True
2020-09-14,307225.15344029287,342791.87822656264,296478.902717787,True,True,True
2020-09-15,308808.0111984494,347481.1026914151,299490.6009580061,True,True,True
2020-09-16,307558.95337568637,342600.4813096298,297956.8001923421,True,True,True
2020-09-17,304867.01841283514,337815.558386311,295414.2329542227,True,True,True
2020-09-18,301324.43200172274,332839.2385460594,290987.9391018101,True,True,True
2020-09-21,298051.03908689565,333509.127755324,287665.6089499794,True,True,True
2020-09-22,301066.0062452891,339251.03526330664,290698.86532084073,True,True,True
2020-09-23,294088.5108215785,329298.3955828034,282750.31703695614,True,True,True
2020-09-24,294906.8590502853,330159.68170900084,283767.1611922487,True,True,True
2020-09-25,299623.12910520076,337719.8599278446,288844.1760167273,True,True,True
2020-09-28,304640.89587595564,343461.76743582723,295657.61497679,True,True,False
2020-09-29,302907.28975987935,342791.87822656264,295929.0472066577,True,True,False
2020-09-30,305233.12156778295,344897.2443128229,296849.2989950567,True,True,False
2020-10-01,307171.3147410358,349682.1672361418,302236.7467547422,True,True,False
2020-10-02,304317.8636804135,342026.2905588316,294647.9062461487,True,True,False
2020-10-05,309637.1271670076,349012.27802687715,302258.8220428637,True,True,False
2020-10-06,305308.4957467427,342504.7828511635,297814.8396787165,True,True,False
2020-10-07,310541.61731452565,348533.7857345452,303512.643769398,True,True,False
2020-10-08,313298.15871648537,350160.6595284736,305855.1820914187,True,True,False
2020-10-09,316087.00333799934,355806.86857798987,308839.67408130004,True,True,True
2020-10-12,321180.1442877139,364515.4282984302,314228.38229178183,True,True,True
2020-10-13,319123.5059760956,363271.3483383673,311912.41899674764,True,True,True
2020-10-14,317131.4741035856,360974.5853351742,310401.9981189355,True,True,True
2020-10-15,316754.60320878646,358486.42541504843,309657.31488876534,True,True,True
2020-10-16,316485.40971250134,357146.6469965192,308115.00191697513,True,True,True
2020-10-19,311704.53321847745,351309.04103007016,304426.73578900687,True,True,True
2020-10-20,312932.0555615376,352744.5179070658,306100.99873069173,True,True,True
2020-10-21,312372.13308926456,352361.7240732003,304722.51811517245,True,True,True
2020-10-22,314084.203725638,351787.533322402,306779.18063914496,True,True,True
2020-10-23,315160.9777107785,353510.1055747968,307818.58615954034,True,True,True
2020-10-26,309357.1659308711,347385.40423294867,300836.7365349859,True,True,True
2020-10-27,308334.23064498755,349873.5641530745,300139.22401035397,True,True,True
2020-10-28,297717.2391515021,335327.3984661852,288684.72757915617,True,True,True
2020-10-29,300850.651448261,340303.7183064368,294357.0293191647,True,True,True
2020-10-30,297469.5811349197,333126.3339214585,290207.4613037397,True,True,True
2020-11-02,300936.79336707224,333891.9215891895,293407.35047424794,True,True,True
2020-11-03,306234.52137396357,339633.8290971721,298914.2037544398,True,True,True
2020-11-04,313136.64261871425,353988.59786712873,306826.2001706454,True,True,True
2020-11-05,319263.4865941638,362697.157587569,315862.9415108756,True,True,True
2020-11-06,319231.1833746096,363079.9514214345,316248.99299750477,True,True,True
2020-11-09,323204.4793797782,357720.83774731745,321698.76108136267,True,True,True
2020-11-10,322784.53752557334,351596.13640546927,316676.69363861147,True,True,True
2020-11-11,325056.5306342198,358390.72695658205,321116.56481868256,True,True,True
2020-11-12,322052.3312156777,396556.5789536558,335346.72882901406,True,True,True
2020-11-13,326434.80133519974,403583.60358420055,342618.9274517291,True,True,True
2020-11-16,330386.5618606654,410001.98828611546,351100.72561418824,True,True,True
2020-11-17,328739.0976634004,407954.74488981505,349679.4839490955,True,True,True
2020-11-18,324755.03391838056,402974.96365557075,346175.8444238317,True,True,True
2020-11-19,326111.7691396576,403417.61087639246,348417.4466886708,True,True,True
2020-11-20,323925.9179498223,401481.02928529744,346475.68201939965,True,True,True
2020-11-23,325842.57564337243,406350.14871433633,353321.1351144078,True,True,True
2020-11-24,331118.76817056094,415037.1004229625,361434.16371415363,True,True,True
2020-11-25,330580.38117799076,412159.89348762133,358950.888886322,True,True,True
2020-11-27,331517.17454506294,412325.88619542954,359751.0678727468,True,True,True
2020-11-30,330031.2264455691,408231.39940282865,355920.64713952853,True,True,True
2020-12-01,333659.95477549254,412104.56258501863,360379.08172754163,True,True,True
2020-12-02,334370.6256056853,414926.43861775706,363453.8687887498,True,True,True
2020-12-03,334262.9482071713,415535.0785463869,365478.2874142853,True,True,True
2020-12-04,337148.7024873478,420736.1833910421,373380.74851300084,True,True,True
2020-12-07,336524.1735759663,417637.65284529014,371501.41611494066,True,True,True
2020-12-08,337493.2701625928,419961.5507546042,373079.07213233237,True,True,True
2020-12-09,334499.8384839022,420127.5434624123,370150.9598612664,True,True,True
2020-12-10,334338.3223861311,418356.95457912533,370377.9045807211,True,True,True
2020-12-11,333907.612792075,418024.969163509,368186.0354542391,True,True,True
2020-12-14,332378.59373317537,413155.84973447025,364977.26351387636,True,True,True
2020-12-15,336976.4186497254,418633.609092139,370760.89461299864,True,True,True
2020-12-16,337493.2701625928,418135.6309687144,370041.6101605147,True,True,True
2020-12-17,339323.78593733173,419684.89624159044,370869.9568215021,True,True,True
2020-12-18,337967.0507160547,418246.29277392005,368935.74007268477,True,True,True
2020-12-21,336922.5799504683,375214.9223678199,348478.69352609006,True,True,True
2020-12-22,336265.7478195327,376076.38519978675,347691.01784317085,True,True,True
2020-12-23,336534.9413158178,373683.4328887675,347774.81345370365,True,True,True
2020-12-24,337880.90879724344,375597.79473758297,349477.2374389256,True,True,True
2020-12-28,340820.501776677,380287.98126718064,351586.03406628297,True,True,True
2020-12-29,340099.0632066329,379905.1088974176,350538.060668834,True,True,True
2020-12-30,340551.3082803919,379235.0822503322,353185.09503224824,True,True,True
2020-12-31,342392.59179498226,380000.8269898584,354005.661214333,True,True,True
2021-01-04,337751.69591902656,374544.8957207345,350345.59929498646,True,True,True
2021-01-05,339969.85032841604,376554.9756619907,354979.9369329703,True,True,True
2021-01-06,342026.4886400344,371864.7891323929,355734.52723026345,True,True,True
2021-01-07,347141.1650694519,380000.8269898584,364803.67458161135,True,True,True
2021-01-08,349090.12598255626,421717.8104825274,384632.1272236364,True,True,True
2021-01-11,346807.3651340583,422951.8447880106,386777.0909312311,True,True,True
2021-01-12,346839.6683536126,423917.610766215,389803.5200882028,True,True,True
2021-01-13,347711.8552815764,424507.80108622863,388690.44382009114,True,True,True
2021-01-14,346538.17163777316,426224.71838081395,393714.25150015106,True,True,True
2021-01-15,344061.59147195,421932.4251443506,387639.2712730592,True,True,True
2021-01-19,346785.82965435553,423702.9961043917,392514.6741183579,True,True,True
2021-01-20,351491.3319694196,424400.49375531706,392628.7632996848,True,True,True
2021-01-21,351825.13190481317,422468.96179890854,391803.96696908283,True,True,True
2021-01-22,350565.3063421988,419839.9321915748,388227.372209036,True,True,True
2021-01-25,351997.4157424356,419947.23952248634,387319.0790676742,True,True,True
2021-01-26,351469.7964897168,418498.5905551799,383563.67064311844,True,True,True
2021-01-27,342941.7465274039,408358.04778403515,371410.26028385304,True,True,True
2021-01-28,345816.7330677291,413723.41432961443,377961.4258387134,True,True,True
2021-01-29,338893.0763432755,406748.43782036135,370303.39649847563,True,True,True
2021-02-01,344459.997846452,409162.852765872,376212.9235707741,True,True,True
2021-02-02,349413.15817809844,414474.5656459955,381736.38945627393,True,True,True
2021-02-03,349757.7258533433,416084.17560966924,382606.5524822633,True,True,True
2021-02-04,353677.1831592548,420483.7761770442,387771.1158259032,True,True,True
2021-02-05,355087.7570797889,421932.4251443506,388275.78987133614,True,True,True
2021-02-08,357715.0856035318,425634.5280608002,395598.2040668481,True,True,True
2021-02-09,357424.35662754386,425312.6060680655,394416.7002813593,True,True,True
2021-02-10,357284.37600947556,425312.6060680655,395372.57870673406,True,True,True
2021-02-11,357865.8339614515,425151.6450716982,398579.4069035623,True,True,True
2021-02-12,359685.58199633897,427244.138024474,401586.7801850799,True,True,True
2021-02-16,359341.014321094,427458.75268629723,404338.7380932354,True,True,True
2021-02-17,359427.1562399052,429658.5529699847,403360.64258408995,True,True,True
2021-02-18,357887.3694411543,427619.7136826647,399706.9354217097,True,True,True
2021-02-19,357230.5373102185,427566.0600172088,404532.026205754,True,True,True
2021-02-22,354420.1572090017,430141.43595908687,404156.0136696154,True,True,True
2021-02-23,354872.4022827608,432019.3142500395,404969.81425936456,True,True,True
2021-02-24,358791.8595886723,437599.29545744194,414002.38813755405,True,True,True
2021-02-25,350188.4354473996,430838.9336100122,401837.0367308449,True,True,True
2021-02-26,348271.77775384946,424722.41574805183,400152.4790823226,True,True,True
2021-03-01,356767.5244966081,433897.1925409923,415008.92858957907,True,False,True
2021-03-02,354000.21535479696,432931.4265627881,413777.4532393582,True,False,True
2021-03-03,349337.78399913857,432502.1972391417,414704.12136873644,True,False,True
2021-03-04,345030.6880585765,428370.8649990457,410377.108467876,True,False,True
2021-03-05,351351.3513513513,437813.9101192651,419788.1029600249,True,False,True
2021-03-08,349628.51297512645,442535.4326793749,423732.98379719164,True,False,True
2021-03-09,354527.83460751583,441516.01303571486,421730.9271996999,True,False,True
2021-03-10,356713.68579735106,446935.03324674984,427640.2430283548,True,False,True
2021-03-11,360482.3947453429,446183.8819303687,428730.5562530241,True,False,True
2021-03-12,360988.47851835896,449671.3701849953,432534.94216944405,True,False,True
2021-03-15,363077.42004953156,449993.29217773,433914.7506459533,True,False,True
2021-03-16,362668.2459351782,447954.4528904098,428590.8135472747,True,False,True
2021-03-17,363852.69731883274,449081.17986498156,431977.49187163456,True,False,True
2021-03-18,358511.8983525358,448008.10655586567,427661.3115720555,True,False,True
2021-03-19,357865.8339614515,445969.26726854563,426073.2520695631,True,False,True
2021-03-22,360697.7495423711,446613.11125401506,424547.2855260122,True,False,True
2021-03-23,358048.8855389253,442481.77901391906,416786.65061297157,True,False,True
2021-03-24,356067.6214062668,443286.583995756,417429.14838953794,True,False,True
2021-03-25,358070.42101862817,448061.7602213215,423560.73023714015,True,False,True
2021-03-26,363906.53601808974,456002.50270877866,431669.5235288231,True,False,True
2021-03-29,363691.1812210617,455895.1953778671,428623.35825517663,True,False,True
2021-03-30,362765.1555938408,454661.1610723839,430456.7062460155,True,False,True
2021-03-31,364197.26499407773,452890.59011234273,429119.40876947495,True,False,True
2021-04-01,368062.88360073214,454875.7757342071,433208.9908203102,True,False,True
2021-04-05,373371.37934747495,458363.2639888336,435671.8831537489,True,False,True
2021-04-06,373156.02455044683,457558.4590069967,435500.14538280794,True,False,True
2021-04-07,373629.80510390864,457558.4590069967,435477.746862791,True,False,True
2021-04-08,375449.5531387962,457504.8053415409,429803.9265144874,True,True,True
2021-04-09,378141.48810164747,460026.52761796315,431164.64120429906,True,True,True
2021-04-12,378313.77193926985,460348.4496106979,430140.90939853346,True,True,True
2021-04-13,379347.47496500483,458685.1859815683,428234.3051228725,True,True,True
2021-04-14,378130.72036179603,460402.1032761537,429415.53348047653,True,True,True
2021-04-15,382190.15828577575,463031.13288348756,431633.8191170548,True,True,True
2021-04-16,383525.35802735004,465982.08448355604,432841.4296672383,True,True,True
2021-04-19,381641.0035533541,464801.70384352864,429066.8758620739,True,True,True
2021-04-20,378841.3911919887,461689.7912470927,423443.0625430657,True,True,True
2021-04-21,382394.74534295243,466196.69914537936,430454.4281297968,True,True,True
2021-04-22,378884.4621513944,461958.05957437167,425107.0902183646,True,True,True
2021-04-23,382922.3645956713,465230.9331671749,430876.0477540821,True,True,True
2021-04-26,383751.48056422954,463782.28419986856,432841.8134352406,True,True,True
2021-04-27,383633.03542586404,420372.3575683346,411433.13770090224,True,True,True
2021-04-28,383449.98384839017,419600.1465785422,410539.7127682594,True,True,True
2021-04-29,386012.7059330246,421048.0421844031,413023.3841896151,True,True,True
2021-04-30,383460.7515882416,417959.1982252329,407446.18129805056,True,True,True
2021-05-03,384332.93851620547,416125.1971244755,406597.4174177854,True,True,True
2021-05-04,381996.3389684505,409754.4564586868,401769.71736339724,True,True,True
2021-05-05,382060.94540755893,407727.40261048125,402419.34828133276,True,True,True
2021-05-06,385172.822224615,410140.56195358303,404866.10507583595,True,True,True
2021-05-07,387929.36362657475,413229.4059127533,411790.969708718,True,False,True
2021-05-10,384128.3514590287,404252.4531564147,405140.8459495577,True,False,True
2021-05-11,380758.0488855389,403287.18941917387,401876.039066401,True,False,True
2021-05-12,372628.405297728,392476.2355620778,391658.00448163756,True,False,True
2021-05-13,377053.94637665554,396047.71138986846,395723.75371529604,True,False,True
2021-05-14,382846.9904167115,403769.82128779416,405198.798406477,True,False,True
2021-05-17,381920.9647894906,401839.2938133129,405408.90340553963,True,False,True
2021-05-18,378626.03639496065,398846.9762278666,401386.2494885608,True,False,True
2021-05-19,377624.63658878,398653.9234804184,399255.34566800686,True,False,True
2021-05-20,381651.7712932055,405700.3487622757,403385.0279348453,True,False,True
2021-05-21,381361.04231721757,403576.7685403461,402634.45104884915,True,False,True
2021-05-24,385215.89318402065,410044.03557985893,408714.7029811464,True,False,True
2021-05-25,384408.3126951652,411009.2993170997,408187.05935884855,True,False,True
2021-05-26,385108.2157855066,411781.5103068923,409317.25865318446,True,True,True
2021-05-27,385269.7318832777,410912.77294337563,410788.7526788464,True,True,True
2021-05-28,386023.473672876,411588.45755944407,412008.53387959755,True,True,True
2021-06-01,385721.9769570367,410140.56195358303,413061.3963271609,True,True,True
2021-06-02,386378.8090879724,411105.8256908238,414616.0777865736,True,True,True
2021-06-03,384903.6287283299,406858.66524696455,409757.7297824749,True,True,True
2021-06-04,388392.3764401852,412553.72129668493,415299.8569033235,True,True,True
2021-06-07,388069.344244643,413325.93228647736,415026.6343008947,True,True,True
2021-06-08,388123.1829439,413518.98503392556,414597.8983682835,True,True,True
2021-06-09,387509.42177236994,413712.0377813736,413023.04250954266,True,True,True
2021-06-10,389307.63432755467,417766.1454777847,415769.52312292246,True,True,True
2021-06-11,389986.00193819316,419310.5674573698,417349.3651133443,True,True,True
2021-06-14,390965.86626467097,423075.09603260865,419685.06473424245,True,True,True
2021-06-15,390147.51803596417,420854.9894369551,417880.3473473481,True,True,True
2021-06-16,388004.73780553456,418731.40921502543,415817.52017358725,True,True,True
2021-06-17,387864.7571874663,424040.3597698494,416882.7539076476,True,True,True
2021-06-18,382717.7775384946,421337.62130557536,410632.24336808297,True,True,True
2021-06-21,388069.344244643,424812.57075964194,415609.4646080901,True,True,True
2021-06-22,390136.75029611285,429252.7839509494,418598.56407275196,True,True,True
2021-06-23,389716.80844190804,429735.41581956967,419843.6449748521,True,True,True
2021-06-24,391945.7305911489,431665.94329405116,423585.2442480569,True,True,True
2021-06-25,393388.6077312372,431376.3641728789,423862.8185382343,True,True,True
2021-06-28,394206.955959944,435526.998243014,426632.6218962882,True,True,True
2021-06-29,394390.0075374178,436781.8411014269,427990.36224591517,True,True,True
2021-06-30,394745.3429525143,436202.68285908253,428501.2157134437,True,True,True
2021-07-01,396974.26510175515,437650.5784649436,428685.21724767,True,True,True
2021-07-02,399989.2322601486,442669.94989859534,431496.58973684366,True,True,True
2021-07-06,399235.4904705502,445758.7938577657,430591.6736825972,True,True,True
2021-07-07,400613.76117153006,447206.6894636267,428504.96837468894,True,True,True
2021-07-08,397426.5101755141,444214.37187818054,424528.9215070306,True,True,True
2021-07-09,401615.1609777108,447496.26858479896,430694.4033517443,True,True,True
2021-07-12,403068.8058576504,448654.58506948786,433362.02144060936,True,True,True
2021-07-13,401712.0706363734,448558.0586957637,433614.6210000103,True,True,False
2021-07-14,402261.22536879504,449812.90155417664,433974.33808824123,True,True,False
2021-07-15,400969.09658662643,447399.742211075,427882.80923478387,True,True,False
2021-07-16,397846.45202971896,444214.37187818054,422543.2718070449,True,True,False
2021-07-19,391902.65963174327,438808.89494963246,419345.16329069034,True,True,False
2021-07-20,397437.2779153655,444697.0037468009,424780.17588621547,True,True,False
2021-07-21,400775.2772693012,447399.742211075,431087.3394646725,True,True,False
2021-07-22,401625.9287175622,451067.74441258964,432215.23161444254,True,True,False
2021-07-23,405642.2956821363,458017.6433207229,437508.6833486792,True,True,False
2021-07-26,406675.99870787124,459272.4861791358,438052.63021671603,True,True,False
2021-07-27,404867.01841283514,454735.74661410437,432408.7291134474,True,True,False
2021-07-28,404651.6636158071,455121.8521090006,435602.4634933725,True,True,False
2021-07-29,406396.0374717347,455411.43123017286,438943.6816982672,True,True,False
2021-07-30,404404.0055992247,451646.90265493415,437614.537566049,True,True,False
2021-08-02,403585.65737051785,450778.16529141745,438329.73129571346,True,True,False
2021-08-03,406848.28254549357,453191.32463451935,441321.99225260713,True,True,False
2021-08-04,404899.3216323893,453577.4301294156,443469.4985137918,True,True,False
2021-08-05,407429.7404974695,457148.90595720615,445363.36830864265,True,True,False
2021-08-06,408129.64358781086,455990.5894725174,443731.0028749514,True,True,False
2021-08-09,407742.0049531603,455990.5894725174,443198.0476359713,True,True,False
2021-08-10,408248.0887261763,453577.4301294156,439527.9767269749,True,True,False
2021-08-11,409227.9530526542,452805.21913962293,438615.21516911103,True,True,False
2021-08-12,410423.1721761602,455025.3257352766,438020.0828974656,True,True,False
2021-08-13,411241.520404867,456859.3268360339,440212.6458894786,True,True,False
2021-08-16,412221.3847313448,457824.59057327476,440034.2976803798,True,True,False
2021-08-17,409507.9142887907,453673.9565031397,434346.6726161919,True,True,False
2021-08-18,405103.9086895661,449330.26968555636,434279.72023743484,False,False,False
2021-08-19,405674.5989016905,451164.2707863138,436052.2905241183,False,False,False
2021-08-20,408883.3853774092,456183.64221996546,440903.5355192517,False,False,False
2021-08-23,412501.3459674814,462071.7510171339,446594.4190712353,False,False,False
2021-08-24,413158.1780984171,462554.3828857542,447060.8849361521,False,False,False
2021-08-25,413911.9198880154,462554.3828857542,447060.8849361521,False,False,False
2021-08-26,411499.94616130076,459851.6444214803,444448.67609261867,False,False,False
2021-08-27,415150.2099709271,464388.3839865117,448833.4552228355,False,False,False
2021-08-30,417056.0999246257,469504.2817938875,453777.99339095235,False,False,False
2021-08-31,416345.4290944331,468732.0708040949,447343.10409121995,True,True,False
2021-09-01,416786.90642834065,469986.9136625078,447798.59700030374,True,True,False
2021-09-02,418025.19651125226,469407.7554201634,447890.4893153356,True,True,False
2021-09-03,417863.6804134812,470759.12465230044,450112.9490792968,True,True,False
2021-09-07,416323.8936147303,472110.4938844373,450533.6866121085,True,True,False
2021-09-08,415925.48724022816,471145.2301471967,447640.74141724955,True,True,False
2021-09-09,414051.90050608374,469021.64992526715,447128.6598970845,True,True,False
2021-09-10,410853.8817702164,465064.06860258005,446155.8050099951,True,True,False
2021-09-13,411822.9783568428,464195.3312390635,446974.1178907729,True,True,False
2021-09-14,409680.1981264132,463905.7521178913,446922.8301220034,True,True,False
2021-09-15,413104.33939916,467380.70157195785,449560.1170953733,True,True,False
2021-09-16,412393.6685689674,467670.2806931301,448373.7500040557,True,True,True
2021-09-17,408344.99838483904,462554.3828857542,442897.5105951789,True,True,True
2021-09-20,401679.7674168192,453577.4301294156,432864.26783501904,True,True,True
2021-09-21,401292.1287821686,454253.1147454841,433358.43005480844,True,True,True
2021-09-22,405157.747388823,458789.85431051545,440032.16563633236,True,True,True
2021-09-23,410057.0690212124,463423.12024927087,446265.79178963695,True,True,True
2021-09-24,410735.43663185096,464291.8576127875,446832.319390157,True,True,True
2021-09-27,409572.5207278992,460237.7499163765,445616.95863971015,True,True,True
2021-09-28,401389.03844083124,446627.5312212824,432021.18177426705,True,True,True
2021-09-29,402024.33509206417,446048.3729789379,429147.7833471621,True,True,True
2021-09-30,396931.1941423495,443152.5817672156,426354.33614071365,True,True,True
2021-10-01,401679.7674168192,448268.4795745915,431335.3261387146,True,True,True
2021-10-04,396737.3748250242,438229.7367072881,422354.6622163923,True,True,True
2021-10-05,400592.22569182725,444021.31913073245,428585.8621741409,True,False,True
2021-10-06,402368.90276730905,447206.6894636267,430137.12818427425,True,False,True
2021-10-07,405836.11499946157,451357.3235337618,434422.8494509725,True,False,True
2021-10-08,405071.6054700119,449523.3224330045,433212.098334841,True,False,True
2021-10-11,402121.2447507268,446434.47847383417,430452.4077001359,True,False,True
2021-10-12,401313.6642618714,445565.7411103175,430485.26262893196,True,False,True
2021-10-13,402605.79304404,448558.0586957637,432149.1985794882,True,False,True
2021-10-14,409367.9336707225,456087.1158462414,439838.7660152257,True,False,True
2021-10-15,412555.1846667384,460044.69716892834,442972.1774790897,True,False,True
2021-10-18,413815.0102293528,464774.4894814079,446919.78177581495,True,False,True
2021-10-19,417034.564444923,467863.3334405782,449815.0155212892,True,False,True
2021-10-20,418660.49316248513,466705.01695588935,449542.46554396953,True,False,True
2021-10-21,419683.4284483686,470083.4400362319,451590.95203778835,True,False,True
2021-10-22,419263.4865941638,466222.38508726895,449395.09019637323,True,False,True
2021-10-25,421438.57004414767,470276.49278368003,453262.7723327675,True,False,True
2021-10-26,421836.9764186497,471724.38838954107,453705.07695672975,True,False,True
2021-10-27,420006.4606439108,473075.7576216782,451922.15454782045,True,False,True
2021-10-28,424108.96952729626,477515.9708129854,457552.283846807,True,False,True
2021-10-29,424862.7113168945,479736.0774086392,458786.1193526997,True,False,True
2021-11-01,425756.4337245611,479639.551034915,462095.3193292518,True,False,True
2021-11-02,427414.6656616776,480797.86751960387,462909.916742826,True,False,True
2021-11-03,429988.1554861634,484755.4488422909,466472.56591557583,True,False,True
2021-11-04,432001.7228383762,490450.5048920112,470466.5502112387,True,False,True
2021-11-05,433466.1354581673,491319.2422555278,472989.7844534427,True,True,True
2021-11-08,433993.7547108861,490933.1367606315,475219.60321994044,True,True,True
2021-11-09,432475.503391838,488037.3455489094,473258.41375109914,True,True,True
2021-11-10,428986.75567998266,481280.4993882242,463411.5869380244,True,True,True
2021-11-11,429137.5040379025,481087.4466407761,466391.0023596061,True,True,True
2021-11-12,432324.75503391837,487361.66093284084,471274.1257117139,True,True,True
2021-11-15,432529.3420910951,487072.0818116686,470961.55025529116,True,True,True
2021-11-16,434176.80628836004,490933.1367606315,474901.1164105539,True,True,True
2021-11-17,433132.33552277373,490643.55763945926,472837.11277752864,True,True,True
2021-11-18,434629.0513621191,495759.4554468351,478187.3008039992,True,True,True
2021-11-19,433810.7031334123,497979.56204248883,479098.81853248796,True,True,True
2021-11-22,432669.3227091633,491801.87412414816,473885.261771559,True,True,True
2021-11-23,433229.24518143636,489292.1884073223,472214.2028330085,True,True,True
2021-11-24,434295.2514267255,491898.4004978722,474865.0633769294,True,True,True
2021-11-26,424841.1758371917,481377.0257619484,461361.32778734923,True,True,True
2021-11-29,429977.387746312,490836.6103869074,472914.9044197406,True,True,True
2021-11-30,421750.83449983853,484176.2905999464,464333.4926585185,True,True,True
2021-12-01,416894.5838268547,475488.91696477984,457252.52092294727,True,True,True
2021-12-02,423258.31807903515,479929.1301560872,462426.10218648356,True,True,True
2021-12-03,419511.1446107462,472110.4938844373,455284.92164247914,True,True,True
2021-12-06,424518.14364164957,477612.49718670954,459526.61001922574,True,True,True
2021-12-07,433250.7806611392,491029.66313435556,474982.37498010794,True,True,True
2021-12-08,434467.5352643479,494794.19170959434,476930.4048585618,True,True,True
2021-12-09,431506.40680521156,489099.1356598741,469453.80298798304,True,True,True
2021-12-10,435619.6834284483,494021.9807198018,472937.60571048793,True,True,True
2021-12-13,431754.06482179393,487168.6081853927,463644.3992795455,True,True,True
2021-12-14,428825.23958221165,480604.8147721557,458990.476872076,True,True,True
2021-12-15,435522.77376978565,490450.5048920112,469938.7385068772,True,True,True
2021-12-16,431592.54872402275,479349.97191374283,456812.70424308744,True,True,False
2021-12-17,427113.16894583823,476550.70707574475,454350.3703311634,True,True,False
2021-12-20,422493.8085495854,512539.18602597725,473728.6864614125,True,True,False
2021-12-21,429988.1554861634,517435.7068027389,501868.11505167803,False,False,False
2021-12-22,434327.5546462797,521011.8174823964,505336.63471976516,False,False,False
2021-12-23,437008.72186927963,523927.7231135016,508164.8122952823,False,False,False
2021-12-27,443243.24324324325,529209.3635019187,513287.5490358417,False,False,False
2021-12-28,442909.4433078496,530309.7052495057,514354.7858567916,False,False,False
2021-12-29,443447.8303004199,531300.0128223337,515315.2989956465,False,False,False
2021-12-30,442188.0047378055,530529.7735990231,514568.2332209816,False,False,False
2021-12-31,440982.01787444815,530529.7735990231,514568.2332209816,False,False,False
2022-01-03,443684.7205771509,533005.5425310936,516969.51606811874,False,False,False
2022-01-04,443501.6689996769,538782.3367059248,522572.50937810563,False,False,False
2022-01-05,435005.9222569183,536581.653210751,520438.0357362059,False,False,False
2022-01-06,434424.46430494235,536526.6361233715,520384.6738951584,False,False,False
2022-01-07,432916.98072574567,539332.5075797181,523106.12778858055,False,False,False
2022-01-10,432357.05825347255,539002.4050554421,522785.95674229565,False,False,False
2022-01-11,436136.5349413158,542908.6182593756,526574.6474566676,False,False,False
2022-01-12,437439.4314633358,542743.5669972375,526414.5619335253,False,False,False
2022-01-13,431409.4971465488,540817.9689389605,524546.8974968629,False,False,False
2022-01-14,431538.71002476575,540432.8493273051,524173.3646095304,False,False,False
2022-01-18,423979.7566490793,533280.6279679904,517236.3252733563,False,False,False
2022-01-19,419521.9123505976,528714.2097155045,512807.2924664143,False,False,False
2022-01-20,414902.55195434473,524863.0135989506,509071.9635930897,False,False,False
2022-01-21,406751.37288683094,519196.253598878,503575.69396519795,False,False,False
2022-01-24,408452.67578335304,518756.11689984327,503148.799236818,False,False,False
2022-01-25,403488.7477118553,518481.03146294644,502881.99003158044,False,False,False
2022-01-26,402584.2575643372,516445.3992299107,500907.6019128233,False,False,False
2022-01-27,400549.1547324216,515510.1087444618,500000.4506150158,False,False,False
2022-01-28,410358.5657370518,522002.12505522446,506297.14785862004,False,False,False
2022-01-31,417863.6804134812,525468.2015601234,509658.94384461216,False,False,False
2022-02-01,420598.6863357381,529539.4660261949,513607.72008212673,False,False,False
2022-02-02,424604.28556046076,534270.9355408184,518196.83841221116,False,False,False
2022-02-03,414741.03585657367,530034.6198126089,514087.97665155417,False,False,False
2022-02-04,416689.996769678,529374.4147640567,513447.63455898425,False,False,False
2022-02-07,415311.7260686981,530089.6368999882,514141.33849260164,False,False,False
2022-02-08,418671.2609023366,533500.6963175077,517449.77263754624,False,False,False
2022-02-09,424819.64035748894,537792.0291330966,521611.99623925076,False,False,False
2022-02-10,417346.8289006137,530199.671074747,514248.06217469665,False,False,False
2022-02-11,409023.3659954775,524697.9623368124,508911.8780699473,False,False,False
2022-02-14,407698.9339937547,521066.83456977556,505389.99656081264,False,False,False
2022-02-15,414245.719823409,526128.4066086754,510299.285937182,False,False,False
2022-02-16,414741.03585657367,526898.6458319862,511046.351711847,False,False,False
2022-02-17,405922.2569182729,519911.4757348094,504269.3978988153,False,False,False
2022-02-18,403316.4638742328,517710.7922396356,502134.92425691546,False,False,False
2022-02-22,398912.4582750081,513969.6302978401,498506.319065686,False,False,False
2022-02-23,391730.3757941208,508853.04117156105,493543.66784826905,False,False,False
2022-02-24,397749.5423710563,506487.30641424935,491249.10868322686,False,False,False
2022-02-25,406428.3406912888,522002.12505522446,506297.14785862004,False,False,False
2022-02-28,405416.17314525676,518976.1852493605,503362.2466010079,False,False,False
2022-03-01,399332.4001292128,511658.9126279077,496265.1217416912,False,False,False
2022-03-02,406665.23096801975,522002.12505522446,506297.14785862004,False,False,False
2022-03-03,404619.36039625277,523267.5180649495,507524.4702027124,False,False,False
2022-03-04,401356.735221277,523817.68893874297,508058.0886131873,False,False,False
2022-03-07,389501.4536448799,513749.56194832275,498292.87170149595,False,False,False
2022-03-08,386561.86066544626,507917.75068611215,492636.5165504617,False,False,False
2022-03-09,396866.58770324104,515840.211268738,500320.62166130083,False,False,False
2022-03-10,395100.67836761056,515124.9891328065,499626.9177276833,False,False,False
2022-03-11,390061.376117153,511438.8442783903,496051.67437750124,False,False,False
2022-03-14,387207.9250565306,512209.0835017011,496798.7401521661,False,False,False
2022-03-15,395703.6717992893,518370.9972881878,502775.2663494855,False,False,False
2022-03-16,404554.75395714433,524202.8085503983,508431.6215005198,False,False,False
2022-03-17,409507.9142887907,530584.7906864024,514621.5950620291,False,False,False
2022-03-18,414030.3650263809,531410.0469970925,515422.02267774154,False,False,False
2022-03-21,414051.90050608374,533995.8501039217,517930.0292069737,False,False,False
2022-03-22,418854.31247981044,536966.7728224064,520811.56862353836,False,False,False
2022-03-23,413459.6748142565,531465.0640844718,515475.38451878895,False,False,False
2022-03-24,419608.0542694088,537076.8069971651,520918.29230563337,False,False,False
2022-03-25,421740.0667599871,542138.3790360648,525827.5816820028,False,False,False
2022-03-28,424647.35651986644,541753.2594244094,525454.0487946703,False,False,False
2022-03-29,430020.45870571764,544229.02835648,527855.3316418076,False,False,False
2022-03-30,427339.2914827178,543843.9087448244,527481.7987544751,False,False,False
2022-03-31,420770.9701733606,535756.3969000607,519637.6081204934,False,False,False
2022-04-01,421944.6538171637,537351.8924340617,521185.10151087085,False,False,False
2022-04-04,425519.54344783025,536361.5848612335,520224.58837201586,False,False,False
2022-04-05,420254.1186604932,533390.6621427488,517343.0489554513,False,False,False
2022-04-06,416000.8614191881,535811.41398744,519690.969961541,False,False,False
2022-04-07,418100.57069021213,539222.4734049595,522999.4041064856,False,False,False
2022-04-08,417088.40314418,542578.5157350996,526254.4764103828,False,False,False
2022-04-11,409863.2497038871,537516.9436961998,521345.18703401333,False,False,False
2022-04-12,408355.76612469036,536086.4994243368,519957.77916677843,False,False,False
2022-04-13,412975.1265209432,538232.1658321312,522038.89096763066,False,False,False
2022-04-14,407957.3597501884,536141.5165117162,520011.141007826,False,False,False
2022-04-18,408021.96618929686,535591.3456379228,519477.522597351,False,False,False
2022-04-19,414536.4487993969,541093.0543758572,524813.7067021003,False,False,False
2022-04-20,414224.1843437063,545164.3188419287,528762.4829396149,False,False,False
2022-04-21,408086.57262840524,539387.5246670976,523159.4896296281,False,False,False
2022-04-22,396941.9618822009,525193.1161232266,509392.1346393746,False,False,False
2022-04-25,399117.04533218476,525798.3040843992,509979.1148908971,False,False,False
2022-04-26,387703.24108969525,516610.45049204875,501067.6874359657,False,False,False
2022-04-27,388704.6408958759,517270.6555406008,501708.0295285356,False,False,False
2022-04-28,398449.44546139764,524918.0306863297,509125.3254341372,False,False,False
2022-04-29,383816.0870033379,509678.29748225125,494344.0954639815,False,False,False
2022-05-02,386228.06073005276,509568.26330749266,494237.3717818865,False,False,False
2022-05-03,387897.0604070205,513144.37398715003,497705.89144997357,False,False,False
2022-05-04,399666.20006460644,527008.6800067449,511153.075393942,False,False,False
2022-05-05,385625.067298374,515675.16000659997,500160.5361381583,False,False,False
2022-05-06,383202.3258318079,516115.2967056346,500587.43086653826,False,False,False
2022-05-09,370840.9604823947,504726.75961811026,489541.52976970706,False,False,False
2022-05-10,371788.52158931835,503021.22990935063,487887.3126972348,False,False,False
2022-05-11,365801.6582319371,500930.58058893547,485859.5627374299,False,False,False
2022-05-12,365521.6969958006,501315.70020059077,486233.0956247624,False,False,False
2022-05-13,374146.65661677613,507422.59689969814,492156.25998103427,False,False,False
2022-05-16,372800.68913535046,509238.16078321653,493917.20073560154,False,False,False
2022-05-17,380262.7328523742,516885.53592894546,501334.4966412031,False,False,False
2022-05-18,365198.66480025847,500215.35845300404,485165.85880381253,False,False,False
2022-05-19,362765.1555938408,494988.73515196616,480096.4839043006,False,False,False
2022-05-20,362851.29751265206,496474.1965112084,481537.253612583,False,False,False
2022-05-23,369731.8832777,505552.01592880045,490341.95738541946,False,False,False
2022-05-24,367072.2515344029,508082.8019482502,492796.60207360407,False,False,False
2022-05-25,370130.289652202,511273.7930162523,495891.5888543588,False,False,False
2022-05-26,377484.65597071167,517435.7068027389,501868.11505167803,False,False,False
2022-05-27,386949.4993000969,525193.1161232266,509392.1346393746,False,False,False
2022-05-31,384806.7190696673,521011.8174823964,505336.63471976516,False,False,False
2022-06-01,381587.16485409706,517160.62136584223,501601.3058464406,False,False,False
2022-06-02,388833.8537740928,521341.9200066724,505656.8057660502,False,False,False
2022-06-03,382534.72596102074,517050.5871910835,501494.58216434566,False,False,False
2022-06-06,383579.19672660704,517985.8776765324,502401.733462153,False,False,False
2022-06-07,387326.37019489607,523762.67185136356,508004.72677213984,False,False,False
2022-06-08,383094.6484332938,517490.72389011824,501921.47689272556,False,False,False
2022-06-09,374082.0501776677,506377.2722394906,491142.3850011319,False,False,False
2022-06-10,363109.7232690858,496254.1281616912,481323.806248393,False,False,False
2022-06-13,349111.6614622591,481014.3949576126,466542.57627823733,False,False,False
2022-06-14,348239.47453429527,477328.25010319654,462967.33292805526,False,False,False
2022-06-15,353224.93808549584,479969.07029740507,465528.7012983349,False,False,False
2022-06-16,341617.314525681,468415.4819477426,454322.7146783612,False,False,False
2022-06-17,342511.03693334764,465554.5934040167,451547.8989438916,False,False,False
2022-06-21,350899.1062775923,477823.40388961055,463447.5894974826,False,False,False
2022-06-22,350166.89996769675,476502.9937925063,462166.9053123428,False,False,False
2022-06-23,353838.69925702596,477823.40388961055,463447.5894974826,False,False,False
2022-06-24,364854.0971250134,489927.1631130664,475187.1945279312,False,False,False
2022-06-27,363486.59416388493,490917.47068589466,476147.70766678615,False,False,False
2022-06-28,355636.9118122105,486626.1378703058,471985.48406508163,False,False,False
2022-06-29,355809.19564983307,485140.67651106353,470544.7143567993,False,False,False
2022-06-30,352998.8155486162,483160.06136540696,468623.68807908945,False,False,False
2022-07-01,356627.5438785398,488001.5650547894,473319.53009126894,False,False,False
2022-07-05,357252.0727899213,482609.8904916136,468090.06966861454,False,False,False
2022-07-06,358544.20157209004,483325.112627545,468783.77360223193,False,False,False
2022-07-07,363809.6263594271,487946.5479674101,473266.1682502215,False,False,False
2022-07-08,363594.27156239905,487561.4283557547,472892.63536288904,False,False,False
2022-07-11,359480.9949391623,484920.60816154606,470331.26699260937,False,False,False
2022-07-12,356164.5310649294,482114.7367051994,467609.8130991871,False,False,False
2022-07-13,354506.2991278131,478703.67728768016,464301.37895424257,False,False,False
2022-07-14,353569.50576074084,475072.5495206433,460779.4974451079,False,False,False
2022-07-15,360256.2722084634,484920.60816154606,470331.26699260937,False,False,False
2022-07-18,357273.6082696242,480574.2582585777,448966.1101162026,True,True,False
2022-07-19,366975.34187574027,491082.5219480327,462815.66969408834,True,True,False
2022-07-20,369322.7091633466,489652.07767616975,466152.11225157586,True,True,False
2022-07-21,373059.11489178415,491412.62447230873,470217.98063007597,True,True,False
2022-07-22,369656.5090987401,490807.4365111359,465696.89277992037,True,True,False
2022-07-25,370033.3799935393,494548.5984529314,466762.35179247626,True,True,False
2022-07-26,365586.303434909,492623.0003946544,458110.67258199083,True,True,True
2022-07-27,375169.59190265957,497904.64078307146,470617.2947159212,True,True,True
2022-07-28,379907.39743727783,501975.905249143,476597.0374292189,True,True,True
2022-07-29,385474.31894045434,505496.998841421,480837.61079852615,True,True,True
2022-08-01,384311.40303650266,503791.46913266135,480464.139341849,True,True,True
2022-08-02,381834.8228706795,499610.17049183114,478248.76754395815,True,True,True
2022-08-03,387800.1507483579,503681.43495790265,484992.98966346425,True,True,True
2022-08-04,387487.8862926671,500380.409715142,485074.8824079389,True,True,True
2022-08-05,386691.07354366314,501645.8027248669,484684.28287308605,True,True,True
2022-08-08,386346.5058684182,501370.7172879702,482693.17853042635,True,True,True
2022-08-09,384817.4868095186,502526.07612293644,475523.18509338517,True,True,True
2022-08-10,392871.7562183697,509238.16078321653,487722.44546992925,True,True,True
2022-08-11,392871.7562183697,511328.8101036316,488979.729362492,True,True,True
2022-08-12,399601.59362549795,518481.03146294644,498655.0702593473,True,True,True
2022-08-15,401313.6642618714,519691.407385292,499981.5269525531,True,True,True
2022-08-16,402013.5673522128,521892.09088046587,499625.13054150203,True,True,True
2022-08-17,399267.79369010444,519196.253598878,493319.09282705374,True,True,True
2022-08-18,400495.3160331646,521286.90291929303,496614.57750831905,True,True,True
2022-08-19,394971.46548939374,518040.8947639117,488070.3662450732,True,True,True
2022-08-22,386648.0025842575,510118.4341812861,476199.53095479513,True,True,True
2022-08-23,385732.74469688814,508467.92155990575,476667.3413294428,True,True,True
2022-08-24,386895.6606008398,510063.41709390667,478672.1793008211,True,True,True
2022-08-25,392537.9562829762,515895.2283561172,488256.9023780106,True,True,True
2022-08-26,379089.0492085711,502306.0077734191,469731.6782473602,True,True,True
2022-08-29,376580.16582319373,500545.46097728005,465720.5685458984,True,True,True
2022-08-30,372488.4246796597,495043.7522393456,460714.2596534005,True,True,True
2022-08-31,369559.5994400775,490972.48777327396,456877.7180066805,True,True,True
2022-09-01,370700.9798643264,493613.3079674826,455263.2859416799,True,True,True
2022-09-02,366813.82577796915,489211.9409771349,451374.2536524571,True,True,True
2022-09-06,365586.303434909,487836.51379265136,452717.81066055456,True,True,False
2022-09-07,372133.08926456334,494328.530103414,476099.41504783276,False,False,False
2022-09-08,374566.5984709809,498509.8287442443,480126.5219530788,False,False,False
2022-09-09,380348.8747711855,504066.55456955807,485478.3350771558,False,False,False
2022-09-12,384526.7578335307,508027.78486087103,489293.48898738885,False,False,False
2022-09-13,367761.3868848928,490972.48777327396,472867.13187388534,False,False,False
2022-09-14,369128.88984602125,492182.86369561957,474032.87334645656,False,False,False
2022-09-15,365015.61322278454,489982.1802004459,471913.34339632717,False,False,False
2022-09-16,362140.6266824593,487011.2574819611,469051.97796365235,False,False,False
2022-09-19,364918.70356412185,489542.04350141104,471489.43740630127,False,False,False
2022-09-20,360805.426940885,483930.30058871786,466084.6360334711,False,False,False
2022-09-21,354463.22816840746,476447.97670512693,458878.2342030308,False,False,False
2022-09-22,351469.7964897168,475072.5495206433,457553.5279842,False,False,False
2022-09-23,345622.9137504038,466930.0205885003,449711.26716872095,False,False,False
2022-09-26,342274.1466566167,460768.10680201364,443776.5833083584,False,False,False
2022-09-27,341305.0500699903,458842.5087437366,441921.9946019951,False,False,False
2022-09-28,348013.3519974157,467920.3281613285,450665.0556462792,False,False,False
2022-09-29,340755.8953375686,460988.1751515311,443988.53630337137,False,False,False
2022-09-30,335565.8447291913,455046.3297145617,438265.8054380217,False,False,False
2022-10-03,344438.46236674924,466654.9351516035,449446.32592495467,False,False,False
2022-10-04,354893.93776246364,480189.1386469224,462481.43511825096,False,False,False
2022-10-05,354280.1765909335,479308.8652488529,461633.6231381992,False,False,False
2022-10-06,350554.5386023473,473367.0198118837,455910.8922728496,False,False,False
2022-10-07,340702.05663831165,464454.2516564297,447326.7959748252,False,False,False
2022-10-10,338160.87003338,461538.3460253245,444518.4187909037,False,False,False
2022-10-11,335931.9478841391,460988.1751515311,443988.53630337137,False,False,False
2022-10-12,334887.4771185528,459667.7650544268,442716.81833329366,False,False,False
2022-10-13,343663.185097448,473422.0368992629,455963.88052160287,False,False,False
2022-10-14,335921.1801442877,466489.88388946553,449287.36117869505,False,False,False
2022-10-17,344459.997846452,474357.3273847119,456864.6807504079,False,False,False
2022-10-18,348519.43577043177,480354.18990906037,462640.3998645107,False,False,False
2022-10-19,346107.462043717,477768.38680223125,460149.9521731085,False,False,False
2022-10-20,343264.77872294607,474137.2590351945,456652.72775539494,False,False,False
2022-10-21,351512.86744912236,486241.0182586503,468310.14248110703,False,False,False
2022-10-24,355787.66017013026,492567.983307275,474403.7910877292,False,False,False
2022-10-25,361580.7042101862,496419.17942382925,478112.9685004559,False,False,False
2022-10-26,358878.00150748354,500270.37554038333,481822.14591318247,False,False,False
2022-10-27,356961.34381393343,501645.8027248669,483146.85213201336,False,False,False
2022-10-28,365284.80671906966,511878.98097742506,493002.6664001154,False,False,False
2022-10-31,362808.22655324644,510118.4341812861,491307.0424400118,False,False,False
2022-11-01,361343.8139334553,510503.5537929415,491677.96018128446,False,False,False
2022-11-02,352126.6286206524,503186.2811714886,484630.523097104,False,False,False
2022-11-03,348368.687412512,502030.9223365223,483517.76987328596,False,False,False
2022-11-04,353472.59610207815,508357.88738514704,489611.41847990826,False,False,False
2022-11-07,356864.4341552708,513419.45942404674,494486.33736520604,False,False,False
2022-11-08,358813.3950683751,516335.365055152,497294.71454912756,False,False,False
2022-11-09,351480.56422956823,507917.75068611215,489187.51248988224,False,False,False
2022-11-10,370711.7476041778,524422.8768999156,505083.98711585335,False,False,False
2022-11-11,374265.1017551415,524973.0477737092,505613.8696033858,False,False,False
2022-11-14,371260.9023365995,522167.1763173625,486466.9395990339,True,True,False
2022-11-15,374318.9404543986,523652.6376766049,493144.55278277636,True,True,False
2022-11-16,371487.02487347904,521231.8858319136,484887.60568128084,True,True,False
2022-11-17,370410.25088833855,521727.0396183278,481441.2949677573,True,True,True
2022-11-18,372046.9473457521,526018.3724339167,483708.3579622381,True,True,True
2022-11-21,370733.2830838806,526623.5603950894,480642.8993831246,True,True,True
2022-11-22,375675.6756756756,533225.6108806109,489185.7338293778,True,True,True
2022-11-23,378023.042963282,535151.2089388879,492322.72076858266,True,True,True
2022-11-25,377979.9720038763,536196.5335990954,491159.9803416544,True,True,True
2022-11-28,372003.87638634647,528934.278065022,482511.4130116082,True,True,True
2022-11-29,371347.0442554108,530474.7565116436,483126.39596226986,True,True,True
2022-11-30,382782.38397760305,540597.9005894432,499267.6508401646,True,True,True
2022-12-01,382825.4549370087,539442.5417544768,498639.94234722195,True,True,True
2022-12-02,382276.300204587,539112.4392302007,496278.59103078925,True,True,True
2022-12-05,375471.08861849894,530529.7735990231,487850.3311106629,True,True,True
2022-12-06,370044.14773339074,525413.1844727439,480513.13035624655,True,True,True
2022-12-07,369322.7091633466,526018.3724339167,480269.9021886392,True,True,True
2022-12-08,372240.76666307735,528769.226802884,486163.1041087741,True,True,True
2022-12-09,369516.52848067187,524092.7743756397,482068.68414993986,True,True,True
2022-12-12,374792.7210078604,532015.2349582653,489834.40133761807,True,True,True
2022-12-13,377560.03014967154,533390.6621427488,499172.3665020471,True,True,False
2022-12-14,375288.037041025,531134.9615601958,494615.0098903245,True,True,False
2022-12-15,366060.0839883708,521451.9541814311,481924.20527850377,True,True,False
2022-12-16,361688.3816087003,516665.46757942805,477753.53969302,True,True,False
2022-12-19,358576.50479164417,515290.04039494443,474861.16398283356,True,True,False
2022-12-20,359114.8917842145,516390.3821425313,474648.91374326986,True,True,False
2022-12-21,364487.99397006567,523817.68893874297,482859.07592232054,True,True,False
2022-12-22,359362.5498007968,519416.32194839534,472931.4688301685,True,True,False
2022-12-23,361376.1171530096,523267.5180649495,475158.82804980583,True,True,False
2022-12-27,359944.00775277265,524477.893987295,488220.7182612736,False,False,False
2022-12-28,355529.2344136965,519416.32194839534,483509.05287996266,False,False,False
2022-12-29,361828.3622267686,524642.945249433,488374.35952370765,False,False,False
2022-12-30,360837.73016043927,524092.7743756397,487862.2219822608,False,False,False
2023-01-03,359448.691719608,522827.3813659147,486684.3056369331,False,False,False
2023-01-04,362032.9492839453,526733.5945698483,490320.48218120565,False,False,False
2023-01-05,358081.18875847955,523432.56932708755,487247.6569325245,False,False,False
2023-01-06,366221.6000861419,534435.9868029564,497490.4077614614,False,False,False
2023-01-09,365963.17432970816,529594.4831135741,492983.5973967292,False,False,False
2023-01-10,368568.96737374825,531850.1836961273,495083.3613166613,False,False,False
2023-01-11,373274.4696888123,534821.1064146119,497848.90404047415,False,False,False
2023-01-12,374663.5081296435,535536.3285505434,498514.6828443551,False,False,False
2023-01-13,376127.9207494347,536911.755735027,499795.0266979722,False,False,False
2023-01-17,375546.4627974588,533280.6279679904,481053.7735246048,True,True,True
2023-01-18,369451.92204156343,523157.48389019084,474314.6022202159,True,True,True
2023-01-19,366792.29029826634,519691.407385292,467625.1578496664,True,True,True
2023-01-20,373543.66318509745,525303.1502979853,477588.6238967488,True,True,True
2023-01-23,378087.6494023904,528824.2438902634,488153.0893684161,True,True,True
2023-01-24,377689.24302788835,529099.32932716,486755.9996180663,True,True,True
2023-01-25,377818.4559061053,530254.6881621262,487619.278446836,True,True,True
2023-01-26,381856.35835038224,532950.5254437142,492956.01821025397,True,True,True
2023-01-27,382943.9000753741,530969.9102980578,491897.97624243837,True,True,True
2023-01-30,378163.0235813502,492190.70498131623,468413.70622968837,True,True,True
2023-01-31,383536.1257672014,500320.5812347308,476754.9062964643,True,True,True
2023-02-01,387735.54430924944,509916.50074695796,490482.50558739604,True,True,True
2023-02-02,393291.6980725745,526309.5299136793,504761.40639395214,True,True,True
2023-02-03,389092.27953052655,518446.2069800487,496176.3505745129,True,True,True
2023-02-06,386841.82190158276,513381.69390415115,489996.6085455188,True,True,True
2023-02-07,391827.2854527834,523777.27337573044,501085.0101127294,True,True,True
2023-02-08,387541.7249919242,515247.5671426396,492599.51201128995,True,True,True
2023-02-09,384214.49337784,510582.88404641824,490095.3001267694,True,True,True
2023-02-10,385151.2867449122,507384.24420900916,484992.2602144847,True,True,True
2023-02-13,389598.36330354254,515114.2904827476,492593.8259950195,True,True,True
2023-02-14,389458.3826854743,517646.5470206966,497593.3183774033,True,True,True
2023-02-15,390761.2792074943,521111.7401778897,500448.53429708944,True,True,True
2023-02-16,385323.57058253465,510849.43736620236,489203.011844312,True,True,True
2023-02-17,384332.93851620547,506451.3075897649,483960.8158005988,True,True,True
2023-02-21,376698.6109615591,494456.40819948097,470612.64639208396,True,True,True
2023-02-22,376224.8304080973,494856.23817915714,470494.8640413859,True,True,True
2023-02-23,378119.9526219446,499121.0912957025,477720.7506509695,True,True,True
2023-02-24,374071.28243781626,490591.3850626117,469177.4987444961,True,True,True
2023-02-27,375363.41121998493,493523.4715802366,471624.77079305757,True,True,True
2023-02-28,373952.8372994508,492990.3649406685,471625.98121803947,True,True,True
2023-03-01,372585.33433832234,488592.2351642311,469219.25242351135,True,True,True
2023-03-02,375363.41121998493,493390.1949203446,473543.4465499679,True,True,True
2023-03-03,381317.97135781194,503785.7743919239,482573.7622009287,True,True,True
2023-03-06,381770.21643157094,505118.5409908444,481126.1440294299,True,True,True
2023-03-07,375869.49499300093,498188.1546764583,474796.22921044537,True,True,True
2023-03-08,376450.95294497686,500587.13455451495,479958.22311629565,True,True,True
2023-03-09,369559.5994400775,491790.87500164006,469434.36513147905,True,True,True
2023-03-10,364261.87143318617,484060.8287279016,460448.8097879171,True,True,True
2023-03-13,363648.11026165605,487925.85186477087,460448.55040528247,True,True,True
2023-03-14,369688.8123182943,499121.0912957025,471226.10421794845,True,True,True
2023-03-15,367406.0514697964,500587.13455451495,468901.87614541873,True,True,True
2023-03-16,373694.4115430171,513381.69390415115,482184.8835044676,True,True,True
2023-03-17,369602.6703994831,511782.3739854465,478843.2959849196,True,True,True
2023-03-20,372940.6697534187,512715.31060469087,481209.2421357567,True,True,True
2023-03-21,377818.4559061053,520578.63353832153,487713.6840541984,True,True,True
2023-03-22,371551.6313125875,513381.69390415115,481016.98294779,True,True,True
2023-03-23,372434.58598040265,519245.86693940096,487968.6611924482,True,True,True
2023-03-24,374921.9338860773,520978.4635179977,486402.1212765783,True,True,True
2023-03-27,375535.6950576074,517513.27036080445,483048.99530861236,True,True,True
2023-03-28,374878.86292667163,515114.2904827476,480731.8851249458,True,True,True
2023-03-29,380208.89415311726,523910.5500356226,491485.98251287424,True,True,True
2023-03-30,382480.8872617637,528042.1264922759,496339.5773470912,True,True,True
2023-03-31,387821.68622806075,537771.3226643951,503900.59669708175,True,True,True
2023-04-03,389361.47302681167,537504.7693446109,502285.9695294404,True,True,True
2023-04-04,387164.85409712495,536571.8327253667,498357.49216062855,True,True,True
2023-04-05,386228.06073005276,531240.7663296849,491434.86141765147,True,True,True
2023-04-06,387703.24108969525,535372.3427863383,493119.7637160148,True,True,True
2023-04-10,388123.1829439,533906.2995275258,495634.03941699385,True,True,True
2023-04-11,388177.02164315706,530707.6596901168,493900.925776497,True,True,True
2023-04-12,386626.4671045547,527509.0198527077,489338.7008178633,True,True,False
2023-04-13,391644.2338753096,538837.5359435314,502050.1517507262,False,False,False
2023-04-14,390836.65338645416,537371.4926847189,500684.1978379739,False,False,False
2023-04-17,392161.08538817696,538171.1526440713,501429.2636085661,False,False,False
2023-04-18,392430.27888446214,538837.5359435314,502050.1517507262,False,False,False
2023-04-19,392408.7434047593,539637.1959028837,502795.2175213185,False,False,False
2023-04-20,390190.58899536985,536038.7260857985,499442.4215536535,False,False,False
2023-04-21,390416.7115322493,536838.3860451507,500187.4873242457,False,False,False
2023-04-24,390933.56304511684,535905.4494259065,499318.2439252215,False,False,False
2023-04-25,384763.6481102616,525376.5932944351,489508.2112790905,False,False,False
2023-04-26,383051.5774738882,529374.8930911963,493233.5401320516,False,False,False
2023-04-27,390653.6018089803,543235.6657199688,506148.0134889835,False,False,False
2023-04-28,393991.6011629159,547233.9655167302,509873.34234194463,False,False,False
2023-05-01,393722.4076666307,546434.3055573779,509128.27657135244,False,False,False
2023-05-02,389307.63432755467,542436.0057606166,505402.94771839125,False,False,False
2023-05-03,386594.16388500045,539503.9192429916,502671.0398928865,False,False,False
2023-05-04,383773.01604393235,536971.6627050427,500311.66495267773,False,False,False
2023-05-05,390815.11790675134,548566.7321156505,511115.1186262649,False,False,False
2023-05-08,391030.47270377947,550299.3286942472,512729.4277958814,False,False,False
2023-05-09,389339.9375471088,547500.5188365142,510121.6975988087,False,False,False
2023-05-10,391041.24044363084,553764.5218514402,515958.0461351144,False,False,False
2023-05-11,390492.08571120916,554697.4584706846,516827.2895341387,False,False,False
2023-05-12,389964.46645849035,552964.8618920881,515212.98036452226,False,False,False
2023-05-15,391321.2016797674,554164.3518311165,516330.5790204105,False,False,False
2023-05-16,388726.17637557874,554830.7351305766,516951.46716257074,False,False,False
2023-05-17,393367.0722515344,561494.5681251788,523160.34858417267,False,False,False
2023-05-18,397221.9231183374,570823.9343176218,531852.7825744152,False,False,False
2023-05-19,396586.6264671045,569091.3377390254,530238.4734047988,False,False,False
2023-05-22,396801.9812641326,570290.8276780536,531356.072060687,False,False,False
2023-05-23,392365.67244535364,561361.2914652867,520408.9542382462,True,True,False
2023-05-24,389436.8472057715,558562.4816075538,514092.447736717,True,True,True
2023-05-25,392828.6852589641,570690.6576577298,532590.0336055626,True,True,True
2023-05-26,397932.59394853015,581752.6204287694,547775.9109032828,True,True,True
2023-05-30,398051.03908689565,584018.3236469341,549908.6687408548,True,True,True
2023-05-31,395886.7233767632,580419.8538298489,542545.41187949,True,True,True
2023-06-01,399687.7355443092,587750.0701239114,550083.0389273621,True,True,True
2023-06-02,405545.3860234737,593614.2431591613,555495.0303619476,True,True,True
2023-06-05,404770.1087541725,593081.1365195931,552923.0953866148,True,True,True
2023-06-06,405599.2247227307,593747.5198190532,556402.4012822475,True,True,True
2023-06-07,404274.7927210078,583751.77032715,551192.237302425,True,True,True
2023-06-08,406697.53418757406,589882.4966821839,556124.9154740702,True,True,True
2023-06-09,407375.9017982125,592414.7532201329,558057.4579637557,True,True,True
2023-06-12,411123.0752665016,601344.2894328997,569111.8741904392,True,True,True
2023-06-13,413836.5457090556,604809.4825900929,575157.332337596,True,True,True
2023-06-14,414148.81016474636,608541.2290670701,579101.34559087,True,True,True
2023-06-15,419457.3059114892,616671.1053204848,582973.0354178614,True,True,True
2023-06-16,417917.5191127382,612672.8055237235,578854.9092063482,True,True,True
2023-06-20,415990.09367933666,611873.1455643711,577140.6347362716,True,True,True
2023-06-21,413707.33283083874,605076.0359098769,568908.3368092402,True,True,True
2023-06-22,415214.8164100355,611873.1455643711,572280.2845985478,True,True,True
2023-06-23,412102.9395929794,607341.7391280417,566400.2211343433,True,True,True
2023-06-26,410401.6366964573,599478.4161944111,561910.2385135539,True,True,True
2023-06-27,414945.62291375035,608407.9524071781,574159.3981684516,True,True,True
2023-06-28,415128.67449122417,610273.8256456667,574369.1266818974,True,True,True
2023-06-29,416722.29998923227,610140.5489857747,574487.8636932693,True,True,True
2023-06-30,421664.69258102716,619469.9151782176,583019.5182946079,True,True,True
2023-07-03,422472.2730698826,619203.3618584336,585220.5200732668,True,True,True
2023-07-05,421524.711962959,620003.0218177859,581370.2246615759,True,True,True
2023-07-06,418089.8029503607,616271.2753408086,576025.644252947,True,True,True
2023-07-07,417109.93862388283,613205.9121632916,575711.1546938004,True,True,True
2023-07-10,418229.783568429,612006.4222242632,579883.7655289082,True,True,True
2023-07-11,420910.9507914288,614405.40210232,582691.7903090318,True,True,True
2023-07-12,424227.4146656617,622268.7250359505,590968.4652125961,True,True,True
2023-07-13,427683.85915796267,631331.5379086095,600630.0202450099,True,True,True
2023-07-14,427339.2914827178,632797.5811674219,598018.8910417737,True,True,True
2023-07-17,428836.00732206303,636662.6043042912,604298.2542768762,True,True,True
2023-07-18,432087.8647571874,641727.1173801889,608524.4303453884,True,True,True
2023-07-19,433013.8903844083,641593.8407202968,607025.7838410013,True,True,True
2023-07-20,430192.7425433401,628132.8980712005,591867.384462814,True,True,True
2023-07-21,430246.58124259714,626666.8548123881,592019.1914680224,True,True,True
2023-07-24,432066.32927748456,628932.5580305528,593464.0721486156,True,True,True
2023-07-25,433336.92257995036,632930.8578273141,598011.8549326148,True,True,True
2023-07-26,433444.5999784645,631864.6445481777,596145.8259363873,True,True,True
2023-07-27,430505.00699903094,628132.8980712005,596245.5756242462,True,False,True
2023-07-28,434693.65780122747,638928.3075224559,605722.0235051437,True,False,True
2023-07-31,435533.5415096371,639461.4141620242,607645.6101922244,True,False,True
2023-08-01,434187.5740282115,637462.2642636435,604882.8099739656,True,False,True
2023-08-02,428168.40745127597,624401.1515942233,590063.3036028967,True,False,True
2023-08-03,426962.4205879185,622535.2783557347,587017.1288511838,True,False,True
2023-08-04,424873.47905674594,619336.6385183256,584316.9367009633,True,False,True
2023-08-07,428696.0267039948,624001.3216145472,589474.8073107342,True,False,True
2023-08-08,426843.97544955317,622002.1717161664,587041.6527944029,True,False,True
2023-08-09,424012.0598686335,614938.5087418881,580060.9578875342,True,False,True
2023-08-10,424259.7178852159,616671.1053204848,580902.9082329441,True,False,True
2023-08-11,423861.31151071383,613339.1888231836,576747.7991943663,True,False,True
2023-08-14,426251.74975772586,620402.851797462,582649.4706842365,True,False,True
2023-08-15,421373.96360503923,614671.9554221041,575592.6543258133,True,False,True
2023-08-16,418251.3190481318,608941.0590467462,572894.92259197,False,False,False
2023-08-17,414870.24873479054,602410.5027120361,566750.9411502964,False,False,False
2023-08-18,415247.1196295897,601610.8427526839,565998.6168921322,False,False,False
2023-08-21,417992.89329169807,610806.9322852348,574650.3458610195,False,False,False
2023-08-22,416829.9773877463,611206.762264911,575026.5079901016,False,False,False
2023-08-23,421320.1249057822,620802.681777138,584054.3990880708,False,False,False
2023-08-24,415720.90018305153,608407.9524071781,572393.3730865271,False,False,False
2023-08-25,418466.6738451599,613472.4654830758,577158.0933882332,False,False,False
2023-08-28,421223.2152471196,617870.5952595131,581295.8768081358,False,False,False
2023-08-29,427210.07860450086,630265.3246294732,592956.9028096795,False,False,False
2023-08-30,428986.75567998266,634396.9010861266,596843.9114768608,False,False,False
2023-08-31,428437.60094756103,635196.5610454788,597596.2357350248,False,False,False
2023-09-01,429352.8588349306,635463.1143652629,597847.0104877462,False,False,False
2023-09-05,427479.27210078604,636929.1576240753,599226.2716277137,False,False,False
2023-09-06,424528.91138150095,629598.941330013,592329.9659278762,False,False,False
2023-09-07,423269.0858188866,626267.0248327119,589195.281518859,False,False,False
2023-09-08,423839.776031011,627866.3447514165,590699.9300351872,False,False,False
2023-09-11,426628.62065252505,635329.8377053709,597721.6231113855,False,False,False
2023-09-12,424345.859804027,627599.7914316324,590449.1552824659,False,False,False
2023-09-13,424841.1758371917,630132.0479695812,592831.5154333188,False,False,False
2023-09-14,428512.97512652085,633730.5177866663,596216.9745950573,False,False,False
2023-09-15,423172.17616022396,623201.6616551949,586311.3718625632,False,False,False
2023-09-18,423635.18897383433,623868.0449546551,586938.3087443666,False,False,False
2023-09-19,422784.53752557334,622801.8316755187,585935.209733481,False,False,False
2023-09-20,418832.7770001076,612672.8055237235,576405.7691300691,False,False,False
2023-09-21,411973.72671476257,600677.9061334395,565120.9052576075,False,False,False
2023-09-22,410972.32690858183,599744.9695141951,564243.1936230826,False,False,False
2023-09-25,412684.3975449553,602943.6093516044,567252.4906557391,False,False,False
2023-09-26,406622.1600086141,592681.3065399169,557597.6626759664,False,False,False
2023-09-27,406719.06966727687,593347.6898393772,558224.5995577698,False,False,False
2023-09-28,409087.972434586,597212.7129762464,561860.8334722297,False,False,False
2023-09-29,408118.8758479595,598145.6495954908,562738.5451067544,False,False,False
2023-10-02,408086.57262840524,604143.0992906326,568380.9770429853,False,False,False
2023-10-03,402595.0253041886,592814.5831998088,557723.050052327,False,False,False
2023-10-04,405556.153763325,601610.8427526839,562680.9468463042,True,True,False
2023-10-05,405211.58608808,602410.5027120361,563132.3414012027,True,True,False
2023-10-06,410046.301281361,612806.0821836154,573824.3638610705,True,True,False
2023-10-09,412781.30720361794,615071.7854017802,574519.5036907067,True,True,False
2023-10-10,414913.31969419617,617604.0419397291,578760.3150653127,True,True,False
2023-10-11,416668.46128997515,623334.938315087,584484.0520292275,True,True,False
2023-10-12,414159.57790459774,620669.4051172461,584162.3760330685,True,True,False
2023-10-13,411984.49445461394,613739.0188028598,574397.0637079848,True,True,False
2023-10-16,416291.590395176,620402.851797462,580785.7175346572,True,True,False
2023-10-17,416302.35813502746,618670.2552188655,577088.517730793,True,True,False
2023-10-18,410735.43663185096,609207.6123665303,567184.3047917458,True,True,False
2023-10-19,407257.45665984706,604676.2059302008,563105.4749841457,True,True,False
2023-10-20,402185.85118983523,595480.1163976499,554442.4348787612,True,True,False
2023-10-23,401475.1803596424,597879.0962757067,556564.7927009417,True,True,False
2023-10-24,404479.37977818446,603076.8860114963,562064.419753454,True,True,False
2023-10-25,398772.4776569397,589615.9433623999,545878.1430711353,True,True,False
2023-10-26,393873.15602455044,577221.21399244,537007.3193901584,True,True,False
2023-10-27,392128.78216862277,580020.0238501729,539893.017988239,True,True,False
2023-10-30,396845.0522235382,588683.0067431557,544245.4584067068,True,True,False
2023-10-31,399246.2582104015,591615.0932607806,547421.4515822137,True,True,False
2023-11-01,403650.26380962634,601744.1194125758,558454.6273449963,True,True,False
2023-11-02,411316.8945838268,613072.6355033997,570518.223212631,True,True,False
2023-11-03,415117.90675137285,618536.9785589733,578841.4205188276,True,True,False
2023-11-06,415925.48724022816,623334.938315087,582225.7212287121,True,True,False
2023-11-07,417099.17088403145,629598.941330013,587205.7527800623,True,True,False
2023-11-08,417432.970819425,632264.4745278538,589539.9742606108,True,True,False
2023-11-09,414288.79078281467,627199.9614519562,586266.367478051,True,True,False
2023-11-10,420749.4346936578,639727.9674818083,602740.2166810434,True,True,False
2023-11-13,420329.492839453,639461.4141620242,601114.921126916,True,True,False
2023-11-14,428405.29772800684,651456.313552308,615213.8250520736,True,True,False
2023-11-15,429342.09109507914,650656.6535929559,614946.8170065656,True,True,False
2023-11-16,429945.08452675777,654388.400069933,617975.0673871925,True,True,False
2023-11-17,430569.6134381393,653055.6334710126,618390.3184252176,True,True,False
2023-11-20,433821.4708732636,660785.6797447511,626333.2972807046,True,True,False
2023-11-21,432680.09044901474,658786.5298463705,620792.94597833,True,True,True
2023-11-22,434553.67718315916,662251.7230035635,622753.2688664929,True,True,True
2023-11-24,434790.5674598901,660785.6797447511,622081.3670750244,True,True,True
2023-11-27,434036.8256702917,660652.403084859,621644.1481532167,True,True,True
2023-11-28,434456.76752449665,662651.5529832396,622079.8749857451,True,True,True
2023-11-29,434176.80628836004,661052.2330645352,624567.4885073544,True,True,True
2023-11-30,435867.34144503064,660385.849765075,622893.9130563746,True,True,True
2023-12-01,438419.29578981374,661585.3397041034,628419.0664208216,True,True,True
2023-12-04,436211.90912027564,654255.1234100411,622648.5419898774,True,True,True
2023-12-05,436082.6962420588,659053.0831661546,623209.737512016,True,True,True
2023-12-06,434262.9482071713,655321.3366891773,620182.6883781349,True,True,True
2023-12-07,437665.55400021526,663984.3195821601,629573.7180210763,True,True,True
2023-12-08,439517.605254657,667582.7893992453,634093.0472062699,True,True,True
2023-12-11,441229.6758910304,666516.5761201088,639101.2997504878,True,True,True
2023-12-12,443415.5270808657,671714.3658558987,643257.4635036457,True,True,True
2023-12-13,449456.22913750407,678778.0288301769,653385.9121950453,True,True,True
2023-12-14,450780.6611392268,675579.3889927679,660787.422439432,True,True,True
2023-12-15,450091.52578873694,677978.3688708246,661822.10064935,True,True,True
2023-12-18,452632.71239366854,683575.9885862905,664725.2850079238,True,True,True
2023-12-19,455389.25379562826,686907.9050835916,669142.8783188349,True,True,True
2023-12-20,448820.932486271,677978.3688708246,656160.1711501067,True,True,True
2023-12-21,453192.63486594165,684908.755185211,667241.9086613032,True,True,True
2023-12-22,454247.8733713793,684375.6485456427,667330.5497270833,True,True,True
2023-12-26,456132.2278453752,686374.7984440235,671911.1458808697,True,True,True
2023-12-27,456972.1115537848,687574.2883830519,672984.8883007177,True,True,True
2023-12-28,457036.71799289325,687574.2883830519,673205.2170611912,True,True,True
2023-12-29,455819.96338968445,685308.585164887,669480.5487998268,True,True,True
2024-01-02,452912.6736298051,673313.6857746032,655389.0067719232,True,True,True
2024-01-03,449553.1387961667,667982.6193789215,644962.7382623781,True,True,True
2024-01-04,448131.79713578115,664117.5962420522,641935.1383977574,True,True,True
2024-01-05,448702.4873479056,664517.4262217283,644109.6636361562,True,True,True
2024-01-08,455120.0602993432,678378.1988505007,659887.0902798765,True,True,True
2024-01-09,454010.98309464834,680110.7954290974,660506.3716238383,True,False,True
2024-01-10,457004.414773339,687974.1183627279,665663.0856613372,True,False,True
2024-01-11,456853.6664154193,689440.1616215404,665510.1788988275,True,False,True
2024-01-12,457058.25347259606,690373.0982407847,663447.4262046856,True,False,True
2024-01-16,455507.6989339937,689973.2682611087,661876.4193018663,True,False,True
2024-01-17,452966.5123290621,686374.7984440235,656092.1533266286,True,True,True
2024-01-18,457004.414773339,696370.5479359267,668049.0969978456,True,True,True
2024-01-19,462592.8717562183,707832.3406866424,682791.2188952034,True,True,True
2024-01-22,463648.11026165605,708632.0006459947,685490.3837490473,True,True,True
2024-01-23,465026.38096263586,710497.8738844832,687325.5387341629,True,True,True
2024-01-24,465414.0195972865,714362.8970213525,692134.3468320064,True,True,True
2024-01-25,468030.58038117795,715695.6636202731,694109.6789815022,True,True,True
2024-01-26,467750.6191450414,714096.3437015684,688654.7023169699,True,True,True
2024-01-29,471153.2249380855,722892.6032544434,697511.3163553508,True,True,True
2024-01-30,470819.4250026919,718494.4734780057,692339.0050443056,True,True,True
2024-01-31,463142.02648864,702501.2742909607,678839.2535714664,True,True,True
2024-02-01,469236.5672445353,713163.4070823241,687489.7986067757,True,True,True
2024-02-02,474060.5146979648,728756.7762896932,699455.2850107807,True,True,True
2024-02-05,472326.90858188865,728356.9463100171,701997.8619931698,True,True,True
2024-02-06,473802.0889415312,728356.9463100171,700224.6662150573,True,True,True
2024-02-07,477689.24302788835,738352.6958019204,709788.0579318503,True,True,True
2024-02-08,478012.27522343054,739019.0791013807,714018.137045119,True,True,True
2024-02-09,480725.7456659847,747815.3386542554,723292.0021019899,True,True,True
2024-02-12,480510.3908689565,742350.9955986817,721702.0217006099,True,True,True
2024-02-13,473737.48250242264,732755.0760864544,708509.454302258,True,True,True
2024-02-14,478249.16550016147,741284.7823195453,719286.2757711908,True,True,True
2024-02-15,481479.48745558306,742350.9955986817,721374.2921347034,True,True,True
2024-02-16,479013.6750296113,737153.205862892,716082.5713343696,True,True,True
2024-02-20,476386.34650586837,729556.4362490455,706991.8366240223,True,True,True
2024-02-21,476870.8947991816,727424.0096907727,704321.7479689869,True,True,True
2024-02-22,486884.8928609884,750347.5951922042,730315.3266075787,True,True,True
2024-02-23,487100.24765801657,749014.8285932839,727783.3632357961,True,True,True
2024-02-26,485323.5705825347,746615.8487152271,727600.9309078144,True,True,True
2024-02-27,486217.2929902013,748081.8919740395,729696.0797615384,True,True,True
2024-02-28,485463.55120060296,745549.6354360906,725488.692601445,True,True,True
2024-02-29,487261.7637557876,750347.5951922042,734435.1619627959,True,True,True
2024-03-01,491956.4983310003,758477.4714456188,748620.8088365265,True,True,True
2024-03-04,491375.04037902434,754479.1716488575,749433.4725898716,True,True,True
2024-03-05,486443.41552708077,741951.1656190056,738395.105697616,True,True,True
2024-03-06,489027.67309141805,744483.4221569543,746097.0712304929,True,True,True
2024-03-07,493862.388284699,754612.4483087496,760773.8305248418,True,True,True
2024-03-08,490868.9566060084,747415.5086745792,747986.9756294616,True,True,True
2024-03-11,490470.5502315064,743150.655558034,741898.8550794992,True,True,True
2024-03-12,495714.43953914073,756744.8748670224,755524.543696914,True,True,True
2024-03-13,494960.69774954236,753146.4050499372,749038.9602218126,True,True,True
2024-03-14,493873.1560245505,754879.0016285337,743024.9706992183,True,True,True
2024-03-15,490481.3179713577,745016.5287965225,735605.2364272219,True,True,True
2024-03-18,493539.3560891568,752346.745090585,740450.0676211276,True,True,True
2024-03-19,496306.66523096804,756744.8748670224,742616.527761787,True,True,True
2024-03-20,500635.2966512329,764341.6444808688,753377.9162185376,True,True,True
2024-03-21,502315.0640680521,763142.1545418404,758335.9690199405,True,True,False
2024-03-22,501658.2319371163,764075.0911610847,760667.2797992792,True,True,False
2024-03-25,500355.3354150963,761009.7279835677,758086.5598740578,True,True,False
2024-03-26,498955.52923441364,758344.1947857268,753678.6507908656,True,True,False
2024-03-27,503305.69613438135,759943.5147044314,754528.9650995578,True,True,False
2024-03-28,503241.08969527297,757677.8114862667,753306.6051498947,True,True,False
2024-04-01,502584.2575643372,757411.2581664826,757079.9462923222,True,True,False
2024-04-02,499300.09690965863,753013.1283900451,750542.1282555371,True,True,False
2024-04-03,499752.34198341763,754079.3416691815,752379.9677908754,True,True,False
2024-04-04,493593.1947884138,743417.208877818,737974.5993374722,True,True,False
2024-04-05,498837.08409604826,754745.7249686416,748419.2165069231,True,True,False
2024-04-08,499030.9034133735,753812.7883493975,748420.9281527755,True,True,False
2024-04-09,499655.432324755,754079.3416691815,749966.9281505425,True,True,False
2024-04-10,494820.717131474,749814.4885526361,744815.3670505638,True,True,False
2024-04-11,498384.8390222892,761809.3879429199,758871.6612711579,True,True,False
2024-04-12,491590.39517605247,751946.9151109088,744131.5426309151,True,True,False
2024-04-15,485355.87380208896,737553.0358425681,731092.8420054351,True,True,False
2024-04-16,484483.68687412504,737553.0358425681,733492.559107386,True,True,False
2024-04-17,481565.62937439425,730089.5428886137,720014.55864748,True,True,False
2024-04-18,480467.3199095509,725558.1364522842,712277.1631809357,True,True,False
2024-04-19,476440.1852051255,707965.6173465344,689192.226963941,True,True,False
2024-04-22,480574.99730806495,715029.2803208127,698498.1340750465,True,True,False
2024-04-23,486637.23484440614,726491.0730715285,711728.8585296015,True,True,False
2024-04-24,486281.89942930976,726357.7964116364,711969.0375746464,True,True,False
2024-04-25,484279.0998169484,721160.0066758468,714225.1000595754,False,False,False
2024-04-26,489124.5827500807,734620.9493249431,727556.597953868,False,False,False
2024-04-29,490825.8856466027,736486.8225634317,729404.528355057,False,False,False
2024-04-30,483073.112953591,723159.1565742274,716205.0254894209,False,False,False
2024-05-01,481501.0229352859,721026.7300159548,714093.1050309191,False,False,False
2024-05-02,485991.17045332177,729822.9895688295,722804.7769222389,False,False,False
2024-05-03,492021.10477010865,744216.8688371703,737060.2400171261,False,False,False
2024-05-06,496985.0328416066,754745.7249686416,747487.8472809787,False,False,False
2024-05-07,497695.70367179916,753946.0650092895,746695.8771090405,False,False,False
2024-05-08,497717.2391515021,752480.021750477,745243.9317938206,False,False,False
2024-05-09,500570.69021212443,755012.2782884256,747751.8373382913,False,False,False
2024-05-10,501195.219123506,755412.1082681019,748147.8224242606,False,False,False
2024-05-13,501227.5223430602,755678.661587886,748411.8124815732,False,False,False
2024-05-14,503596.4251103692,759543.6847247552,752239.6683126077,False,False,False
2024-05-15,509734.0368256702,771805.1374348232,764383.210948993,False,False,False
2024-05-16,508764.94023904373,769805.9875364425,762403.2855191475,False,False,False
2024-05-17,509518.6820286421,769672.7108765505,762271.2904904913,False,False,False
2024-05-20,510013.9980618067,774737.2239524482,767287.101579433,False,False,False
2024-05-21,511392.26876278664,777536.0338101812,770058.9971812167,False,False,False
2024-05-22,509906.3206632928,775670.1605716926,768211.0667800276,False,False,False
2024-05-23,506116.0762355981,775403.6072519084,767947.0767227148,False,False,False
2024-05-24,509561.7529880478,781934.1635866186,774414.8331268765,False,False,False
2024-05-28,509970.9271024012,787531.7833020844,779958.6243304438,False,False,False
2024-05-29,506374.50199203176,785532.6334037037,777978.6989005982,False,False,False
2024-05-30,502971.8961989879,772338.2440743916,764911.1910636185,False,False,False
2024-05-31,507343.5985786583,773271.1806936357,760128.0985378688,True,True,False
2024-06-03,507903.5210509314,780068.2903481299,767917.4975522069,True,True,False
2024-06-04,508517.2822224615,783666.7601652151,768955.7199100581,True,True,False
2024-06-05,514601.0552385055,797927.3627736638,792193.6155368768,True,True,False
2024-06-06,514493.37783999136,799126.8527126921,790406.16100644,True,True,False
2024-06-07,513815.01022935286,799126.8527126921,790156.1555353483,True,True,False
2024-06-10,515505.54538602335,801525.8325907489,796144.5899827009,True,True,False
2024-06-11,516679.2290298265,810188.8154837319,800817.3511103719,True,True,False
2024-06-12,520975.55723053735,821384.0549146633,816983.2545002787,True,True,False
2024-06-13,521966.18929686653,823649.7581328279,823480.0470701009,True,True,False
2024-06-14,522386.1311510713,826581.8446504531,826072.5307417434,True,True,False
2024-06-17,526531.7109938624,834445.1675840835,836483.1339540068,True,True,False
2024-06-18,527931.517174545,835777.9341830041,842625.5825313261,True,True,False
2024-06-20,526467.1045547539,830446.8677873224,829656.8262307018,True,True,False
2024-06-21,525314.9563906536,828980.82452851,823747.7259137786,True,True,False
2024-06-24,523904.3824701195,819918.011655851,806973.7800108836,True,True,False
2024-06-25,526079.4659201032,832845.8476653792,822144.0619290557,True,True,False
2024-06-26,526660.9238720792,836577.5941423564,823286.4856950826,True,True,False
2024-06-27,527479.272100786,838710.0207006291,821990.851259141,True,True,False
2024-06-28,525444.1692688705,831379.8044065667,819935.2655288969,True,True,False
2024-07-01,526650.1561322277,838443.467380845,824520.2851100673,True,True,False
2024-07-02,530063.5296651232,846173.5136545835,832388.9990354724,True,True,False
2024-07-03,532464.7356519867,852570.7933294015,843678.6271111473,True,True,False
2024-07-05,535651.9866480025,863632.7561004411,850376.9438350544,True,True,False
2024-07-08,536158.0704210186,863899.3094202252,856148.3527704498,True,True,False
2024-07-09,536750.2961128459,865498.6293389298,857848.7718287761,True,True,False
2024-07-10,541918.8112415203,873761.7822522365,870486.0654552194,True,True,True
2024-07-11,537277.9153655648,853503.7299486459,853233.4758700851,True,True,True
2024-07-12,540594.3792397976,857768.5830651913,860884.1801628205,True,True,True
2024-07-15,542231.0756972111,860967.2229026002,862425.6568551366,True,True,True
2024-07-16,545310.6492947129,859367.902983896,865881.4800392914,True,True,True
2024-07-17,537697.8572197696,835244.8275434359,831767.5803168061,True,True,True
2024-07-18,533649.1870356413,828181.1645691576,827564.6601729528,True,True,True
2024-07-19,530085.0651448261,823116.6514932598,817746.4885400529,True,True,True
2024-07-22,535598.1479487456,836044.4875027881,833959.9295564252,True,False,True
2024-07-23,534704.4255410788,835244.8275434359,831964.6356645775,True,False,True
2024-07-24,522461.50533003116,803125.1525094535,801839.4856182843,True,False,True
2024-07-25,519823.40906643687,792596.296377982,792839.2064927021,True,False,True
2024-07-26,525659.5240658986,830920.4414994621,821550.2772527307,True,False,True
2024-07-29,526047.1627005491,828818.7963392746,820695.3926649154,True,False,True
2024-07-30,523290.62129858945,829799.5640806954,819035.0800455217,True,False,True
2024-07-31,531538.7100247658,834983.6221424912,841662.7941918907,False,False,False
2024-08-01,524292.0211047701,826086.657631031,832694.6613902824,False,False,False
2024-08-02,514708.7326370195,814107.280217962,820619.4589566208,False,False,False
2024-08-05,499257.025950253,795542.7479696393,801906.4259453907,False,False,False
2024-08-06,504231.72176160215,800586.6963540893,806990.7217069325,False,False,False
2024-08-07,500732.2063098955,796733.6802270788,803106.8846668658,False,False,False
2024-08-08,512415.20404867013,810464.4286069705,816947.467573285,False,False,False
2024-08-09,514611.8229783568,812075.6898964476,818571.6176082221,False,False,False
2024-08-12,514881.0164746419,809413.6060268767,815888.2392896306,False,False,False
2024-08-13,523430.6019166577,817329.8027969162,823867.7590264947,False,False,False
2024-08-14,525099.6015936255,822583.9156973851,829163.9004447672,False,False,False
2024-08-15,534112.1998492515,831971.2640795558,838626.3397787479,False,False,False
2024-08-16,535242.8125336492,834633.3479491266,830474.9508857981,True,True,False
2024-08-19,540389.7921826208,818715.8655192807,826959.031764424,True,True,False
2024-08-20,539496.0697749541,818715.8655192807,822633.9629210209,True,True,False
2024-08-21,541380.42424895,822360.3876551376,828228.6966665367,True,True,False
2024-08-22,536997.9541294281,809864.8831893426,809839.7887425596,True,True,False
2024-08-23,542812.533649187,818195.2194998725,822753.9859028261,True,True,False
2024-08-26,541477.3339076127,813379.2438203475,812164.7185954476,True,True,False
2024-08-27,542198.772477657,816112.63542224,817036.5343036357,True,True,False
2024-08-28,539108.4311403036,841927.6180055068,827088.3879556233,True,True,False
2024-08-29,539183.8053192634,845406.0827964732,825222.0051492912,True,True,False
2024-08-30,544266.1785291267,853058.7053365993,837206.1543212883,True,True,False
2024-09-03,533250.7806611393,844292.974063364,836335.0985809407,False,False,False
2024-09-04,531926.3486594163,844849.5284299186,836886.4071495505,False,False,False
2024-09-05,530612.6843975448,837127.3365939731,829237.0007600907,False,False,False
2024-09-06,521783.1377193926,827109.35799599,819313.4465251159,False,False,False
2024-09-09,527651.5559384085,835388.10419849,827514.1614831855,False,False,False
2024-09-10,529826.6393883923,836709.9208190572,828823.5193336334,False,False,False
2024-09-11,535253.5802735004,835527.2427901287,827651.9886253377,False,False,False
2024-09-12,539851.4051900506,840466.6627933009,832544.852171749,False,False,False
2024-09-13,542715.6239905243,845406.0827964732,837437.7157181602,False,False,False
2024-09-16,543533.9722192311,852571.7202658638,844535.8135390104,False,False,False
2024-09-17,543792.3979756648,851389.0422369353,843364.2828307146,False,False,False
2024-09-18,542026.4886400343,849441.101953994,824516.4408384938,True,True,False
2024-09-19,551480.5642295681,856815.4473108429,842775.1697318491,True,True,False
2024-09-20,550393.0225045762,855702.3385777338,837700.4472516617,True,True,False
2024-09-23,551749.7577258532,858485.1104105068,840806.9834468446,True,True,False
2024-09-24,553343.3832238612,859111.2340728808,847335.3930081266,True,True,False
2024-09-25,552212.7705394637,853754.3982947925,847112.1277329078,True,True,False
2024-09-26,554409.3894691503,826648.3400815591,841502.59211064,True,True,True
2024-09-27,553698.7186389577,820975.7688146238,834239.3082594123,True,True,True
2024-09-30,556110.6923656724,824972.3531163281,833563.013167721,True,True,True
2024-10-01,550909.8740174437,812209.0677657239,818396.1585275301,True,True,True
2024-10-02,551006.7836761065,812595.8339884696,822261.8677276092,True,True,True
2024-10-03,549962.31291052,830679.9376561891,832945.8504637951,True,True,True
2024-10-04,555033.918380532,837150.1424444239,841598.6084372645,True,True,True
2024-10-07,550037.6870894799,831623.5091878066,838668.5167297138,True,True,True
2024-10-08,555238.5054377086,833038.8664852331,844138.0617592185,True,True,True
2024-10-09,559039.5176052545,841059.2245039826,852686.6471450682,True,True,True
2024-10-10,558102.7242381823,822065.6591191015,841521.2883026722,True,True,True
2024-10-11,561419.1881124153,822702.3270707116,845444.8893975599,True,True,True
2024-10-14,566017.0130289651,830724.3432610001,855541.4429178246,True,True,True
2024-10-15,561699.1493485516,822065.6591191015,835495.6580224158,True,True,True
2024-10-16,564068.0521158609,823084.3278416778,837572.1401020815,True,True,True
2024-10-17,564143.4262948206,852066.2530910702,855610.478779324,True,True,True
2024-10-18,566318.5097448046,851998.9120452239,856397.794173023,True,True,True
2024-10-21,565446.3228168406,844793.4201396882,852346.8752510841,True,True,True
2024-10-22,565058.6841821901,824856.761501247,840222.7245772765,True,False,True
2024-10-23,559900.936793367,811522.1852134429,828046.1492467122,True,False,True
2024-10-24,561160.7623559814,818063.6754678373,834150.2231264068,True,False,True
2024-10-25,560945.4075589534,821711.8142635573,837731.9261098977,True,False,True
2024-10-28,562689.781414881,822718.1973796182,840323.1642448006,True,False,True
2024-10-29,563594.271562399,829888.6770815505,847223.1884667028,True,False,True
2024-10-30,561892.9686658769,824605.1657222318,837611.3518483811,True,False,True
2024-10-31,550834.4998384839,799948.7793787449,813899.3499529997,True,False,True
2024-11-01,553224.9380854957,806741.8654121545,819562.4223011914,True,False,True
2024-11-04,552029.7189619897,803974.3118429875,817675.7145557588,True,False,True
2024-11-05,558662.6467104555,814289.7387826098,829448.9026566866,True,False,True
2024-11-06,572574.5665984709,833411.017987763,850467.0132021847,True,False,True
2024-11-07,577032.4108969526,847626.1795021201,863631.3410355169,True,False,True
2024-11-08,579584.3652417357,849764.7436237494,865168.79015781,True,False,True
2024-11-11,580058.1457951976,850393.733071287,866597.5729219312,True,False,True
2024-11-12,578324.5396791213,851525.9140768554,862416.8844161433,True,False,True
2024-11-13,578615.2686551093,851022.7225188252,860693.2336676696,True,False,True
2024-11-14,574943.4693657801,846368.2006070444,854929.7216519539,True,False,True
2024-11-15,567524.496608162,828127.5066284444,837281.7290208704,True,False,True
2024-11-18,569871.8638957682,831524.049645149,842235.0221306889,True,False,True
2024-11-19,571950.0376870894,839826.71035265,850612.3859186812,True,False,True
2024-11-20,572154.6247442662,838694.5293470817,849172.25150928,True,False,True
2024-11-21,575040.3790244426,839826.71035265,857052.1532287789,True,False,True
2024-11-22,576978.5721976957,839826.71035265,861183.9654406065,True,False,True
2024-11-25,578830.6234521372,839826.71035265,867437.5920478588,True,False,True
2024-11-26,582071.7131474104,848632.562618181,869572.7670634305,True,False,True
2024-11-27,580219.6618929687,842594.263921817,862512.2798073534,True,False,True
2024-11-29,583277.7000107678,850142.1372922721,868899.7516430836,True,False,True
2024-12-02,584925.1642080327,858822.1916682954,880635.7955106583,True,False,True
2024-12-03,585054.3770862496,862596.128353523,881168.0986118618,True,False,True
2024-12-04,588747.7118552815,876811.2898678803,892434.0440988562,True,False,True
2024-12-05,587767.8475288036,876056.5025308349,887614.9800964766,True,False,True
2024-12-06,588930.7634327555,881843.2054481837,895377.0199002794,True,False,True
2024-12-09,585872.7253149564,876559.6940888653,891497.7078567647,True,False,True
2024-12-10,584203.7256379885,875804.9067518197,884556.9443783639,True,False,True
2024-12-11,588629.2667169161,890271.6640451921,897354.7671831223,True,False,True
2024-12-12,585592.7640788199,885491.3442439038,891997.8822710783,True,False,True
2024-12-13,585549.6931194142,884988.1526858734,891390.932090424,True,False,True
2024-12-16,587853.989447615,894800.3880674652,898760.2616687681,True,False,True
2024-12-17,585388.177021643,892787.6218353438,894619.9894638531,True,False,True
2024-12-18,568192.096478949,862973.5220220457,862192.4225768447,True,False,True
2024-12-19,567987.5094217722,863854.1072485988,859681.1952896985,True,False,True
2024-12-20,574415.8501130613,872911.5552931452,871053.5648575568,True,False,True
2024-12-23,578529.126736298,881591.6096691686,879648.4017662923,True,False,True
2024-12-24,584472.9191342737,893542.4091723893,890756.2030608016,True,False,True
2024-12-26,584462.1513944222,891907.0366087907,889415.8727985745,True,False,True
2024-12-27,578410.6815979325,878195.0666524639,876629.575695322,True,False,True
2024-12-30,571971.5731667924,868131.2354918569,865302.2478249129,True,False,True
2024-12-31,569667.2768385916,859828.5747843562,858746.9886295848,True,False,True
2025-01-02,568235.1674383547,857690.0106627274,857358.3026743446,True,False,True
2025-01-03,575578.7660170129,871905.1721770845,873733.7084634785,True,False,True
2025-01-06,578927.5331108,882094.8012271991,885063.838332894,True,False,True
2025-01-07,572413.0505006999,863854.1072485988,869830.2161671645,True,False,True
2025-01-08,573188.327770001,865363.68192269,868148.8117162305,True,False,True
2025-01-10,564466.4584903629,852029.1056348858,855296.2517279639,True,False,True
2025-01-13,565187.8970604069,847500.3816126127,851059.9188608582,True,False,True
2025-01-14,565909.3356304511,843600.6470378775,851421.7597002741,True,False,True
2025-01-15,576257.1336276515,863979.9051381064,869534.8023156485,True,False,True
2025-01-16,575406.4821793905,856809.425436174,866768.7737742291,True,False,True
2025-01-17,580919.5649833101,868634.4270498871,878320.9819261129,True,False,True
2025-01-21,586206.5252503499,872659.95951413,886124.380975107,True,False,True
2025-01-22,589544.5246042855,887126.7168075023,898479.936457809,True,False,True
2025-01-23,592807.1497792612,890397.4619346997,901980.5756517975,True,False,True
2025-01-24,591019.704963928,885491.3442439038,896319.7137155996,True,False,True
2025-01-27,582793.1517174544,860960.7557899245,866524.2673222949,True,False,True
2025-01-28,587681.7056099924,881214.2160006458,880758.3052087327,True,False,True
2025-01-29,585097.4480456552,875301.7151937893,876491.667489868,True,False,True
2025-01-30,588155.4861634542,875930.7046413271,881835.2659032934,True,False,True
2025-01-31,585011.3061268439,871779.3742875769,876004.5293911254,True,False,True
2025-02-03,581177.9907397437,863225.1178010609,867034.6517524279,False,False,False
2025-02-04,585032.8416065468,874672.7257462513,878532.7796028318,False,False,False
2025-02-05,587434.0475934101,876685.4919783727,880554.42845565,False,False,False
2025-02-06,589555.2923441369,883855.9716803052,887756.5524938151,False,False,False
2025-02-07,583816.087003338,873037.3531826527,876890.189909917,False,False,False
2025-02-10,587993.9700656831,882220.5991167065,886113.9628009001,False,False,False
2025-02-11,588521.589318402,880711.0244426156,884597.7261612866,False,False,False
2025-02-12,586583.396145149,879704.6413265549,883586.9017348775,False,False,False
2025-02-13,592774.8465597071,892536.0260563288,896474.9131715939,False,False,False
2025-02-14,592796.3820394098,894926.1859569729,898875.6211843155,False,False,False
2025-02-18,594508.4526757832,894171.3986199273,898117.5028645087,False,False,False
2025-02-19,595951.3298158717,895051.9838464805,899001.9742376166,False,False,False
2025-02-20,593442.4464304942,890900.65349273,894832.3234786789,False,False,False
2025-02-21,583342.3064498762,871150.3848400388,874994.8941103998,False,False,False
2025-02-24,580585.7650479164,861967.1389059852,865771.1212194165,False,False,False
2025-02-25,577700.0107677397,851903.3077453782,855662.8769553252,False,False,False
2025-02-26,578055.3461828361,870737.8476188856,874580.5363044214,False,False,False
2025-02-27,568773.5544309249,868551.9520258987,872384.9940464987,False,False,False
2025-02-28,577613.8688489286,881325.7793974162,885215.1941162349,False,False,False
2025-03-03,567664.4772262302,874085.0002456467,877942.4603868657,False,False,False
2025-03-04,560826.962420588,855914.7431289428,859692.0153678827,False,False,False
2025-03-05,567115.3224938083,862130.8837214995,865935.5886638504,False,False,False
2025-03-06,556832.1309357166,855983.0523662239,859760.6260634429,False,False,False
2025-03-07,559836.3303542585,863838.6146535204,867650.8560528527,False,False,False
2025-03-10,545030.6880585764,853523.9198241135,857290.6410232796,False,False,False
2025-03-11,540562.0760202432,842389.5141473362,846107.0976469856,False,False,False
2025-03-12,543178.6368041348,838564.1968596093,842264.8986956208,False,False,False
2025-03-13,536082.6962420588,835490.2811819714,839177.4173954169,False,False,False
2025-03-14,547087.3263701948,847717.6346552419,851458.7319006722,False,False,False
2025-03-17,551265.20943254,858442.1849083342,862230.6111036058,False,False,False
2025-03-18,545450.6299127813,854616.8676206069,858388.4121522411,False,False,False
2025-03-19,551179.0675137289,860013.2973657937,863808.657101488,False,False,False
2025-03-20,549919.2419511144,858510.4941456151,862299.221799166,False,False,False
2025-03-21,550048.4548293313,854616.8676206069,858388.4121522411,False,False,False
2025-03-24,559707.1174760417,863292.1407552738,867101.970488372,False,False,False
2025-03-25,561031.5494777645,860833.0082131636,864631.9854482089,False,False,False
2025-03-26,554495.5313879617,861925.956009657,865729.7565771703,False,False,False
2025-03-27,552966.5123290621,861106.2451622871,864906.4282304492,False,False,False
2025-03-28,541918.8112415203,850928.1688074415,854683.4345919964,False,False,False
2025-03-31,545224.5073759018,861311.1728741295,865112.2603171295,False,False,False
2025-04-01,547227.306988263,858715.4218574575,862505.0538858462,False,False,False
2025-04-02,550522.235382793,861994.265246938,865798.3672727303,False,False,False
2025-04-03,524270.4856250672,833167.7671144227,836844.653746374,False,False,False
2025-04-04,493883.9237644018,781799.22067923,785249.410685189,False,False,False
2025-04-07,491805.74997308064,777017.5740695712,780446.6619959829,False,False,False
2025-04-08,484569.8287929363,767932.4455112192,771321.4394864914,False,False,False
2025-04-09,529514.3749327016,818139.7349126376,821750.3007231549,False,False,False
2025-04-10,511435.3397221923,797100.4898301386,800618.2064906483,False,False,False
2025-04-11,520437.17023796693,808166.5862696349,811733.1391713822,False,False,False
2025-04-14,525670.2918057499,817456.6425398292,821064.193767554,False,False,False
2025-04-15,524195.1114461074,814246.1083876297,817839.4910762301,False,False,False
2025-04-16,512673.6298051038,804409.5782191885,807005.0208276799,True,True,False
2025-04-17,513384.30063529656,804682.8151683119,804152.143002941,True,True,False
2025-04-21,501152.14816410036,789039.9998309993,786932.5000413386,True,True,False
2025-04-22,513793.47474965,806390.5461003328,804136.7632935703,True,True,False
2025-04-23,522052.3312156778,811923.5943200812,819093.73163538,True,True,False
2025-04-24,533024.6581242596,818686.2088108844,839848.5285069585,True,True,False
2025-04-25,536944.1154301713,817934.807200795,844369.6478410199,True,True,False
2025-04-28,537277.9153655648,820803.7951665906,843910.0770699927,True,True,False
2025-04-29,540529.7728006891,813231.0761196029,838905.8167584132,True,True,False
2025-04-30,540798.9662969742,812326.3371601566,839913.5963869697,True,True,False
2025-05-01,544632.2816840744,825380.4278607413,850243.5816759682,True,True,True
2025-05-02,552438.8930763432,836754.2890652112,868697.3330889824,True,True,True
2025-05-05,549553.1387961666,831196.6068857544,863454.4073839461,True,True,True
2025-05-06,544869.1719608053,823441.7015190704,855494.1049511655,True,True,True
2025-05-07,547334.9843867772,827189.9057796344,863992.025000318,True,True,True
2025-05-08,550985.2481964035,833523.0784957595,872725.575069029,True,True,True
2025-05-09,550253.041886508,832618.3395363131,873992.1774426738,True,True,True
2025-05-12,568568.9673737482,868420.1526458379,918487.0572981077,True,True,True
2025-05-13,572305.3731021858,883283.7212653159,939810.0854322255,True,True,True
2025-05-14,573016.0439323785,889875.3908269972,946218.7047927671,True,True,True
2025-05-15,575826.4240335954,889487.6455586628,944258.0888652703,True,True,True
2025-05-16,579541.2942823302,892848.1045508928,947685.7395712035,True,True,True
2025-05-19,580133.5199741573,893365.098242005,946853.1061896947,True,True,True
2025-05-20,578076.8816625391,889358.3971358849,942797.0959729163,True,True,True
2025-05-21,568418.2190158286,875528.8158986316,925265.4951253312,True,True,True
2025-05-22,568676.6447722622,878372.2811997491,926212.3700272909,True,True,True
2025-05-23,564843.329385162,868937.1463369502,916307.8586769237,True,True,True
2025-05-27,576440.1852051254,890392.3845181094,941646.6003179755,True,True,True
2025-05-28,573156.0245504468,886644.1802575453,935250.7825613298,True,True,True
2025-05-29,575363.4112199849,889358.3971358849,938443.4325077859,True,True,True
2025-05-30,574771.1855281576,887161.1739486578,930953.1132253666,True,True,True
2025-06-02,578109.1848820932,895562.3214292321,941114.5581348571,True,True,True
2025-06-03,581393.3455367718,902024.7425681356,954492.2142066611,True,True,True
2025-06-04,581016.4746419727,904609.7110236968,959170.1929755459,True,True,True
2025-06-05,578303.0041994186,897242.5509253471,953317.1576802094,True,True,True
2025-06-06,584214.4933778399,906936.1826337021,963636.8623689867,True,True,True
2025-06-09,584839.0222892214,907970.1700159267,970506.3675325187,True,True,True
2025-06-10,588166.2539033056,913527.8521953836,980668.8476999154,True,True,True
2025-06-11,586540.3251857435,910167.393203154,977864.2459963374,True,True,True
2025-06-12,588758.4795951329,912623.1132359371,980103.1653324245,True,True,True
2025-06-13,582200.9260256273,899956.7678036864,962772.7417993093,True,True,True
2025-06-16,587832.453967912,911718.3742764908,981302.0149003925,True,True,True
2025-06-17,582825.4549370087,904351.2141781407,973158.3495746723,True,True,True
2025-06-18,582707.0097986432,901636.9972998013,973708.0173513384,True,True,True
2025-06-20,581091.8488209324,896596.3088114569,968716.322056755,True,True,True
2025-06-23,587078.7121783138,908616.412129817,978239.5825694163,True,True,True
2025-06-24,593528.5883493056,921541.2544076237,1000165.0732188624,True,True,True
2025-06-25,593819.3173252933,925806.4523593001,1006381.4976789647,True,True,True
2025-06-26,598524.8196403575,933561.3577259842,1016165.9584254633,True,True,True
2025-06-27,601496.7158393452,938860.5430598849,1021131.5156790413,True,True,True
2025-06-30,604500.9152578873,944030.4799710077,1025354.8017577925,True,True,True
2025-07-01,604220.9540217508,934078.3514170963,1017508.662264303,True,True,True
2025-07-02,606902.1212447506,941316.2630926681,1030922.4373072626,True,True,True
2025-07-03,612156.7782922364,951397.6400693576,1041317.0326273002,True,True,True
2025-07-07,607246.6889199957,945452.2126215665,1030965.6752674506,True,True,True
2025-07-08,606837.5148056423,944030.4799710077,1036649.522996605,True,True,True
2025-07-09,610433.9399160115,953207.1179882503,1044868.5812204584,True,True,True
2025-07-10,612221.3847313448,953336.3664110284,1050623.9721957864,True,True,True
2025-07-11,610024.7658016582,951785.3853376916,1047951.8751910611,True,True,True
2025-07-14,611230.7526650155,954370.3537932531,1046864.22940692,True,True,True
2025-07-15,608571.1209217184,957730.8127854827,1052128.115431969,True,True,True
2025-07-16,610573.9205340798,960315.7812410443,1052353.4461614264,True,True,True
2025-07-17,614234.9520835577,966131.960266057,1061456.5275565803,True,True,True
2025-07-18,613965.7585872725,965744.214997723,1061118.1391450213,True,True,True
2025-07-21,615053.3003122645,969880.1645266211,1062601.2417089283,True,True,True
2025-07-22,615053.3003122645,963417.7433877179,1054204.6429256091,True,True,True
2025-07-23,620286.4218800473,970655.6550632895,1062486.2721446294,True,True,True
2025-07-24,620706.363734252,974533.1077466318,1064179.67092184,True,True,True
2025-07-25,623172.1761602239,978410.5604299738,1068143.1186529035,True,True,True
2025-07-28,623032.1955421556,982675.75838165,1076085.112430827,True,True,True
2025-07-29,621406.2668245934,977376.5730477491,1072959.8505555075,True,True,True
2025-07-30,620652.5250349952,980866.280462757,1079570.8640558687,True,True,True
2025-07-31,618326.6932270916,981124.777308313,1068427.7586571986,True,True,True
2025-08-01,608140.4113276622,958635.5517449292,1046880.1220413464,True,True,True
2025-08-04,617389.8998600194,977764.3183160834,1066731.9315099511,True,True,True
2025-08-05,614418.0036610315,969492.4192582871,1057517.2857870797,True,True,True
2025-08-06,618983.5253580273,984226.7394549868,1062895.8076347818,True,True,True
2025-08-07,618606.6544632281,983838.9941866526,1067115.3153741197,True,True,True
2025-08-08,623344.4599978464,993144.8806266735,1075494.9501810095,True,True,True
2025-08-11,622073.8666953807,991335.4027077805,1073843.5163178327,True,True,True
2025-08-12,628706.7944438462,1001416.7796844699,1093743.9237279217,True,True,True
2025-08-13,630903.4133735328,1001546.0281072478,1096877.6423506865,True,True,True
2025-08-14,630914.1811133842,1004130.9965628091,1097089.523373795,True,True,True
2025-08-15,629546.6781522558,1000641.2891478015,1086118.6700357161,True,True,True
2025-08-18,629331.3233552277,999995.0470339112,1089121.4130791654,True,True,True
2025-08-19,625885.6466027781,985002.2299916551,1072242.8669083093,True,True,True
2025-08-20,624238.182405513,978539.8088527516,1064896.4650759322,True,True,True
2025-08-21,621783.1377193927,975050.1014377438,1060454.4925671758,True,True,True
2025-08-22,631301.8197480347,990042.9184799996,1083363.7018878874,True,True,True
2025-08-25,628620.6525250348,988491.937406663,1081559.931232345,True,True,True
2025-08-26,631140.3036502638,994566.613277232,1089300.364639715,True,True,True
2025-08-27,632583.180790352,996376.0911961253,1092447.3215128472,True,True,True
2025-08-28,634822.8706794443,1001933.773375582,1098800.2155624528,True,True,True
2025-08-29,631161.8391299666,989913.6700572218,1079993.4670471682,True,True,True
2025-09-02,626510.1755141596,980995.5288855351,1068848.7414474227,True,True,True
2025-09-03,629708.1942500267,991593.8995533364,1073743.8724634566,True,True,True
2025-09-04,634898.2448584042,1000253.5438794672,1085017.4295001028,True,True,True
2025-09-05,633153.8710024765,997668.5754239059,1088014.5451821797,True,True,True
2025-09-08,634801.3351997414,1004389.4934083652,1095402.846335606,True,True,True
2025-09-09,636341.1219984925,1006974.4618639266,1097674.65716062,True,True,True
2025-09-10,638182.4055130826,1007103.7102867047,1102984.179106304,True,True,True
2025-09-11,643383.2238613114,1012015.1503522713,1113085.8764267722,True,True,True
2025-09-12,643243.2432432432,1017572.8325317282,1115172.7038056774,True,True,True
2025-09-15,646602.7780768817,1027266.4642400834,1125630.5428193235,True,True,True
2025-09-16,645752.1266286207,1025844.7315895247,1124455.234377633,True,True,True
2025-09-17,644998.3848390223,1021321.036792292,1120408.6672822812,True,True,True
2025-09-18,648034.8874771185,1026361.7252806368,1141013.1914657536,True,True,True
2025-09-19,651060.6223753634,1037347.8412167728,1145065.9867912002,True,True,True
2025-09-22,654226.3378916766,1046007.4855429033,1157959.9853214459,True,True,True
2025-09-23,650802.1966189295,1034116.6306473209,1149769.7437071926,True,True,True
2025-09-24,648627.1131689458,1030109.9295412009,1145134.6822073355,True,True,True
2025-09-25,645536.7718315924,1025456.9863211906,1139286.1428228503,True,True,True
2025-09-26,649337.7839991385,1029592.9358500885,1144531.0868947431,True,True,True
2025-09-29,651157.5320340261,1033211.8916878744,1147851.3564126792,True,True,True
2025-09-30,653558.7380208893,1038381.8285989973,1154575.8417698091,True,True,True
2025-10-01,655895.3375686443,1043810.262355676,1168649.909669212,True,True,True
2025-10-02,656627.5438785397,1045619.740274569,1176433.07926306,True,True,True
2025-10-03,656681.3825777968,1041613.0391684489,1172303.5216113552,True,True,True
2025-10-06,658921.0724668893,1050660.4287629137,1186686.7053616282,True,True,True
2025-10-07,656573.7051792828,1043939.510778454,1172698.1130732275,True,True,True
2025-10-08,660385.4850866802,1055054.875137368,1192380.4770683676,True,True,True
2025-10-09,658598.040271347,1053891.6393323655,1189508.012132363,True,True,True
2025-10-10,640895.8759556368,1019123.813605065,1137354.379912108,True,True,True
2025-10-13,650608.3773016045,1038769.5738673314,1170545.2111443582,True,True,True
2025-10-14,649682.3516743835,1030109.9295412009,1159856.14326435,True,True,True
2025-10-15,652546.5704748572,1036055.356988992,1175141.7951103293,True,True,True
2025-10-16,648239.4745342952,1031919.4074600938,1171869.3781082437,True,True,True
2025-10-17,651835.8996446645,1038898.8222901095,1174662.4408876656,True,True,True
2025-10-20,658673.4144503069,1051306.670876804,1189501.8380089323,True,True,True
2025-10-21,658587.2725314955,1050272.6834945795,1188394.8658570638,True,True,True
2025-10-22,655260.0409174113,1043293.2686645638,1173931.5843471142,True,True,True
2025-10-23,658964.1434262949,1051823.6645679162,1189527.937131389,True,True,True
2025-10-24,664412.6197911057,1062939.02892683,1204702.4147471495,True,True,True
2025-10-27,672369.9795412942,1082584.7891890963,1226651.4437025858,True,True,True
2025-10-28,674168.1920964789,1092149.1724746735,1232715.58281707,True,True,True
2025-10-29,674448.1533326154,1098870.090459133,1243661.1688993177,True,True,True
2025-10-30,667287.606331431,1082455.5407663183,1226798.0923599827,True,True,True
2025-10-31,669204.2640249811,1085557.502912992,1229566.2358972225,True,True,True
2025-11-03,670517.9282868527,1092407.6693202294,1236329.1930799712,True,True,True
2025-11-04,662754.3878539894,1073149.6543262973,1203734.3357400263,True,True,True
2025-11-05,664746.4197264994,1074571.386976856,1216166.2794253258,True,True,True
2025-11-06,657682.7823839774,1056864.3530562609,1194645.0166559678,True,True,True
2025-11-07,658371.9177344673,1052469.9066818068,1190677.1216533945,True,True,True
2025-11-10,668601.2705933024,1078319.5912374202,1219509.035381518,True,True,True
2025-11-11,670130.2896522019,1076897.8585868613,1208247.516607864,True,True,True
2025-11-12,670464.0895875955,1074571.386976856,1213555.9316244118,True,True,True
2025-11-13,659545.6013782707,1052340.6582590286,1183265.9669683715,True,False,True
2025-11-14,659373.3175406482,1054150.1361779214,1183513.714971909,True,False,True
2025-11-17,653203.402605793,1045361.2434290127,1167319.203494813,True,False,True
2025-11-18,647819.5326800903,1031273.1653462034,1154889.2685074816,True,False,True
2025-11-19,650166.8999676966,1039286.5675584435,1163460.7586303875,True,False,True
2025-11-20,640303.6502638095,1018736.0683367307,1140153.4932024768,False,False,False
2025-11-21,646678.1522558414,1024939.992630078,1147096.8283551943,False,False,False
2025-11-24,656293.7439431463,1051177.4224540258,1176461.349938562,False,False,False
2025-11-25,662399.052438893,1057510.5951701512,1183549.3379069609,False,False,False
2025-11-26,666975.3418757402,1064877.755268501,1191794.548400813,False,False,False
2025-11-28,670668.6766447723,1069013.7047973992,1196423.4385026244,False,False,False
2025-12-01,667589.1030472703,1066040.9910735036,1193096.4237419476,False,False,False
2025-12-02,668719.7157316678,1071727.9216757386,1199461.1476319386,False,False,False
2025-12-03,671056.3152794228,1071469.4248301825,1199171.8420005753,False,False,False
2025-12-04,671616.2377516959,1072761.9090579634,1200618.3701573913,False,False,False
2025-12-05,672876.0633143102,1077673.3491235296,1204445.2322917178,True,True,False
2025-12-08,670884.0314418003,1075476.1259363026,1207497.3504997238,True,True,True
2025-12-09,670334.8767093786,1075476.1259363026,1209095.956010419,True,True,True
2025-12-10,674674.275869495,1076251.616472971,1219864.4980768007,True,True,True
2025-12-11,676321.74006676,1073537.3995946317,1216806.6451510398,True,True,True
2025-12-12,669021.2124475072,1057252.098324595,1186702.2668532475,True,True,True
2025-12-15,668052.1158608807,1052340.6582590286,1181945.7626810195,True,True,True
2025-12-16,666189.2968665877,1049952.6142094089,1179856.5881408022,True,True,True
2025-12-17,658867.2337676322,1047773.1978603948,1162016.0207538032,True,True,True
2025-12-18,663841.9295789812,1047247.1318451158,1172130.8084014049,True,True,True
2025-12-19,669764.1864972542,1049727.1573457178,1184530.3491824507,True,False,True
2025-12-22,673985.1405190049,1057693.299862803,1195356.1845793254,True,False,True
2025-12-23,677129.3205556154,1058745.4318933615,1194075.4495536084,True,False,True
2025-12-24,679379.7781845591,1064907.919500918,1199727.204538073,True,False,True
2025-12-26,679444.3846236673,1063930.9397582565,1197988.497353394,True,False,True
2025-12-29,677053.9463766555,1062878.8077276982,1193846.1750293581,True,False,True
2025-12-30,676106.3852697319,1062127.284848728,1191303.189672789,True,False,True
2025-12-31,671196.295897491,1055062.969786407,1181451.4379613057,True,False,True
2026-01-02,672445.353720254,1064607.3103493298,1196134.059680404,True,False,True
2026-01-05,676903.1980187357,1075579.544382296,1211385.675082929,True,False,True
2026-01-06,680919.56498331,1084823.2757936306,1228855.2822537138,True,False,True
2026-01-07,678733.7137934747,1072648.6051543118,1212788.7613167237,True,False,True
2026-01-08,678615.2686551092,1080915.3568229855,1216237.9829466615,True,False,True
2026-01-09,683159.2548724022,1087679.062733718,1230665.0894897515,True,True,True
2026-01-12,684268.332077097,1088355.4333247913,1232068.6973001135,True,True,True
2026-01-13,682857.7581565629,1085875.4078241894,1231683.8317124103,True,True,True
2026-01-14,682857.7581565629,1085875.4078241894,1230915.7301882433,True,True,True
2026-01-15,682857.7581565629,1085875.4078241894,1241802.1386601117,True,True,True
2026-01-16,680790.3521050931,1097674.317024023,1244678.6928401373,True,True,True
2026-01-20,666932.2709163346,1083470.534611484,1221397.0724344251,True,True,True
2026-01-21,674577.3662108323,1098651.2967666844,1246506.041334459,True,True,True
2026-01-22,678087.6494023904,1099327.6673577577,1248592.8872149352,True,True,True
2026-01-23,678367.610638527,1092939.7228865102,1239946.6968443315,True,True,True
2026-01-26,681856.3583503822,1096396.7281297734,1240789.3489336714,True,True,True
2026-01-27,684645.2029718962,1095269.4438113181,1248381.1400710694,True,True,True
2026-01-28,684548.2933132334,1096321.5758418764,1258657.730998717,True,True,True
2026-01-29,683116.1839129966,1104212.5660710647,1264745.7175216337,True,True,True
2026-01-30,680930.3327231613,1107669.571314328,1248658.7352353877,True,True,True
2026-02-02,684634.4352320448,1118115.7393320152,1261736.6393829726,True,True,True
2026-02-03,678712.178313772,1123000.6380453224,1253541.9269422186,True,True,True
2026-02-04,675244.9660816194,1127960.6890465263,1240966.379375511,True,True,True
2026-02-05,666889.199956929,1123827.3132121894,1231797.268092442,True,True,True
2026-02-06,679875.0942177237,1144869.953823358,1272767.322620243,True,True,False
2026-02-09,683073.112953591,1141863.8623074766,1277158.4534655325,True,True,False
2026-02-10,681156.4552600408,1139383.8368068747,1279664.598316128,False,False,False
2026-02-11,681070.3133412297,1145396.019838637,1286417.0003915376,False,False,False
2026-02-12,670507.1605470012,1133822.5675024947,1273418.6263963736,False,False,False
2026-02-13,670937.8701410574,1140886.8825648155,1281352.6988349804,False,False,False
2026-02-17,672122.321524712,1138632.3139279045,1278820.5480567014,False,False,False
2026-02-18,675503.3918380531,1142615.385186447,1283294.0144316605,False,False,False
2026-02-19,673769.785721977,1139759.59824636,1280086.623445841,False,False,False
2026-02-20,678572.1976957037,1143291.7557775204,1284053.659665144,False,False,False
2026-02-23,671734.6828900613,1135100.156396744,1274853.5118373982,False,False,False
2026-02-24,676634.0045224506,1138557.1616400075,1278736.143030759,False,False,False
2026-02-25,682330.1389038439,1141863.8623074766,1282449.9641722343,False,False,False
2026-02-26,678496.8235167437,1140962.0348527124,1281437.1038609226,False,False,False
2026-02-27,675384.9466996877,1144343.887808079,1285235.330028341,False,False,False
2026-03-02,675643.3724561214,1141337.7962921977,1281859.128990636,False,False,False
2026-03-03,669688.8123182944,1128486.7550618055,1267425.8695544472,False,False,False
2026-03-04,674458.9210724669,1133146.1969114214,1272658.98116289,False,False,False
2026-03-05,670851.728222246,1117364.216453045,1254933.9257149387,False,False,False
2026-03-06,661882.2009260256,1105415.0026774171,1241513.5265900616,False,False,False
2026-03-09,667632.174006676,1108270.7896175042,1244720.9175758814,False,False,False
2026-03-10,666480.0258425757,1106391.9824200785,1242610.7919273158,False,False,False
2026-03-11,665737.0517928286,1103911.9569194766,1239825.426071209,False,False,False
2026-03-12,655540.0021535478,1091436.6771285697,1225814.1917647333,False,False,False
2026-03-13,651889.7383439215,1093916.7026291715,1228599.55762084,False,False,False
2026-03-16,658414.9886938732,1101056.1699793893,1236618.0350853892,False,False,False
2026-03-17,660234.7367287605,1103160.4340405061,1238981.375811783,False,False,False
2026-03-18,651125.2288144717,1088430.5856126884,1222437.9907270283,False,False,False
2026-03-19,649380.8549585443,1086025.7123999833,1219737.0298968642,False,False,False
2026-03-20,639959.0825885647,1077308.0470039276,1209946.04688752,False,False,False
2026-03-23,646904.2747927209,1082944.468596205,1216276.4238332168,False,False,False
2026-03-24,644707.6558630343,1087904.519597409,1221847.15554543,False,False,False
2026-03-25,648217.9390545924,1091361.5248406725,1225729.7867387908,False,False,False
2026-03-26,636728.760633143,1082944.468596205,1216276.4238332168,False,False,False
2026-03-27,625896.4143426294,1072798.909730106,1204881.7453309626,False,False,False
2026-03-30,623710.5631527941,1071897.0822753417,1203868.8850196511,False,False,False
2026-03-31,641552.7080865725,1089332.4130674526,1223450.8510383398,False,False,False
2026-04-01,646656.6167761387,1092037.8954317458,1226489.4319722743,False,False,False
2026-04-02,647399.5908258857,1093240.3320380982,1227839.9123873564,False,False,False
2026-04-06,650274.5773662108,1098500.9921908902,1233748.26420334,False,False,False
2026-04-07,650672.9837407126,1097298.5555845376,1232397.783788258,False,False,False
2026-04-08,667104.5547539571,1121873.3537268667,1259998.2272714963,False,False,False
2026-04-09,671045.5475395714,1128637.0596375996,1267594.6796063324,False,False,False
2026-04-10,670604.0702056638,1117890.282468324,1263358.4782124765,True,True,False
2026-04-13,677172.391515021,1124503.6838032627,1275356.8997864893,True,True,False
2026-04-14,685366.6415419403,1125931.5772733064,1286429.398125475,True,True,False
2026-04-15,690836.6533864542,1121196.9831357934,1286004.104988107,True,True,True
2026-04-16,692354.9047055022,1122850.333469528,1291380.489073461,True,True,True
2026-04-17,700850.651448261,1132018.9125929656,1309230.0360338637,True,True,True
2026-04-20,699526.2194465381,1131192.2374260987,1310783.093012407,True,True,True
2026-04-21,694917.6267901367,1123075.790333219,1305540.7178986617,True,True,True
2026-04-22,702056.6383116182,1123376.3994848072,1318264.6109633434,True,True,True
2026-04-23,699224.7227306988,1131492.8465776867,1323197.403901402,True,True,True
2026-04-24,704759.341014321,1127885.5367586291,1344052.41896558,True,True,True
2026-04-27,705922.2569182728,1127359.4707433498,1342464.6101021678,True,True,True
2026-04-28,702444.276946269,1127810.3844707322,1325118.512640388,True,True,True
2026-04-29,702422.7414665661,1130215.257683437,1332656.3470658239,True,True,True
2026-04-30,709227.9530526542,1147725.7407634452,1355197.1440063803,True,True,True
2026-05-01,711316.8945838269,1143291.7557775204,1356765.484722908,True,True,True
2026-05-04,708732.6370194897,1135851.679275714,1350637.5808012027,True,True,True
2026-05-05,714299.5585226661,1147800.893051342,1374557.497337754,True,True,True
2026-05-06,724345.8598040272,1157044.624462677,1407059.3290423795,True,True,True
2026-05-07,722073.8666953805,1147199.674748166,1389340.8593564834,True,True,True
2026-05-08,727974.5881339507,1155842.1878563247,1420370.292793335,True,True,True
2026-05-11,729568.2136319586,1163357.4166460277,1433233.5449440014,True,True,True
2026-05-12,728652.9557445892,1165010.7669797621,1418280.3639237077,True,True,True
2026-05-13,732669.3227091632,1166062.8990103204,1426590.8321026755,True,True,True
2026-05-14,738376.224830408,1169595.0565414808,1435467.7123078483,True,True,True
2026-05-15,729482.0717131473,1157570.690477956,1405243.2811305947,True,True,True
2026-05-18,728911.381501023,1162230.132327572,1394222.6154145412,True,True,True
2026-05-19,740777.4308172713,1161779.2186001898,1387710.1681012574,True,True,True
2026-05-20,731764.8325616453,1167265.3356166729,1415469.3590873396,True,True,True
2026-05-21,746710.4554753957,1170271.4271325541,1425351.42740939,True,True,True
2026-05-22,736039.6252826531,1179590.310831786,1441673.5185934305,True,True,True
2026-05-26,740831.2695165284,1186504.3213183128,1473996.5164565209,True,True,True
2026-05-27,744427.6946268978,1185602.4938635482,1469632.833270598,True,True,True
2026-05-28,747324.2166469257,1183873.9912419168,1475814.2773934978,True,True,True
2026-05-29,746711.0154188987,1184625.514120887,1480969.9616290426,True,True,True
2026-06-01,748654.3216912753,1176901.7313105655,1484048.1963550684,True,True,True
2026-06-02,749685.0909285155,1187376.333717454,1514190.8887296314,True,True,True
2026-06-03,744424.1851218436,1188348.9925705157,1516229.5212411433,True,True,True
2026-06-04,747323.0100081095,1197551.6388352015,1513261.3423690586,True,True,True
2026-06-05,727932.9288630948,1180118.8904856008,1440401.545150941,True,True,True
2026-06-08,729736.6435861284,1185805.1949594014,1470610.5019544687,True,True,True
2026-06-09,727610.8956277928,1191491.3847599113,1466341.9041125984,True,True,True
2026-06-10,716176.4812582439,1180867.1337084523,1432801.4426728284,True,True,True
2026-06-11,728179.8429171826,1202340.0514415803,1489754.8980065093,True,True,True
2026-06-12,732173.8436877489,1213114.0658109002,1503588.9417691994,True,False,True
2026-06-15,744928.7914852414,1220221.860398183,1531168.5266333476,True,False,True
2026-06-16,740548.2851112441,1219548.498834262,1521199.2126964864,True,False,True
2026-06-17,731594.0524220684,1211767.3426830582,1511287.78349228,True,False,True
2026-06-18,738787.4862458947,1214086.7246639621,1529845.1258475166,True,False,True
2026-06-22,736629.4692429606,1227329.540312175,1547431.4394043882,True,False,True
2026-06-23,726150.7049294376,1217229.1168533578,1514399.236322039,True,False,True
2026-06-24,725452.8129037902,1216480.8736305058,1516030.7967347237,True,False,True
2026-06-25,725474.3036931665,1234661.9798762496,1543117.9762143034,True,False,True
2026-06-26,721718.5417956552,1226485.3155448749,1521401.2902806657,True,False,True
2026-06-29,733293.8621359158,1230543.603308357,1535275.8631657877,True,False,True
2026-06-30,739539.138105517,1228364.1227423002,1543460.2879565659,True,False,True
2026-07-01,738085.5195140048,1222276.8057703676,1525606.0614599402,True,False,True
2026-07-02,737417.9249009031,1232722.969201123,1515342.1474396437,True,False,True
2026-07-06,743641.6443600598,1234075.7700133808,1526233.247669101,True,False,True
2026-07-07,739829.8881122469,1233324.201265094,1507605.1040703834,True,False,True
2026-07-08,737870.151572763,1222126.469086052,1498106.4091626867,True,False,True
2026-07-09,743717.0264255477,1226485.3155448749,1517917.033268881,True,False,True
2026-07-10,747130.381556544,1229491.4758647303,1519422.3417856363,True,False,True
2026-07-13,741358.8887692473,1227913.2273626446,1503015.701723046,True,False,True
2026-07-14,744158.4748421853,1223704.7175881376,1508435.9228962648,True,False,True
2026-07-15,747065.7777462784,1216640.3841780904,1498687.5901276963,True,False,True
2026-07-16,743124.8138779342,1222727.7011500231,1487938.527625892,True,False,True
2026-07-17,735619.6650265491,1216189.4887984346,1475056.5330459494,True,False,True
2026-07-20,734586.0040622981,1210252.3938375264,1469306.256109024,True,False,True
2026-07-21,740680.5159009233,1222051.3580805396,1495862.815514363,True,False,True
2026-07-22,739776.0625572035,1224982.2927215921,1496866.604557467,True,False,True
2026-07-23,730709.5782831511,1229792.0345600706,1496391.947611919,False,False,False
2026-07-24,731280.3000413885,1234075.7700133808,1501604.3307286515,False,False,False
2026-07-27,731463.3332169632,1237607.8220451137,1505902.0770713673,False,False,False
2026-07-28,733240.0365808725,1243169.1326318786,1512668.9938722076,False,False,False
2026-07-29,722116.9429124717,1222126.469086052,1487064.6059745853,False,False,False
2026-07-30,734133.7116693697,1229341.1391804146,1495843.3050801973,False,False,False
2026-07-31,739366.8831851647,1226485.3155448749,1492368.3830023755,False,False,False
