Model,Month,Dividend_Income,Cumulative_Income
A1V12 Tactical Sleeve,2011-01,0.0,0.0
A1V12 Tactical Sleeve,2011-02,0.0,0.0
A1V12 Tactical Sleeve,2011-03,669.258723393162,669.258723393162
A1V12 Tactical Sleeve,2011-04,0.0,669.258723393162
A1V12 Tactical Sleeve,2011-05,0.0,669.258723393162
A1V12 Tactical Sleeve,2011-06,752.7093019207933,1421.9680253139554
A1V12 Tactical Sleeve,2011-07,0.0,1421.9680253139554
A1V12 Tactical Sleeve,2011-08,0.0,1421.9680253139554
A1V12 Tactical Sleeve,2011-09,301.3048348839367,1723.272860197892
A1V12 Tactical Sleeve,2011-10,0.0,1723.272860197892
A1V12 Tactical Sleeve,2011-11,0.0,1723.272860197892
A1V12 Tactical Sleeve,2011-12,447.82978883434424,2171.102649032236
A1V12 Tactical Sleeve,2012-01,0.0,2171.102649032236
A1V12 Tactical Sleeve,2012-02,0.0,2171.102649032236
A1V12 Tactical Sleeve,2012-03,295.1136396465955,2466.216288678832
A1V12 Tactical Sleeve,2012-04,0.0,2466.216288678832
A1V12 Tactical Sleeve,2012-05,0.0,2466.216288678832
A1V12 Tactical Sleeve,2012-06,962.7896318679486,3429.0059205467805
A1V12 Tactical Sleeve,2012-07,0.0,3429.0059205467805
A1V12 Tactical Sleeve,2012-08,0.0,3429.0059205467805
A1V12 Tactical Sleeve,2012-09,432.20789273670863,3861.213813283489
A1V12 Tactical Sleeve,2012-10,0.0,3861.213813283489
A1V12 Tactical Sleeve,2012-11,0.0,3861.213813283489
A1V12 Tactical Sleeve,2012-12,1163.5013713322164,5024.715184615705
A1V12 Tactical Sleeve,2013-01,0.0,5024.715184615705
A1V12 Tactical Sleeve,2013-02,0.0,5024.715184615705
A1V12 Tactical Sleeve,2013-03,922.083219355503,5946.798403971208
A1V12 Tactical Sleeve,2013-04,0.0,5946.798403971208
A1V12 Tactical Sleeve,2013-05,0.0,5946.798403971208
A1V12 Tactical Sleeve,2013-06,1009.7523054567789,6956.550709427987
A1V12 Tactical Sleeve,2013-07,0.0,6956.550709427987
A1V12 Tactical Sleeve,2013-08,0.0,6956.550709427987
A1V12 Tactical Sleeve,2013-09,514.4440066048718,7470.994716032859
A1V12 Tactical Sleeve,2013-10,0.0,7470.994716032859
A1V12 Tactical Sleeve,2013-11,0.0,7470.994716032859
A1V12 Tactical Sleeve,2013-12,658.6605272848985,8129.655243317758
A1V12 Tactical Sleeve,2014-01,0.0,8129.655243317758
A1V12 Tactical Sleeve,2014-02,0.0,8129.655243317758
A1V12 Tactical Sleeve,2014-03,426.1921058902285,8555.847349207987
A1V12 Tactical Sleeve,2014-04,0.0,8555.847349207987
A1V12 Tactical Sleeve,2014-05,0.0,8555.847349207987
A1V12 Tactical Sleeve,2014-06,1075.6202148040436,9631.46756401203
A1V12 Tactical Sleeve,2014-07,0.0,9631.46756401203
A1V12 Tactical Sleeve,2014-08,0.0,9631.46756401203
A1V12 Tactical Sleeve,2014-09,510.9349391982894,10142.40250321032
A1V12 Tactical Sleeve,2014-10,0.0,10142.40250321032
A1V12 Tactical Sleeve,2014-11,0.0,10142.40250321032
A1V12 Tactical Sleeve,2014-12,0.0,10142.40250321032
A1V12 Tactical Sleeve,2015-01,0.0,10142.40250321032
A1V12 Tactical Sleeve,2015-02,0.0,10142.40250321032
A1V12 Tactical Sleeve,2015-03,500.48785982466484,10642.890363034983
A1V12 Tactical Sleeve,2015-04,0.0,10642.890363034983
A1V12 Tactical Sleeve,2015-05,0.0,10642.890363034983
A1V12 Tactical Sleeve,2015-06,1258.5139127101413,11901.404275745124
A1V12 Tactical Sleeve,2015-07,0.0,11901.404275745124
A1V12 Tactical Sleeve,2015-08,0.0,11901.404275745124
A1V12 Tactical Sleeve,2015-09,631.5500685218523,12532.954344266978
A1V12 Tactical Sleeve,2015-10,0.0,12532.954344266978
A1V12 Tactical Sleeve,2015-11,0.0,12532.954344266978
A1V12 Tactical Sleeve,2015-12,729.9718216760868,13262.926165943065
A1V12 Tactical Sleeve,2016-01,0.0,13262.926165943065
A1V12 Tactical Sleeve,2016-02,0.0,13262.926165943065
A1V12 Tactical Sleeve,2016-03,1365.146065158054,14628.072231101118
A1V12 Tactical Sleeve,2016-04,0.0,14628.072231101118
A1V12 Tactical Sleeve,2016-05,0.0,14628.072231101118
A1V12 Tactical Sleeve,2016-06,1349.109086423499,15977.181317524617
A1V12 Tactical Sleeve,2016-07,0.0,15977.181317524617
A1V12 Tactical Sleeve,2016-08,0.0,15977.181317524617
A1V12 Tactical Sleeve,2016-09,1495.6249307839466,17472.806248308563
A1V12 Tactical Sleeve,2016-10,0.0,17472.806248308563
A1V12 Tactical Sleeve,2016-11,0.0,17472.806248308563
A1V12 Tactical Sleeve,2016-12,1707.3027052104449,19180.108953519008
A1V12 Tactical Sleeve,2017-01,0.0,19180.108953519008
A1V12 Tactical Sleeve,2017-02,0.0,19180.108953519008
A1V12 Tactical Sleeve,2017-03,530.6074356748143,19710.71638919382
A1V12 Tactical Sleeve,2017-04,0.0,19710.71638919382
A1V12 Tactical Sleeve,2017-05,0.0,19710.71638919382
A1V12 Tactical Sleeve,2017-06,760.8296701618206,20471.54605935564
A1V12 Tactical Sleeve,2017-07,0.0,20471.54605935564
A1V12 Tactical Sleeve,2017-08,0.0,20471.54605935564
A1V12 Tactical Sleeve,2017-09,1908.0043667509085,22379.55042610655
A1V12 Tactical Sleeve,2017-10,0.0,22379.55042610655
A1V12 Tactical Sleeve,2017-11,0.0,22379.55042610655
A1V12 Tactical Sleeve,2017-12,1758.1130088098646,24137.663434916416
A1V12 Tactical Sleeve,2018-01,0.0,24137.663434916416
A1V12 Tactical Sleeve,2018-02,0.0,24137.663434916416
A1V12 Tactical Sleeve,2018-03,555.2635523539137,24692.92698727033
A1V12 Tactical Sleeve,2018-04,0.0,24692.92698727033
A1V12 Tactical Sleeve,2018-05,0.0,24692.92698727033
A1V12 Tactical Sleeve,2018-06,891.1764514178433,25584.103438688173
A1V12 Tactical Sleeve,2018-07,0.0,25584.103438688173
A1V12 Tactical Sleeve,2018-08,0.0,25584.103438688173
A1V12 Tactical Sleeve,2018-09,1888.0298567284838,27472.133295416657
A1V12 Tactical Sleeve,2018-10,0.0,27472.133295416657
A1V12 Tactical Sleeve,2018-11,0.0,27472.133295416657
A1V12 Tactical Sleeve,2018-12,1933.1620445387264,29405.295339955384
A1V12 Tactical Sleeve,2019-01,0.0,29405.295339955384
A1V12 Tactical Sleeve,2019-02,0.0,29405.295339955384
A1V12 Tactical Sleeve,2019-03,190.87906631211953,29596.174406267502
A1V12 Tactical Sleeve,2019-04,0.0,29596.174406267502
A1V12 Tactical Sleeve,2019-05,0.0,29596.174406267502
A1V12 Tactical Sleeve,2019-06,877.2990587960011,30473.473465063504
A1V12 Tactical Sleeve,2019-07,0.0,30473.473465063504
A1V12 Tactical Sleeve,2019-08,0.0,30473.473465063504
A1V12 Tactical Sleeve,2019-09,0.0,30473.473465063504
A1V12 Tactical Sleeve,2019-10,784.730333167646,31258.203798231152
A1V12 Tactical Sleeve,2019-11,0.0,31258.203798231152
A1V12 Tactical Sleeve,2019-12,744.922837530855,32003.126635762004
A1V12 Tactical Sleeve,2020-01,0.0,32003.126635762004
A1V12 Tactical Sleeve,2020-02,0.0,32003.126635762004
A1V12 Tactical Sleeve,2020-03,631.1151817969744,32634.24181755898
A1V12 Tactical Sleeve,2020-04,0.0,32634.24181755898
A1V12 Tactical Sleeve,2020-05,0.0,32634.24181755898
A1V12 Tactical Sleeve,2020-06,614.5613409629555,33248.803158521936
A1V12 Tactical Sleeve,2020-07,0.0,33248.803158521936
A1V12 Tactical Sleeve,2020-08,0.0,33248.803158521936
A1V12 Tactical Sleeve,2020-09,552.4844378353843,33801.28759635732
A1V12 Tactical Sleeve,2020-10,0.0,33801.28759635732
A1V12 Tactical Sleeve,2020-11,0.0,33801.28759635732
A1V12 Tactical Sleeve,2020-12,931.5388933009871,34732.826489658306
A1V12 Tactical Sleeve,2021-01,0.0,34732.826489658306
A1V12 Tactical Sleeve,2021-02,0.0,34732.826489658306
A1V12 Tactical Sleeve,2021-03,2594.559172042246,37327.38566170055
A1V12 Tactical Sleeve,2021-04,0.0,37327.38566170055
A1V12 Tactical Sleeve,2021-05,0.0,37327.38566170055
A1V12 Tactical Sleeve,2021-06,544.6989732409274,37872.08463494148
A1V12 Tactical Sleeve,2021-07,0.0,37872.08463494148
A1V12 Tactical Sleeve,2021-08,0.0,37872.08463494148
A1V12 Tactical Sleeve,2021-09,565.4890103875276,38437.57364532901
A1V12 Tactical Sleeve,2021-10,0.0,38437.57364532901
A1V12 Tactical Sleeve,2021-11,0.0,38437.57364532901
A1V12 Tactical Sleeve,2021-12,3571.747363022851,42009.32100835186
A1V12 Tactical Sleeve,2022-01,0.0,42009.32100835186
A1V12 Tactical Sleeve,2022-02,0.0,42009.32100835186
A1V12 Tactical Sleeve,2022-03,2973.7379110707757,44983.058919422634
A1V12 Tactical Sleeve,2022-04,0.0,44983.058919422634
A1V12 Tactical Sleeve,2022-05,0.0,44983.058919422634
A1V12 Tactical Sleeve,2022-06,3245.5603892308095,48228.61930865344
A1V12 Tactical Sleeve,2022-07,0.0,48228.61930865344
A1V12 Tactical Sleeve,2022-08,0.0,48228.61930865344
A1V12 Tactical Sleeve,2022-09,3680.476354286865,51909.09566294031
A1V12 Tactical Sleeve,2022-10,0.0,51909.09566294031
A1V12 Tactical Sleeve,2022-11,0.0,51909.09566294031
A1V12 Tactical Sleeve,2022-12,3816.387593366882,55725.48325630719
A1V12 Tactical Sleeve,2023-01,0.0,55725.48325630719
A1V12 Tactical Sleeve,2023-02,0.0,55725.48325630719
A1V12 Tactical Sleeve,2023-03,792.781048789461,56518.26430509665
A1V12 Tactical Sleeve,2023-04,0.0,56518.26430509665
A1V12 Tactical Sleeve,2023-05,0.0,56518.26430509665
A1V12 Tactical Sleeve,2023-06,767.5689306300789,57285.83323572673
A1V12 Tactical Sleeve,2023-07,0.0,57285.83323572673
A1V12 Tactical Sleeve,2023-08,0.0,57285.83323572673
A1V12 Tactical Sleeve,2023-09,885.225482040529,58171.05871776726
A1V12 Tactical Sleeve,2023-10,0.0,58171.05871776726
A1V12 Tactical Sleeve,2023-11,0.0,58171.05871776726
A1V12 Tactical Sleeve,2023-12,1201.7776322638827,59372.83635003114
A1V12 Tactical Sleeve,2024-01,0.0,59372.83635003114
A1V12 Tactical Sleeve,2024-02,0.0,59372.83635003114
A1V12 Tactical Sleeve,2024-03,846.0066315703789,60218.84298160152
A1V12 Tactical Sleeve,2024-04,0.0,60218.84298160152
A1V12 Tactical Sleeve,2024-05,0.0,60218.84298160152
A1V12 Tactical Sleeve,2024-06,865.6160568054539,61084.459038406974
A1V12 Tactical Sleeve,2024-07,0.0,61084.459038406974
A1V12 Tactical Sleeve,2024-08,0.0,61084.459038406974
A1V12 Tactical Sleeve,2024-09,5124.318405114201,66208.77744352118
A1V12 Tactical Sleeve,2024-10,0.0,66208.77744352118
A1V12 Tactical Sleeve,2024-11,0.0,66208.77744352118
A1V12 Tactical Sleeve,2024-12,1292.399722654969,67501.17716617614
A1V12 Tactical Sleeve,2025-01,0.0,67501.17716617614
A1V12 Tactical Sleeve,2025-02,0.0,67501.17716617614
A1V12 Tactical Sleeve,2025-03,4781.04403631456,72282.2212024907
A1V12 Tactical Sleeve,2025-04,0.0,72282.2212024907
A1V12 Tactical Sleeve,2025-05,0.0,72282.2212024907
A1V12 Tactical Sleeve,2025-06,1031.2640634572465,73313.48526594795
A1V12 Tactical Sleeve,2025-07,0.0,73313.48526594795
A1V12 Tactical Sleeve,2025-08,0.0,73313.48526594795
A1V12 Tactical Sleeve,2025-09,902.0194810918475,74215.5047470398
A1V12 Tactical Sleeve,2025-10,0.0,74215.5047470398
A1V12 Tactical Sleeve,2025-11,0.0,74215.5047470398
A1V12 Tactical Sleeve,2025-12,6335.2198981781685,80550.72464521797
A1V12 Tactical Sleeve,2026-01,0.0,80550.72464521797
A1V12 Tactical Sleeve,2026-02,0.0,80550.72464521797
A1V12 Tactical Sleeve,2026-03,6164.626461507521,86715.35110672549
A1V12 Tactical Sleeve,2026-04,0.0,86715.35110672549
A1V12 Tactical Sleeve,2026-05,0.0,86715.35110672549
A1V12 Tactical Sleeve,2026-06,5676.108892859755,92391.45999958525
A1V12 Tactical Sleeve,2026-07,0.0,92391.45999958525
A1V12 Tactical Sleeve,2026-08,0.0,92391.45999958525
A1V12 Tactical Sleeve,2026-09,0.0,92391.45999958525
A1V12 Tactical Sleeve,2026-10,0.0,92391.45999958525
MWM Aggressive,2011-01,42.69192999661034,42.69192999661034
MWM Aggressive,2011-02,40.61159359702678,83.30352359363712
MWM Aggressive,2011-03,413.85783594828405,497.1613595419212
MWM Aggressive,2011-04,39.36502935019108,536.5263888921122
MWM Aggressive,2011-05,42.068647873192496,578.5950367653047
MWM Aggressive,2011-06,466.4044836741612,1044.9995204394659
MWM Aggressive,2011-07,40.190613538366726,1085.1901339778326
MWM Aggressive,2011-08,40.61159359702678,1125.8017275748596
MWM Aggressive,2011-09,470.91249202545754,1596.714219600317
MWM Aggressive,2011-10,42.481439967280316,1639.1956595675974
MWM Aggressive,2011-11,40.190613538366726,1679.3862731059642
MWM Aggressive,2011-12,1450.8904511506034,3130.276724256568
MWM Aggressive,2012-01,34.563306020153234,3164.840030276721
MWM Aggressive,2012-02,34.38993384279898,3199.22996411952
MWM Aggressive,2012-03,408.1925239306107,3607.4224880501306
MWM Aggressive,2012-04,34.56132156567651,3641.983809615807
MWM Aggressive,2012-05,34.04318948809049,3676.0269991038977
MWM Aggressive,2012-06,468.3440670105296,4144.371066114427
MWM Aggressive,2012-07,34.73469374303076,4179.105759857458
MWM Aggressive,2012-08,31.279156922806123,4210.384916780264
MWM Aggressive,2012-09,837.3836996220089,5047.7686164022725
MWM Aggressive,2012-10,33.52307295602775,5081.291689358301
MWM Aggressive,2012-11,31.45054464568365,5112.742234003984
MWM Aggressive,2012-12,1648.776839172688,6761.5190731766725
MWM Aggressive,2013-01,29.490409375061414,6791.0094825517335
MWM Aggressive,2013-02,29.21893546921782,6820.228418020952
MWM Aggressive,2013-03,479.7859474482692,7300.014365469221
MWM Aggressive,2013-04,29.21893546921782,7329.233300938438
MWM Aggressive,2013-05,27.440872105498922,7356.674173043937
MWM Aggressive,2013-06,726.516838454981,8083.191011498919
MWM Aggressive,2013-07,29.39197740430395,8112.582988903222
MWM Aggressive,2013-08,27.613914040585055,8140.196902943808
MWM Aggressive,2013-09,586.9369046712934,8727.1338076151
MWM Aggressive,2013-10,30.084145144648474,8757.21795275975
MWM Aggressive,2013-11,28.5029457224445,8785.720898482194
MWM Aggressive,2013-12,1278.614612823782,10064.335511305975
MWM Aggressive,2014-01,30.77682632666925,10095.112337632645
MWM Aggressive,2014-02,31.466795473268665,10126.579133105914
MWM Aggressive,2014-03,612.2961375510338,10738.875270656947
MWM Aggressive,2014-04,31.751670395511887,10770.62694105246
MWM Aggressive,2014-05,31.384467663203534,10802.011408715663
MWM Aggressive,2014-06,698.2911109993539,11500.302519715016
MWM Aggressive,2014-07,32.764405956402356,11533.066925671419
MWM Aggressive,2014-08,31.181920551025442,11564.248846222445
MWM Aggressive,2014-09,588.893912310596,12153.14275853304
MWM Aggressive,2014-10,32.15676461986808,12185.29952315291
MWM Aggressive,2014-11,31.954217507689982,12217.253740660599
MWM Aggressive,2014-12,914.3817836829649,13131.635524343563
MWM Aggressive,2015-01,47.98455986911409,13179.620084212678
MWM Aggressive,2015-02,45.990192972117654,13225.610277184795
MWM Aggressive,2015-03,538.8847198470992,13764.494997031894
MWM Aggressive,2015-04,46.3687869468851,13810.863783978779
MWM Aggressive,2015-05,46.55808393426882,13857.421867913048
MWM Aggressive,2015-06,701.6894494814491,14559.111317394498
MWM Aggressive,2015-07,46.55808393426882,14605.669401328767
MWM Aggressive,2015-08,46.74738092165255,14652.416782250419
MWM Aggressive,2015-09,588.7064055866633,15241.123187837082
MWM Aggressive,2015-10,47.50456887118746,15288.627756708269
MWM Aggressive,2015-11,46.93667790903628,15335.564434617307
MWM Aggressive,2015-12,1150.714856289008,16486.279290906314
MWM Aggressive,2016-01,42.17345346740187,16528.452744373717
MWM Aggressive,2016-02,42.17345346740187,16570.626197841117
MWM Aggressive,2016-03,576.7345390574596,17147.360736898576
MWM Aggressive,2016-04,42.6930688227564,17190.053805721334
MWM Aggressive,2016-05,42.6930688227564,17232.74687454409
MWM Aggressive,2016-06,705.7989287219397,17938.545803266028
MWM Aggressive,2016-07,42.6930688227564,17981.238872088787
MWM Aggressive,2016-08,42.86627394120791,18024.105146029993
MWM Aggressive,2016-09,555.103487851264,18579.20863388126
MWM Aggressive,2016-10,42.6930688227564,18621.901702704014
MWM Aggressive,2016-11,42.86627394120791,18664.767976645224
MWM Aggressive,2016-12,1163.0585415134194,19827.826518158643
MWM Aggressive,2017-01,40.87123015147621,19868.69774831012
MWM Aggressive,2017-02,41.41282129229809,19910.110569602417
MWM Aggressive,2017-03,514.9372983085391,20425.047867910955
MWM Aggressive,2017-04,43.41816651366503,20468.46603442462
MWM Aggressive,2017-05,41.77388205284601,20510.239916477465
MWM Aggressive,2017-06,714.2625943853203,21224.502510862785
MWM Aggressive,2017-07,41.77388205284601,21266.27639291563
MWM Aggressive,2017-08,41.593351672572055,21307.869744588206
MWM Aggressive,2017-09,661.4010142000618,21969.270758788265
MWM Aggressive,2017-10,41.77388205284601,22011.04464084111
MWM Aggressive,2017-11,41.77388205284601,22052.81852289396
MWM Aggressive,2017-12,1199.205166451513,23252.02368934547
MWM Aggressive,2018-01,44.48809308696616,23296.511782432437
MWM Aggressive,2018-02,44.68927031871312,23341.201052751152
MWM Aggressive,2018-03,502.10135830078616,23843.302411051936
MWM Aggressive,2018-04,45.896333709194884,23889.198744761132
MWM Aggressive,2018-05,45.09162478220704,23934.290369543338
MWM Aggressive,2018-06,732.660169242766,24666.950538786106
MWM Aggressive,2018-07,45.09162478220704,24712.042163568312
MWM Aggressive,2018-08,47.18204184826922,24759.22420541658
MWM Aggressive,2018-09,699.3127625357668,25458.536967952346
MWM Aggressive,2018-10,45.292802013954,25503.8297699663
MWM Aggressive,2018-11,45.292802013954,25549.122571980257
MWM Aggressive,2018-12,1233.209544638089,26782.332116618345
MWM Aggressive,2019-01,57.08586243818168,26839.417979056525
MWM Aggressive,2019-02,55.93254974800321,26895.35052880453
MWM Aggressive,2019-03,620.7487517940646,27516.099280598595
MWM Aggressive,2019-04,56.945438268217885,27573.04471886681
MWM Aggressive,2019-05,55.093447003095825,27628.138165869907
MWM Aggressive,2019-06,790.7551084373958,28418.893274307306
MWM Aggressive,2019-07,54.32248871761868,28473.215763024924
MWM Aggressive,2019-08,54.32248871761868,28527.538251742542
MWM Aggressive,2019-09,651.2074633293796,29178.74571507192
MWM Aggressive,2019-10,53.42478370556483,29232.170498777487
MWM Aggressive,2019-11,52.42621711348122,29284.596715890966
MWM Aggressive,2019-12,939.9163561316592,30224.513072022626
MWM Aggressive,2020-01,60.6389533820485,30285.152025404674
MWM Aggressive,2020-02,62.17760264110382,30347.32962804578
MWM Aggressive,2020-03,556.6463066769822,30903.97593472276
MWM Aggressive,2020-04,60.099961757134835,30964.075896479895
MWM Aggressive,2020-05,60.14035926568512,31024.21625574558
MWM Aggressive,2020-06,641.1967889956669,31665.413044741246
MWM Aggressive,2020-07,59.57292218724538,31724.985966928492
MWM Aggressive,2020-08,50.97260540857851,31775.958572337073
MWM Aggressive,2020-09,511.1339606500865,32287.092532987157
MWM Aggressive,2020-10,129.8322723216184,32416.924805308776
MWM Aggressive,2020-11,48.10239091957466,32465.02719622835
MWM Aggressive,2020-12,942.637217463039,33407.66441369139
MWM Aggressive,2021-01,53.74608378033267,33461.41049747172
MWM Aggressive,2021-02,62.86798000827791,33524.27847748
MWM Aggressive,2021-03,629.252633490366,34153.53111097037
MWM Aggressive,2021-04,53.856775508001164,34207.38788647837
MWM Aggressive,2021-05,52.49166994214337,34259.879556420514
MWM Aggressive,2021-06,763.7479974019635,35023.62755382247
MWM Aggressive,2021-07,52.23773393685286,35075.86528775933
MWM Aggressive,2021-08,52.11973907667563,35127.985026836
MWM Aggressive,2021-09,551.4419615029007,35679.426988338906
MWM Aggressive,2021-10,37.16562267212833,35716.59261101103
MWM Aggressive,2021-11,37.16562267212833,35753.75823368316
MWM Aggressive,2021-12,1136.6416769475495,36890.39991063071
MWM Aggressive,2022-01,45.73815692175611,36936.13806755246
MWM Aggressive,2022-02,62.88508587801361,36999.02315343048
MWM Aggressive,2022-03,598.0911583417492,37597.11431177223
MWM Aggressive,2022-04,62.91847151439278,37660.032783286624
MWM Aggressive,2022-05,63.84873434478146,37723.8815176314
MWM Aggressive,2022-06,867.349619418166,38591.231137049566
MWM Aggressive,2022-07,74.60901941010664,38665.84015645968
MWM Aggressive,2022-08,75.21763594295955,38741.05779240264
MWM Aggressive,2022-09,758.6779814942485,39499.735773896886
MWM Aggressive,2022-10,83.65095702614761,39583.38673092303
MWM Aggressive,2022-11,84.20067001165799,39667.58740093469
MWM Aggressive,2022-12,1102.8771864265202,40770.46458736121
MWM Aggressive,2023-01,60.38866267038259,40830.85325003159
MWM Aggressive,2023-02,77.20215078741529,40908.05540081901
MWM Aggressive,2023-03,672.7882149300292,41580.843615749036
MWM Aggressive,2023-04,80.3911929059301,41661.23480865497
MWM Aggressive,2023-05,80.16846333117817,41741.40327198614
MWM Aggressive,2023-06,937.6055827983367,42679.00885478448
MWM Aggressive,2023-07,80.618315530616,42759.6271703151
MWM Aggressive,2023-08,81.33505896412217,42840.96222927922
MWM Aggressive,2023-09,771.9111675073474,43612.87339678657
MWM Aggressive,2023-10,83.99985013385519,43696.87324692042
MWM Aggressive,2023-11,83.6529776284626,43780.526224548885
MWM Aggressive,2023-12,1178.397885700802,44958.92411024969
MWM Aggressive,2024-01,62.76115801917243,45021.68526826886
MWM Aggressive,2024-02,97.8855165888294,45119.570784857686
MWM Aggressive,2024-03,741.9450109180582,45861.51579577575
MWM Aggressive,2024-04,100.66594647500725,45962.18174225075
MWM Aggressive,2024-05,101.34863672542045,46063.530378976175
MWM Aggressive,2024-06,952.003430391546,47015.53380936772
MWM Aggressive,2024-07,98.71179147237923,47114.2456008401
MWM Aggressive,2024-08,98.58524473333526,47212.83084557344
MWM Aggressive,2024-09,799.6615013848779,48012.492346958315
MWM Aggressive,2024-10,98.61367107403288,48111.10601803235
MWM Aggressive,2024-11,98.16394619961818,48209.269964231964
MWM Aggressive,2024-12,1263.603926741864,49472.873890973824
MWM Aggressive,2025-01,70.59880177728435,49543.472692751115
MWM Aggressive,2025-02,107.50090103972909,49650.97359379084
MWM Aggressive,2025-03,798.4081402270212,50449.381734017865
MWM Aggressive,2025-04,108.65668703538466,50558.03842105325
MWM Aggressive,2025-05,113.28187065152753,50671.320291704775
MWM Aggressive,2025-06,1011.8056991188587,51683.12599082363
MWM Aggressive,2025-07,110.19811034153213,51793.32410116516
MWM Aggressive,2025-08,113.32593234841426,51906.65003351358
MWM Aggressive,2025-09,923.6865529708334,52830.33658648441
MWM Aggressive,2025-10,111.17043691994445,52941.50702340436
MWM Aggressive,2025-11,109.685827376137,53051.19285078049
MWM Aggressive,2025-12,1448.8888742019333,54500.081724982425
MWM Aggressive,2026-01,76.17294912022655,54576.25467410265
MWM Aggressive,2026-02,108.52869947113624,54684.78337357379
MWM Aggressive,2026-03,688.1860986171799,55372.96947219097
MWM Aggressive,2026-04,113.37383486359332,55486.343307054565
MWM Aggressive,2026-05,115.17487965081442,55601.518186705376
MWM Aggressive,2026-06,907.3351650146683,56508.85335172005
MWM Aggressive,2026-07,115.03183714303398,56623.88518886308
MWM Aggressive,2026-08,115.05754333432847,56738.94273219741
MWM Aggressive,2026-09,687.2855235597843,57426.228255757196
MWM Aggressive,2026-10,43.236836125711406,57469.46509188291
MWM Balanced,2011-01,213.45964998305203,213.45964998305203
MWM Balanced,2011-02,203.05796798513418,416.5176179681862
MWM Balanced,2011-03,426.59363105353043,843.1112490217166
MWM Balanced,2011-04,196.82514675095572,1039.9363957726723
MWM Balanced,2011-05,210.3432393659628,1250.279635138635
MWM Balanced,2011-06,454.88197862960953,1705.1616137682447
MWM Balanced,2011-07,200.9530676918339,1906.1146814600786
MWM Balanced,2011-08,203.05796798513418,2109.1726494452128
MWM Balanced,2011-09,450.2958600514451,2559.468509496658
MWM Balanced,2011-10,212.40719983640187,2771.8757093330596
MWM Balanced,2011-11,200.9530676918339,2972.8287770248935
MWM Balanced,2011-12,1701.6131637411395,4674.441940766033
MWM Balanced,2012-01,138.88488948250566,4813.3268302485385
MWM Balanced,2012-02,138.18823229128827,4951.515062539827
MWM Balanced,2012-03,313.4023530424299,5264.917415582257
MWM Balanced,2012-04,138.87691539748837,5403.794330979746
MWM Balanced,2012-05,136.79491790885356,5540.589248888599
MWM Balanced,2012-06,339.18184088185376,5879.771089770453
MWM Balanced,2012-07,139.57357258870576,6019.344662359158
MWM Balanced,2012-08,125.68827327446208,6145.032935633621
MWM Balanced,2012-09,515.353786357207,6660.386721990828
MWM Balanced,2012-10,134.70494633520144,6795.091668326029
MWM Balanced,2012-11,126.37695638066215,6921.468624706691
MWM Balanced,2012-12,1196.125848062265,8117.594472768957
MWM Balanced,2013-01,93.00643108752364,8210.600903856479
MWM Balanced,2013-02,92.1502605679901,8302.75116442447
MWM Balanced,2013-03,259.5491566514491,8562.30032107592
MWM Balanced,2013-04,92.1502605679901,8654.450581643909
MWM Balanced,2013-05,86.54262977508499,8740.993211418994
MWM Balanced,2013-06,351.1975590060425,9092.190770425037
MWM Balanced,2013-07,92.69599774668285,9184.88676817172
MWM Balanced,2013-08,87.08836695377774,9271.975135125496
MWM Balanced,2013-09,302.9672496222753,9574.942384747772
MWM Balanced,2013-10,94.87894646145381,9669.821331209227
MWM Balanced,2013-11,89.8921823502303,9759.713513559456
MWM Balanced,2013-12,599.3263837315103,10359.039897290966
MWM Balanced,2014-01,72.46600778523586,10431.505905076203
MWM Balanced,2014-02,74.09058430973992,10505.596489385942
MWM Balanced,2014-03,239.58917442083794,10745.18566380678
MWM Balanced,2014-04,74.76134055062002,10819.9470043574
MWM Balanced,2014-05,73.89673821067183,10893.843742568073
MWM Balanced,2014-06,260.15056760012254,11153.994310168195
MWM Balanced,2014-07,77.14589125967997,11231.140201427876
MWM Balanced,2014-08,73.41982806885984,11304.560029496735
MWM Balanced,2014-09,230.45130874175555,11535.01133823849
MWM Balanced,2014-10,75.715160834244,11610.726499072734
MWM Balanced,2014-11,75.238250692432,11685.964749765166
MWM Balanced,2014-12,452.7196719014941,12138.684421666661
MWM Balanced,2015-01,88.300418653999,12226.98484032066
MWM Balanced,2015-02,84.63041662762188,12311.615256948282
MWM Balanced,2015-03,191.84896436869028,12503.464221316972
MWM Balanced,2015-04,85.32709919724498,12588.791320514216
MWM Balanced,2015-05,85.67544048205653,12674.466760996273
MWM Balanced,2015-06,226.17422463412018,12900.640985630393
MWM Balanced,2015-07,85.67544048205653,12986.31642611245
MWM Balanced,2015-08,86.02378176686807,13072.340207879319
MWM Balanced,2015-09,202.77156236349543,13275.111770242813
MWM Balanced,2015-10,87.41714690611425,13362.528917148928
MWM Balanced,2015-11,86.37212305167962,13448.901040200608
MWM Balanced,2015-12,518.2852331397388,13967.186273340347
MWM Balanced,2016-01,68.4014851794578,14035.587758519803
MWM Balanced,2016-02,68.4014851794578,14103.989243699261
MWM Balanced,2016-03,159.8938213304017,14263.883065029664
MWM Balanced,2016-04,69.24425377216444,14333.127318801828
MWM Balanced,2016-05,69.24425377216444,14402.371572573993
MWM Balanced,2016-06,183.4350870982302,14585.806659672222
MWM Balanced,2016-07,69.24425377216444,14655.050913444387
MWM Balanced,2016-08,69.52517663639999,14724.576090080787
MWM Balanced,2016-09,159.76005627163696,14884.336146352423
MWM Balanced,2016-10,69.24425377216444,14953.580400124589
MWM Balanced,2016-11,69.52517663639999,15023.105576760989
MWM Balanced,2016-12,269.5542873187331,15292.659864079722
MWM Balanced,2017-01,55.07644554949667,15347.736309629217
MWM Balanced,2017-02,55.80627224830204,15403.54258187752
MWM Balanced,2017-03,125.09515871017436,15528.637740587694
MWM Balanced,2017-04,58.50859577718096,15587.146336364875
MWM Balanced,2017-05,56.292823380838946,15643.439159745714
MWM Balanced,2017-06,152.75294379252477,15796.192103538238
MWM Balanced,2017-07,56.292823380838946,15852.484926919078
MWM Balanced,2017-08,56.049547814570495,15908.534474733648
MWM Balanced,2017-09,146.57938775323285,16055.113862486882
MWM Balanced,2017-10,56.292823380838946,16111.40668586772
MWM Balanced,2017-11,56.292823380838946,16167.69950924856
MWM Balanced,2017-12,237.22076415338984,16404.92027340195
MWM Balanced,2018-01,48.470619783081155,16453.39089318503
MWM Balanced,2018-02,48.689806186282524,16502.080699371312
MWM Balanced,2018-03,103.06619502745323,16605.146894398767
MWM Balanced,2018-04,50.00492460549074,16655.151819004255
MWM Balanced,2018-05,49.128178992685264,16704.279997996942
MWM Balanced,2018-06,129.00387262171958,16833.283870618663
MWM Balanced,2018-07,49.128178992685264,16882.412049611346
MWM Balanced,2018-08,51.40572796739844,16933.817777578744
MWM Balanced,2018-09,120.81705110305722,17054.634828681803
MWM Balanced,2018-10,49.347365395886634,17103.98219407769
MWM Balanced,2018-11,49.347365395886634,17153.329559473576
MWM Balanced,2018-12,189.9802587117649,17343.309818185342
MWM Balanced,2019-01,53.365532778245175,17396.675350963586
MWM Balanced,2019-02,52.28738236512083,17448.962733328706
MWM Balanced,2019-03,111.89207375795783,17560.854807086664
MWM Balanced,2019-04,53.2342601596844,17614.08906724635
MWM Balanced,2019-05,51.5029645929244,17665.592031839275
MWM Balanced,2019-06,124.46207840462819,17790.054110243902
MWM Balanced,2019-07,50.78225025320774,17840.83636049711
MWM Balanced,2019-08,50.78225025320774,17891.618610750316
MWM Balanced,2019-09,110.16174396292583,18001.780354713243
MWM Balanced,2019-10,49.943049368788536,18051.723404082033
MWM Balanced,2019-11,49.00956013125963,18100.73296421329
MWM Balanced,2019-12,201.56169060436088,18302.29465481765
MWM Balanced,2020-01,53.35244517629984,18355.647099993952
MWM Balanced,2020-02,54.70620700200451,18410.353306995956
MWM Balanced,2020-03,100.17581728198707,18510.529124277942
MWM Balanced,2020-04,52.87821995447726,18563.40734423242
MWM Balanced,2020-05,52.91376321075032,18616.32110744317
MWM Balanced,2020-06,107.03859586624647,18723.359703309416
MWM Balanced,2020-07,52.41451060281499,18775.77421391223
MWM Balanced,2020-08,44.847626548241706,18820.621840460473
MWM Balanced,2020-09,87.78144988161387,18908.40329034209
MWM Balanced,2020-10,114.23134478446022,19022.63463512655
MWM Balanced,2020-11,42.32230325969477,19064.956938386244
MWM Balanced,2020-12,237.89102345135345,19302.847961837597
MWM Balanced,2021-01,45.95951111279472,19348.80747295039
MWM Balanced,2021-02,53.75985416237373,19402.567327112763
MWM Balanced,2021-03,94.40836595950485,19496.97569307227
MWM Balanced,2021-04,46.05416615238175,19543.02985922465
MWM Balanced,2021-05,44.88683301829509,19587.916692242947
MWM Balanced,2021-06,108.87438414275003,19696.791076385696
MWM Balanced,2021-07,44.66968650572707,19741.460762891424
MWM Balanced,2021-08,44.56878638973476,19786.029549281157
MWM Balanced,2021-09,88.04186306927028,19874.07141235043
MWM Balanced,2021-10,31.781177865812598,19905.85259021624
MWM Balanced,2021-11,31.781177865812598,19937.633768082054
MWM Balanced,2021-12,226.30398088899375,20163.937748971046
MWM Balanced,2022-01,35.77119277851861,20199.708941749566
MWM Balanced,2022-02,49.1815735750848,20248.890515324652
MWM Balanced,2022-03,90.68865014945035,20339.5791654741
MWM Balanced,2022-04,49.20768402892307,20388.786849503023
MWM Balanced,2022-05,49.93522998355019,20438.722079486575
MWM Balanced,2022-06,119.25463462596198,20557.976714112538
MWM Balanced,2022-07,58.35070313175816,20616.327417244294
MWM Balanced,2022-08,58.82669387537554,20675.15411111967
MWM Balanced,2022-09,118.36680576500981,20793.52091688468
MWM Balanced,2022-10,65.42228002341228,20858.94319690809
MWM Balanced,2022-11,65.85220310079352,20924.795400008887
MWM Balanced,2022-12,216.68953552627767,21141.48493553516
MWM Balanced,2023-01,49.2801218775905,21190.765057412755
MWM Balanced,2023-02,63.00075596610061,21253.765813378854
MWM Balanced,2023-03,116.2408475810715,21370.006660959927
MWM Balanced,2023-04,65.60317134216187,21435.60983230209
MWM Balanced,2023-05,65.42141304343237,21501.03124534552
MWM Balanced,2023-06,138.53315927090011,21639.56440461642
MWM Balanced,2023-07,65.78851458592224,21705.35291920234
MWM Balanced,2023-08,66.373412515372,21771.726331717713
MWM Balanced,2023-09,125.48132535397504,21897.20765707169
MWM Balanced,2023-10,68.54801330657608,21965.755670378265
MWM Balanced,2023-11,68.26494826446651,22034.02061864273
MWM Balanced,2023-12,198.646895678332,22232.667514321063
MWM Balanced,2024-01,48.46913194961325,22281.13664627068
MWM Balanced,2024-02,75.59494071238605,22356.731586983064
MWM Balanced,2024-03,130.21892833471824,22486.95051531778
MWM Balanced,2024-04,77.74220866095757,22564.69272397874
MWM Balanced,2024-05,78.26943608747962,22642.962160066218
MWM Balanced,2024-06,145.06917840310194,22788.03133846932
MWM Balanced,2024-07,76.23305555317967,22864.2643940225
MWM Balanced,2024-08,76.13532614878211,22940.39972017128
MWM Balanced,2024-09,130.1658690008485,23070.565589172133
MWM Balanced,2024-10,76.15727921819004,23146.72286839032
MWM Balanced,2024-11,75.80996608747358,23222.532834477795
MWM Balanced,2024-12,199.72325583772468,23422.25609031552
MWM Balanced,2025-01,51.753884497362755,23474.00997481288
MWM Balanced,2025-02,78.80571731690054,23552.81569212978
MWM Balanced,2025-03,134.16066222671355,23686.976354356495
MWM Balanced,2025-04,79.65298969854136,23766.629344055036
MWM Balanced,2025-05,83.04357441985276,23849.67291847489
MWM Balanced,2025-06,148.01556549195325,23997.688483966842
MWM Balanced,2025-07,80.78296133743066,24078.471445304276
MWM Balanced,2025-08,83.07587474102007,24161.547320045294
MWM Balanced,2025-09,143.26668000415128,24304.814000049446
MWM Balanced,2025-10,81.49574506981773,24386.309745119263
MWM Balanced,2025-11,80.4074219124888,24466.71716703175
MWM Balanced,2025-12,240.19287547611256,24706.910042507865
MWM Balanced,2026-01,54.14179112935996,24761.051833637226
MWM Balanced,2026-02,77.13943396143335,24838.191267598657
MWM Balanced,2026-03,127.65366285591978,24965.84493045458
MWM Balanced,2026-04,80.58323273044051,25046.428163185017
MWM Balanced,2026-05,81.86336946940858,25128.291532654428
MWM Balanced,2026-06,145.86021542005216,25274.15174807448
MWM Balanced,2026-07,81.76169850001176,25355.91344657449
MWM Balanced,2026-08,81.77996980571638,25437.693416380207
MWM Balanced,2026-09,85.03302424652071,25522.726440626728
MWM Balanced,2026-10,30.73164131951719,25553.458081946246
MWM Conservative,2011-01,298.8435099762728,298.8435099762728
MWM Conservative,2011-02,284.28115517918775,583.1246651554605
MWM Conservative,2011-03,419.24451313754554,1002.3691782930061
MWM Conservative,2011-04,275.55520545133794,1277.9243837443441
MWM Conservative,2011-05,294.48053511234787,1572.404918856692
MWM Conservative,2011-06,434.5336014485528,2006.9385203052448
MWM Conservative,2011-07,281.3342947685674,2288.272815073812
MWM Conservative,2011-08,284.28115517918775,2572.553970253
MWM Conservative,2011-09,425.14450493796016,2997.69847519096
MWM Conservative,2011-10,297.37007977096255,3295.0685549619225
MWM Conservative,2011-11,281.3342947685674,3576.40284973049
MWM Conservative,2011-12,1809.4187875523305,5385.821637282821
MWM Conservative,2012-01,164.46818480717695,5550.289822089998
MWM Conservative,2012-02,163.6431998566952,5713.933021946693
MWM Conservative,2012-03,250.22093904370965,5964.153960990402
MWM Conservative,2012-04,164.4587418555846,6128.612702845987
MWM Conservative,2012-05,161.99322995573172,6290.605932801719
MWM Conservative,2012-06,261.4187730942488,6552.024705895968
MWM Conservative,2012-07,165.28372680606634,6717.308432702034
MWM Conservative,2012-08,148.84068550598556,6866.149118208019
MWM Conservative,2012-09,358.81069567585337,7224.959813883873
MWM Conservative,2012-10,159.5182751042865,7384.4780889881595
MWM Conservative,2012-11,149.65622750487495,7534.134316493034
MWM Conservative,2012-12,942.915512181946,8477.04982867498
MWM Conservative,2013-01,91.55126996295849,8568.601098637939
MWM Conservative,2013-02,90.70849492631204,8659.30959356425
MWM Conservative,2013-03,161.32841111752614,8820.638004681778
MWM Conservative,2013-04,90.70849492631204,8911.34649960809
MWM Conservative,2013-05,85.18860006989364,8996.535099677983
MWM Conservative,2013-06,202.66440331115874,9199.199502989142
MWM Conservative,2013-07,91.24569360377022,9290.445196592911
MWM Conservative,2013-08,85.72579874735182,9376.170995340264
MWM Conservative,2013-09,182.317671724232,9558.488667064496
MWM Conservative,2013-10,93.39448831360292,9651.883155378098
MWM Conservative,2013-11,88.48574617556102,9740.36890155366
MWM Conservative,2013-12,340.3508606338784,10080.719762187538
MWM Conservative,2014-01,56.75074216646978,10137.470504354007
MWM Conservative,2014-02,58.023006587949524,10195.493510941957
MWM Conservative,2014-03,116.77745434963313,10312.270965291591
MWM Conservative,2014-04,58.54829997233949,10370.81926526393
MWM Conservative,2014-05,57.87119872210445,10428.690463986035
MWM Conservative,2014-06,122.56454595427698,10551.25500994031
MWM Conservative,2014-07,60.415727565063946,10611.670737505376
MWM Conservative,2014-08,57.497713203559556,10669.168450708934
MWM Conservative,2014-09,111.74291053078942,10780.911361239723
MWM Conservative,2014-10,59.29527100942927,10840.206632249154
MWM Conservative,2014-11,58.92178549088438,10899.128417740038
MWM Conservative,2014-12,259.4319717874043,11158.560389527442
MWM Conservative,2015-01,57.18720997394626,11215.747599501388
MWM Conservative,2015-02,54.81035627736719,11270.557955778755
MWM Conservative,2015-03,84.69902135103573,11355.256977129791
MWM Conservative,2015-04,55.261558355472175,11410.518535485264
MWM Conservative,2015-05,55.48715939452467,11466.005694879788
MWM Conservative,2015-06,94.87096943853535,11560.876664318323
MWM Conservative,2015-07,55.48715939452467,11616.363823712849
MWM Conservative,2015-08,55.71276043357716,11672.076584146425
MWM Conservative,2015-09,88.11745961561294,11760.194043762038
MWM Conservative,2015-10,56.61516458978713,11816.809208351826
MWM Conservative,2015-11,55.93836147262965,11872.747569824454
MWM Conservative,2015-12,258.8508508635019,12131.598420687957
MWM Conservative,2016-01,40.075220220366944,12171.673640908324
MWM Conservative,2016-02,40.075220220366944,12211.74886112869
MWM Conservative,2016-03,63.330402635008525,12275.079263763699
MWM Conservative,2016-04,40.5689834311937,12315.648247194893
MWM Conservative,2016-05,40.5689834311937,12356.217230626087
MWM Conservative,2016-06,68.95928559790786,12425.176516223995
MWM Conservative,2016-07,40.5689834311937,12465.745499655188
MWM Conservative,2016-08,40.73357116813595,12506.479070823325
MWM Conservative,2016-09,63.29681524281925,12569.775886066143
MWM Conservative,2016-10,40.5689834311937,12610.344869497338
MWM Conservative,2016-11,40.73357116813595,12651.078440665473
MWM Conservative,2016-12,95.0975704067043,12746.176011072177
MWM Conservative,2017-01,28.906438504652673,12775.08244957683
MWM Conservative,2017-02,29.289482297286526,12804.371931874117
MWM Conservative,2017-03,45.02071494455469,12849.392646818671
MWM Conservative,2017-04,30.70777551007226,12880.100422328744
MWM Conservative,2017-05,29.54484482570909,12909.645267154452
MWM Conservative,2017-06,51.241845196319574,12960.887112350772
MWM Conservative,2017-07,29.54484482570909,12990.43195717648
MWM Conservative,2017-08,29.41716356149781,13019.84912073798
MWM Conservative,2017-09,49.85321280501816,13069.702333542997
MWM Conservative,2017-10,29.54484482570909,13099.247178368707
MWM Conservative,2017-11,29.54484482570909,13128.792023194415
MWM Conservative,2017-12,74.95818762502618,13203.750210819442
MWM Conservative,2018-01,22.359112292615947,13226.109323112058
MWM Conservative,2018-02,22.46022124117337,13248.569544353231
MWM Conservative,2018-03,33.325801481080255,13281.895345834311
MWM Conservative,2018-04,23.066874932517912,13304.962220766829
MWM Conservative,2018-05,22.662439138288217,13327.624659905117
MWM Conservative,2018-06,38.45359213507646,13366.078252040194
MWM Conservative,2018-07,22.662439138288217,13388.740691178482
MWM Conservative,2018-08,23.713054408021563,13412.453745586503
MWM Conservative,2018-09,36.17244000458899,13448.626185591093
MWM Conservative,2018-10,22.763548086845642,13471.389733677937
MWM Conservative,2018-11,22.763548086845642,13494.153281764784
MWM Conservative,2018-12,51.259511348803066,13545.412793113586
MWM Conservative,2019-01,22.595465452208067,13568.008258565795
MWM Conservative,2019-02,22.138966488480563,13590.147225054276
MWM Conservative,2019-03,33.3614667701944,13623.50869182447
MWM Conservative,2019-04,22.539883398341267,13646.04857522281
MWM Conservative,2019-05,21.806836670805666,13667.855411893617
MWM Conservative,2019-06,34.84895875214262,13702.704370645759
MWM Conservative,2019-07,21.501679481957787,13724.206050127717
MWM Conservative,2019-08,21.501679481957787,13745.707729609676
MWM Conservative,2019-09,32.14336208502277,13777.851091694698
MWM Conservative,2019-10,21.146353982441987,13798.99744567714
MWM Conservative,2019-11,20.751105912789228,13819.74855158993
MWM Conservative,2019-12,66.18558141628971,13885.934133006218
MWM Conservative,2020-01,21.872559031467404,13907.806692037686
MWM Conservative,2020-02,22.427552065983956,13930.23424410367
MWM Conservative,2020-03,29.96706956487101,13960.201313668542
MWM Conservative,2020-04,21.678143965311584,13981.879457633853
MWM Conservative,2020-05,21.692715405635155,14003.572173039487
MWM Conservative,2020-06,30.989661541910788,14034.561834581398
MWM Conservative,2020-07,21.488040022855696,14056.049874604254
MWM Conservative,2020-08,18.38589320238635,14074.43576780664
MWM Conservative,2020-09,25.672878194696555,14100.108646001338
MWM Conservative,2020-10,46.83069021083794,14146.939336212175
MWM Conservative,2020-11,17.350602645041494,14164.289938857217
MWM Conservative,2020-12,81.6990037721266,14245.988942629343
MWM Conservative,2021-01,18.49172461663956,14264.480667245984
MWM Conservative,2021-02,21.630178270642368,14286.110845516625
MWM Conservative,2021-03,26.66697239305345,14312.777817909679
MWM Conservative,2021-04,18.529808897417148,14331.307626807096
MWM Conservative,2021-05,18.060134561708217,14349.367761368803
MWM Conservative,2021-06,29.02069998984058,14378.388461358645
MWM Conservative,2021-07,17.972766062465112,14396.36122742111
MWM Conservative,2021-08,17.932169086702302,14414.293396507812
MWM Conservative,2021-09,25.137903750101867,14439.431300257915
MWM Conservative,2021-10,12.787098358046713,14452.21839861596
MWM Conservative,2021-11,12.787098358046713,14465.005496974007
MWM Conservative,2021-12,71.14768578815526,14536.153182762162
MWM Conservative,2022-01,13.769415843600537,14549.922598605763
MWM Conservative,2022-02,18.93147770025305,14568.854076306015
MWM Conservative,2022-03,25.023676587810076,14593.877752893826
MWM Conservative,2022-04,18.94152840499165,14612.819281298818
MWM Conservative,2022-05,19.221582885048186,14632.040864183866
MWM Conservative,2022-06,31.167119748753358,14663.20798393262
MWM Conservative,2022-07,22.460953459459553,14685.66893739208
MWM Conservative,2022-08,22.644176717547506,14708.313114109627
MWM Conservative,2022-09,33.33708792389001,14741.650202033517
MWM Conservative,2022-10,25.18301764932508,14766.833219682841
MWM Conservative,2022-11,25.34850806698813,14792.18172774983
MWM Conservative,2022-12,66.62950539642168,14858.81123314625
MWM Conservative,2023-01,19.32417772235855,14878.13541086861
MWM Conservative,2023-02,24.704439813601248,14902.83985068221
MWM Conservative,2023-03,33.98812956005702,14936.827980242268
MWM Conservative,2023-04,25.72492302911202,14962.55290327138
MWM Conservative,2023-05,25.653650281940514,14988.20655355332
MWM Conservative,2023-06,37.767430268586864,15025.973983821908
MWM Conservative,2023-07,25.797601538125456,15051.771585360033
MWM Conservative,2023-08,26.026957130349885,15077.798542490384
MWM Conservative,2023-09,35.77530620845635,15113.57384869884
MWM Conservative,2023-10,26.879681729302597,15140.453530428142
MWM Conservative,2023-11,26.768683643821,15167.222214071962
MWM Conservative,2023-12,57.71510363178558,15224.937317703749
MWM Conservative,2024-01,18.416587532102596,15243.353905235852
MWM Conservative,2024-02,28.723453187918558,15272.07735842377
MWM Conservative,2024-03,38.093532717560656,15310.17089114133
MWM Conservative,2024-04,29.539340465843317,15339.710231607174
MWM Conservative,2024-05,29.739668585190746,15369.449900192365
MWM Conservative,2024-06,40.2445311591133,15409.694431351478
MWM Conservative,2024-07,28.965914675226113,15438.660346026703
MWM Conservative,2024-08,28.92878089423703,15467.58912692094
MWM Conservative,2024-09,37.05463439550744,15504.643761316449
MWM Conservative,2024-10,28.937122298509955,15533.580883614959
MWM Conservative,2024-11,28.80515536583335,15562.386038980792
MWM Conservative,2024-12,56.2189117654794,15618.60495074627
MWM Conservative,2025-01,19.061301623074947,15637.666252369347
MWM Conservative,2025-02,29.02467248572939,15666.690924855075
MWM Conservative,2025-03,38.214727172791676,15704.905652027866
MWM Conservative,2025-04,29.336728567706775,15734.242380595573
MWM Conservative,2025-05,30.585503585837046,15764.82788418141
MWM Conservative,2025-06,40.17512923024934,15805.00301341166
MWM Conservative,2025-07,29.752904675907637,15834.755918087567
MWM Conservative,2025-08,30.597400010043106,15865.35331809761
MWM Conservative,2025-09,39.69836479084592,15905.051682888457
MWM Conservative,2025-10,30.015427689339475,15935.067110577796
MWM Conservative,2025-11,29.614590995307722,15964.681701573103
MWM Conservative,2025-12,66.14350148580738,16030.825203058912
MWM Conservative,2026-01,19.580525233604895,16050.405728292517
MWM Conservative,2026-02,27.897684980147794,16078.303413272664
MWM Conservative,2026-03,36.127542853051025,16114.430956125714
MWM Conservative,2026-04,29.1431441215879,16143.574100247302
MWM Conservative,2026-05,29.606109036434177,16173.180209283737
MWM Conservative,2026-06,39.124839279297746,16212.305048563036
MWM Conservative,2026-07,29.569339455297804,16241.874388018332
MWM Conservative,2026-08,29.575947322435876,16271.450335340769
MWM Conservative,2026-09,19.64755620247262,16291.09789154324
MWM Conservative,2026-10,11.114181222582225,16302.212072765824
MWM Growth,2011-01,85.38385999322075,85.38385999322075
MWM Growth,2011-02,81.22318719405362,166.60704718727436
MWM Growth,2011-03,413.2315026499823,579.8385498372567
MWM Growth,2011-04,78.73005870038224,658.568608537639
MWM Growth,2011-05,84.13729574638506,742.705904284024
MWM Growth,2011-06,459.47187834113964,1202.1777826251637
MWM Growth,2011-07,80.38122707673351,1282.5590097018971
MWM Growth,2011-08,81.22318719405362,1363.7821968959508
MWM Growth,2011-09,461.6352676079325,1825.4174645038834
MWM Growth,2011-10,84.9628799345607,1910.380344438444
MWM Growth,2011-11,80.38122707673351,1990.7615715151774
MWM Growth,2011-12,1508.6945369415496,3499.4561084567267
MWM Growth,2012-01,65.23991527724644,3564.6960237339736
MWM Growth,2012-02,64.91266688973897,3629.6086906237124
MWM Growth,2012-03,377.59469696789046,4007.2033875916027
MWM Growth,2012-04,65.23616952324197,4072.439557114845
MWM Growth,2012-05,64.25817011472398,4136.697727229569
MWM Growth,2012-06,427.3292351739319,4564.026962403501
MWM Growth,2012-07,65.56341791074945,4629.59038031425
MWM Growth,2012-08,59.0409246846266,4688.631304998877
MWM Growth,2012-09,739.9986252679571,5428.629930266834
MWM Growth,2012-10,63.27642495220153,5491.9063552190355
MWM Growth,2012-11,59.36442731812961,5551.270782537164
MWM Growth,2012-12,1512.7023608311122,7063.973143368277
MWM Growth,2013-01,52.28586424542368,7116.2590076137
MWM Growth,2013-02,51.80454682433978,7168.06355443804
MWM Growth,2013-03,406.8470635993008,7574.910618037341
MWM Growth,2013-04,51.80454682433978,7626.715164861681
MWM Growth,2013-05,48.65207856007127,7675.367243421752
MWM Growth,2013-06,602.7526299267882,8278.11987334854
MWM Growth,2013-07,52.111346469323,8330.231219817864
MWM Growth,2013-08,48.95887820505449,8379.190098022918
MWM Growth,2013-09,492.764970679007,8871.955068701925
MWM Growth,2013-10,53.33854504925591,8925.29361375118
MWM Growth,2013-11,50.53511233718875,8975.82872608837
MWM Growth,2013-12,1056.1287163322,10031.95744242057
MWM Growth,2014-01,50.71696830835484,10082.674410728925
MWM Growth,2014-02,51.8539647929957,10134.52837552192
MWM Growth,2014-03,480.03946207035847,10614.567837592278
MWM Growth,2014-04,52.32340866124584,10666.891246253525
MWM Growth,2014-05,51.718297232940905,10718.609543486466
MWM Growth,2014-06,542.0541394863584,11260.663682972823
MWM Growth,2014-07,53.99229020222261,11314.655973175046
MWM Growth,2014-08,51.38452092474555,11366.040494099792
MWM Growth,2014-09,461.1901647999575,11827.230658899749
MWM Growth,2014-10,52.99096127763655,11880.221620177386
MWM Growth,2014-11,52.6571849694412,11932.878805146827
MWM Growth,2014-12,763.080617349297,12695.959422496124
MWM Growth,2015-01,74.18411409415185,12770.143536590276
MWM Growth,2015-02,71.1008235140998,12841.244360104376
MWM Growth,2015-03,409.9366439854133,13251.181004089789
MWM Growth,2015-04,71.68612967708464,13322.867133766873
MWM Growth,2015-05,71.97878275857705,13394.84591652545
MWM Growth,2015-06,522.6144845670132,13917.460401092463
MWM Growth,2015-07,71.97878275857705,13989.43918385104
MWM Growth,2015-08,72.27143584006947,14061.71061969111
MWM Growth,2015-09,444.6574258313832,14506.368045522493
MWM Growth,2015-10,73.44204816603913,14579.810093688533
MWM Growth,2015-11,72.56408892156188,14652.374182610094
MWM Growth,2015-12,935.698072950607,15588.0722555607
MWM Growth,2016-01,62.818564447107185,15650.89082000781
MWM Growth,2016-02,62.818564447107185,15713.709384454916
MWM Growth,2016-03,417.13478425060964,16130.844168705526
MWM Growth,2016-04,63.592546371856976,16194.436715077383
MWM Growth,2016-05,63.592546371856976,16258.02926144924
MWM Growth,2016-06,502.1470599134391,16760.17632136268
MWM Growth,2016-07,63.592546371856976,16823.768867734536
MWM Growth,2016-08,63.85054034677356,16887.619408081307
MWM Growth,2016-09,402.81475354635114,17290.43416162766
MWM Growth,2016-10,63.592546371856976,17354.026707999517
MWM Growth,2016-11,63.85054034677356,17417.87724834629
MWM Growth,2016-12,811.7385720418392,18229.61582038813
MWM Growth,2017-01,58.2708383994095,18287.88665878754
MWM Growth,2017-02,59.042994503554645,18346.929653291096
MWM Growth,2017-03,359.37886855432515,18706.308521845418
MWM Growth,2017-04,61.902050785839805,18768.21057263126
MWM Growth,2017-05,59.55776523965141,18827.76833787091
MWM Growth,2017-06,485.6818077400752,19313.450145610987
MWM Growth,2017-07,59.55776523965141,19373.007910850636
MWM Growth,2017-08,59.30037987160303,19432.30829072224
MWM Growth,2017-09,452.18594404985146,19884.49423477209
MWM Growth,2017-10,59.55776523965141,19944.052000011743
MWM Growth,2017-11,59.55776523965141,20003.609765251393
MWM Growth,2017-12,802.2110044979586,20805.820769749353
MWM Growth,2018-01,60.35311520814898,20866.1738849575
MWM Growth,2018-02,60.62603480983085,20926.799919767334
MWM Growth,2018-03,336.7208698547413,21263.520789622075
MWM Growth,2018-04,62.26355241992208,21325.784342041996
MWM Growth,2018-05,61.171874013194596,21386.95621605519
MWM Growth,2018-06,475.7337708456144,21862.689986900805
MWM Growth,2018-07,61.171874013194596,21923.861860914
MWM Growth,2018-08,64.00776050027116,21987.86962141427
MWM Growth,2018-09,453.88834950176016,22441.75797091603
MWM Growth,2018-10,61.44479361487647,22503.202764530906
MWM Growth,2018-11,61.44479361487647,22564.647558145785
MWM Growth,2018-12,779.5056012256872,23344.15315937147
MWM Growth,2019-01,74.70588927771712,23418.85904864919
MWM Growth,2019-02,73.19659702119107,23492.055645670378
MWM Growth,2019-03,403.0152004945173,23895.070846164897
MWM Growth,2019-04,74.52212201827368,23969.59296818317
MWM Growth,2019-05,72.0984982262125,24041.691466409382
MWM Growth,2019-06,499.3447618619845,24541.03622827137
MWM Growth,2019-07,71.08957724555879,24612.125805516927
MWM Growth,2019-08,71.08957724555879,24683.215382762486
MWM Growth,2019-09,417.8245884068866,25101.03997116937
MWM Growth,2019-10,69.91478810565272,25170.954759275024
MWM Growth,2019-11,68.60800561908859,25239.56276489411
MWM Growth,2019-12,641.857809923504,25881.420574817617
MWM Growth,2020-01,78.17816642368282,25959.598741241298
MWM Growth,2020-02,80.16185464937229,26039.76059589067
MWM Growth,2020-03,361.92846568585645,26401.68906157653
MWM Growth,2020-04,77.4832768419318,26479.17233841846
MWM Growth,2020-05,77.53535892729775,26556.70769734576
MWM Growth,2020-06,409.7389403822393,26966.446637727997
MWM Growth,2020-07,76.80379632802699,27043.250434056023
MWM Growth,2020-08,65.71592361718211,27108.966357673205
MWM Growth,2020-09,328.4952520973524,27437.46160977056
MWM Growth,2020-10,167.38496340422026,27604.84657317478
MWM Growth,2020-11,62.015528186883735,27666.86210136166
MWM Growth,2020-12,678.7848569368781,28345.64695829854
MWM Growth,2021-01,68.72783630355369,28414.374794602096
MWM Growth,2021-02,80.39246648004361,28494.76726108214
MWM Growth,2021-03,395.1606400348259,28889.927901116964
MWM Growth,2021-04,68.869383415534,28958.7972845325
MWM Growth,2021-05,67.12375386881573,29025.921038401313
MWM Growth,2021-06,471.0903935686701,29497.011431969982
MWM Growth,2021-07,66.7990330524207,29563.810465022405
MWM Growth,2021-08,66.64814705544154,29630.458612077848
MWM Growth,2021-09,349.3798847975134,29979.83849687536
MWM Growth,2021-10,47.525561891532284,30027.364058766892
MWM Growth,2021-11,47.525561891532284,30074.889620658425
MWM Growth,2021-12,762.0733103287673,30836.962930987193
MWM Growth,2022-01,57.28939151796462,30894.252322505155
MWM Growth,2022-02,78.76680102500347,30973.01912353016
MWM Growth,2022-03,373.6554621060615,31346.67458563622
MWM Growth,2022-04,78.80861824988368,31425.483203886106
MWM Growth,2022-05,79.973820240771,31505.457024126874
MWM Growth,2022-06,529.3369239424628,32034.79394806934
MWM Growth,2022-07,93.4516301360599,32128.2455782054
MWM Growth,2022-08,94.2139536134699,32222.45953181887
MWM Growth,2022-09,478.21066036054253,32700.670192179412
MWM Growth,2022-10,104.777121564421,32805.44731374383
MWM Growth,2022-11,105.4656653223885,32910.91297906622
MWM Growth,2022-12,738.8803140525782,33649.7932931188
MWM Growth,2023-01,76.41488581288827,33726.20817893169
MWM Growth,2023-02,97.69041532067338,33823.89859425236
MWM Growth,2023-03,433.9372672112482,34257.83586146361
MWM Growth,2023-04,101.72578021472522,34359.56164167833
MWM Growth,2023-05,101.4439416332895,34461.00558331162
MWM Growth,2023-06,582.9954519244435,35044.00103523607
MWM Growth,2023-07,102.01317769404395,35146.01421293011
MWM Growth,2023-08,102.92013382134652,35248.934346751455
MWM Growth,2023-09,490.58397405871784,35739.51832081017
MWM Growth,2023-10,106.2921196204328,35845.81044043061
MWM Growth,2023-11,105.85319248214057,35951.66363291275
MWM Growth,2023-12,756.2656352559619,36707.92926816871
MWM Growth,2024-01,78.29609708353365,36786.22536525224
MWM Growth,2024-02,122.11460323229855,36908.33996848454
MWM Growth,2024-03,481.18014866551835,37389.52011715006
MWM Growth,2024-04,125.58325829178034,37515.10337544184
MWM Growth,2024-05,126.43493126613822,37641.53830670798
MWM Growth,2024-06,596.5435587043762,38238.08186541236
MWM Growth,2024-07,123.14540158819153,38361.22726700055
MWM Growth,2024-08,122.98753140098492,38484.21479840153
MWM Growth,2024-09,508.92300944140953,38993.13780784294
MWM Growth,2024-10,123.02299396415671,39116.1608018071
MWM Growth,2024-11,122.4619510589685,39238.62275286607
MWM Growth,2024-12,798.5526825031384,40037.17543536921
MWM Growth,2025-01,86.8643609596395,40124.03979632884
MWM Growth,2025-02,132.2684923302208,40256.308288659064
MWM Growth,2025-03,512.0903867181657,40768.39867537723
MWM Growth,2025-04,133.69056479308557,40902.08924017032
MWM Growth,2025-05,139.3813641979349,41041.47060436825
MWM Growth,2025-06,627.7814441810774,41669.25204854933
MWM Growth,2025-07,135.5871231918979,41804.83917174122
MWM Growth,2025-08,139.43557745717595,41944.274749198405
MWM Growth,2025-09,580.8029676409498,42525.077716839354
MWM Growth,2025-10,136.78346823957028,42661.861185078924
MWM Growth,2025-11,134.95681316822441,42796.81799824715
MWM Growth,2025-12,917.3870660466787,43714.20506429383
MWM Growth,2026-01,92.94999931311656,43807.155063606944
MWM Growth,2026-02,132.43208590196102,43939.5871495089
MWM Growth,2026-03,448.64765239728763,44388.23480190619
MWM Growth,2026-04,138.34435970259898,44526.57916160879
MWM Growth,2026-05,140.5420836146779,44667.12124522347
MWM Growth,2026-06,568.308901312346,45235.430146535815
MWM Growth,2026-07,140.36753607314907,45375.797682608965
MWM Growth,2026-08,140.39890403895268,45516.196586647915
MWM Growth,2026-09,402.58855147259754,45918.78513812051
MWM Growth,2026-10,52.759725527274675,45971.54486364779
MWM Growth Plus,2011-01,64.03789499491563,64.03789499491563
MWM Growth Plus,2011-02,60.91739039554027,124.9552853904559
MWM Growth Plus,2011-03,413.54466929913326,538.4999546895891
MWM Growth Plus,2011-04,59.047544025286726,597.5474987148759
MWM Growth Plus,2011-05,63.102971809788855,660.6504705246648
MWM Growth Plus,2011-06,462.9381810076505,1123.5886515323152
MWM Growth Plus,2011-07,60.285920307550185,1183.8745718398654
MWM Growth Plus,2011-08,60.91739039554027,1244.7919622354057
MWM Growth Plus,2011-09,466.27387981669506,1711.0658420521008
MWM Growth Plus,2011-10,63.72215995092058,1774.7880020030213
MWM Growth Plus,2011-11,60.285920307550185,1835.0739223105716
MWM Growth Plus,2011-12,1479.7924940460766,3314.866416356648
MWM Growth Plus,2012-01,50.387447744082394,3365.2538641007304
MWM Growth Plus,2012-02,50.1347004657514,3415.388564566482
MWM Growth Plus,2012-03,392.7797187470115,3808.1682833134937
MWM Growth Plus,2012-04,50.38455474547317,3858.5528380589667
MWM Growth Plus,2012-05,49.62920590908941,3908.182043968056
MWM Growth Plus,2012-06,447.6179820018424,4355.800025969898
MWM Growth Plus,2012-07,50.63730202380416,4406.437327993703
MWM Growth Plus,2012-08,45.59971444883961,4452.037042442542
MWM Growth Plus,2012-09,787.9419635287104,5239.979005971252
MWM Growth Plus,2012-10,48.87096407409642,5288.849970045349
MWM Growth Plus,2012-11,45.84956872856138,5334.699538773911
MWM Growth Plus,2012-12,1580.0936423084222,6914.793181082333
MWM Growth Plus,2013-01,41.687264566320486,6956.480445648654
MWM Growth Plus,2013-02,41.30351253386059,6997.783958182514
MWM Growth Plus,2013-03,442.32454091591444,7440.108499098428
MWM Growth Plus,2013-04,41.30351253386059,7481.412011632288
MWM Growth Plus,2013-05,38.790064961250316,7520.2020765935395
MWM Growth Plus,2013-06,662.7127839680995,8182.914860561638
MWM Growth Plus,2013-07,41.54812239455326,8224.462982956193
MWM Growth Plus,2013-08,39.034674821942986,8263.497657778134
MWM Growth Plus,2013-09,538.4815661930267,8801.979223971162
MWM Growth Plus,2013-10,42.526561837323946,8844.505785808486
MWM Growth Plus,2013-11,40.29139860824812,8884.797184416733
MWM Growth Plus,2013-12,1163.8419239764899,10048.639108393223
MWM Growth Plus,2014-01,41.97105928090883,10090.610167674133
MWM Growth Plus,2014-02,42.91198592638391,10133.522153600516
MWM Growth Plus,2014-03,543.1733005918516,10676.695454192368
MWM Growth Plus,2014-04,43.3004763484374,10719.995930540805
MWM Growth Plus,2014-05,42.799713616041224,10762.795644156846
MWM Growth Plus,2014-06,616.478088904382,11379.273733061229
MWM Growth Plus,2014-07,44.681566906991385,11423.95529996822
MWM Growth Plus,2014-08,42.52349550433043,11466.47879547255
MWM Growth Plus,2014-09,522.1360365136652,11988.614831986215
MWM Growth Plus,2014-10,43.852912571858994,12032.467744558075
MWM Growth Plus,2014-11,43.5766944601482,12076.044439018222
MWM Growth Plus,2014-12,836.6483291579035,12912.692768176126
MWM Growth Plus,2015-01,63.414520385372875,12976.1072885615
MWM Growth Plus,2015-02,60.77884298017281,13036.886131541673
MWM Growth Plus,2015-03,471.00604137586623,13507.892172917538
MWM Growth Plus,2015-04,61.27917799202156,13569.171350909559
MWM Growth Plus,2015-05,61.52934549794593,13630.700696407506
MWM Growth Plus,2015-06,606.9381417798867,14237.638838187393
MWM Growth Plus,2015-07,61.52934549794593,14299.168183685339
MWM Growth Plus,2015-08,61.779513003870306,14360.947696689209
MWM Growth Plus,2015-09,512.740327539501,14873.68802422871
MWM Growth Plus,2015-10,62.780183027567794,14936.468207256277
MWM Growth Plus,2015-11,62.02968050979468,14998.497887766072
MWM Growth Plus,2015-12,1040.1527237767245,16038.650611542796
MWM Growth Plus,2016-01,54.716870241456945,16093.367481784253
MWM Growth Plus,2016-02,54.716870241456945,16148.084352025711
MWM Growth Plus,2016-03,491.6478451246034,16639.732197150315
MWM Growth Plus,2016-04,55.391031915135834,16695.123229065448
MWM Growth Plus,2016-05,55.391031915135834,16750.514260980584
MWM Growth Plus,2016-06,596.8304534280345,17347.34471440862
MWM Growth Plus,2016-07,55.391031915135834,17402.735746323757
MWM Growth Plus,2016-08,55.6157524730288,17458.351498796783
MWM Growth Plus,2016-09,473.9775067865743,17932.32900558336
MWM Growth Plus,2016-10,55.391031915135834,17987.720037498493
MWM Growth Plus,2016-11,55.6157524730288,18043.335789971523
MWM Growth Plus,2016-12,974.3594386490696,19017.695228620592
MWM Growth Plus,2017-01,51.89149855723679,19069.58672717783
MWM Growth Plus,2017-02,52.57912101925744,19122.165848197088
MWM Growth Plus,2017-03,431.28394994703274,19553.44979814412
MWM Growth Plus,2017-04,55.12517525534619,19608.574973399467
MWM Growth Plus,2017-05,53.03753599393788,19661.612509393402
MWM Growth Plus,2017-06,590.62441427921,20252.236923672615
MWM Growth Plus,2017-07,53.03753599393788,20305.27445966655
MWM Growth Plus,2017-08,52.80832850659766,20358.08278817315
MWM Growth Plus,2017-09,548.3669141132144,20906.449702286365
MWM Growth Plus,2017-10,53.03753599393788,20959.4872382803
MWM Growth Plus,2017-11,53.03753599393788,21012.52477427424
MWM Growth Plus,2017-12,983.7751898850648,21996.299964159305
MWM Growth Plus,2018-01,55.11470169966084,22051.414665858967
MWM Growth Plus,2018-02,55.3639329511515,22106.778598810117
MWM Growth Plus,2018-03,412.34166357780447,22519.12026238792
MWM Growth Plus,2018-04,56.85932046009543,22575.979582848016
MWM Growth Plus,2018-05,55.86239545413281,22631.84197830215
MWM Growth Plus,2018-06,592.1834265776282,23224.02540487978
MWM Growth Plus,2018-07,55.86239545413281,23279.887800333912
MWM Growth Plus,2018-08,58.45213812524882,23338.33993845916
MWM Growth Plus,2018-09,565.1129084933367,23903.452846952496
MWM Growth Plus,2018-10,56.111626705623465,23959.56447365812
MWM Growth Plus,2018-11,56.111626705623465,24015.676100363744
MWM Growth Plus,2018-12,983.8247300659809,24999.500830429723
MWM Growth Plus,2019-01,69.47166864447857,25068.972499074203
MWM Growth Plus,2019-02,68.06812399027778,25137.04062306448
MWM Growth Plus,2019-03,501.66258971781184,25638.703212782293
MWM Growth Plus,2019-04,69.30077692122634,25708.00398970352
MWM Growth Plus,2019-05,67.04696278918348,25775.050952492704
MWM Growth Plus,2019-06,630.3468837258356,26405.397836218537
MWM Growth Plus,2019-07,66.10873121555379,26471.50656743409
MWM Growth Plus,2019-08,66.10873121555379,26537.615298649645
MWM Growth Plus,2019-09,523.1995339903839,27060.81483264003
MWM Growth Plus,2019-10,65.01625292978858,27125.83108556982
MWM Growth Plus,2019-11,63.80102932727576,27189.632114897093
MWM Growth Plus,2019-12,779.2070141619984,27968.83912905909
MWM Growth Plus,2020-01,73.2481647871395,28042.08729384623
MWM Growth Plus,2020-02,75.10675943943868,28117.19405328567
MWM Growth Plus,2020-03,450.2015233052326,28567.3955765909
MWM Growth Plus,2020-04,72.59709571093327,28639.992672301836
MWM Growth Plus,2020-05,72.64589344239539,28712.63856574423
MWM Growth Plus,2020-06,514.1091309371648,29226.747696681396
MWM Growth Plus,2020-07,71.96046398971305,29298.70816067111
MWM Growth Plus,2020-08,61.57180479474937,29360.27996546586
MWM Growth Plus,2020-09,410.99288992596115,29771.27285539182
MWM Growth Plus,2020-10,156.82948249100244,29928.10233788282
MWM Growth Plus,2020-11,58.10476039277215,29986.207098275594
MWM Growth Plus,2020-12,803.5360832316409,30789.743181507234
MWM Growth Plus,2021-01,64.65789039558572,30854.40107190282
MWM Growth Plus,2021-02,75.63176095547603,30930.0328328583
MWM Growth Plus,2021-03,500.1755122489986,31430.208345107294
MWM Growth Plus,2021-04,64.79105532764925,31494.999400434946
MWM Growth Plus,2021-05,63.148799002213735,31558.148199437157
MWM Growth Plus,2021-06,601.7314954761167,32159.879694913274
MWM Growth Plus,2021-07,62.8433076018603,32222.723002515137
MWM Growth Plus,2021-08,62.70135681772943,32285.424359332865
MWM Growth Plus,2021-09,440.2596494849003,32725.684008817767
MWM Growth Plus,2021-10,44.71117871656952,32770.395187534334
MWM Growth Plus,2021-11,44.71117871656952,32815.106366250904
MWM Growth Plus,2021-12,933.7659214321354,33748.87228768304
MWM Growth Plus,2022-01,54.46048195625908,33803.332769639295
MWM Growth Plus,2022-02,74.87735219930386,33878.2101218386
MWM Growth Plus,2022-03,474.1857158672395,34352.395837705844
MWM Growth Plus,2022-04,74.91710451924837,34427.31294222509
MWM Growth Plus,2022-05,76.02476966141029,34503.3377118865
MWM Growth Plus,2022-06,679.7171949204076,35183.05490680691
MWM Growth Plus,2022-07,88.83705485354926,35271.891961660454
MWM Growth Plus,2022-08,89.56173533777645,35361.45369699824
MWM Growth Plus,2022-09,604.1842522158668,35965.6379492141
MWM Growth Plus,2022-10,99.60330153966765,36065.24125075377
MWM Growth Plus,2022-11,100.25784549472303,36165.49909624849
MWM Growth Plus,2022-12,905.9957106804866,37071.494806928975
MWM Growth Plus,2023-01,72.27321539321794,37143.7680223222
MWM Growth Plus,2023-02,92.39561576539214,37236.163638087586
MWM Growth Plus,2023-03,542.0098561534006,37778.17349424099
MWM Growth Plus,2023-04,96.21226474779301,37874.385758988785
MWM Growth Plus,2023-05,95.94570175701527,37970.331460745794
MWM Growth Plus,2023-06,741.6406002440393,38711.972060989836
MWM Growth Plus,2023-07,96.4840853453809,38808.456146335215
MWM Growth Plus,2023-08,97.34188464513046,38905.798030980346
MWM Growth Plus,2023-09,617.2709859937415,39523.06901697409
MWM Growth Plus,2023-10,100.53110953721463,39623.6001265113
MWM Growth Plus,2023-11,100.1159721556657,39723.71609866697
MWM Growth Plus,2023-12,946.9534122669374,40670.669510933905
MWM Growth Plus,2024-01,74.58254287699225,40745.2520538109
MWM Growth Plus,2024-02,116.32275388852315,40861.57480769942
MWM Growth Plus,2024-03,599.4700195643667,41461.04482726379
MWM Growth Plus,2024-04,119.62689195332722,41580.67171921711
MWM Growth Plus,2024-05,120.43817040133789,41701.109889618456
MWM Growth Plus,2024-06,755.9391964832705,42457.049086101724
MWM Growth Plus,2024-07,117.30466186912018,42574.35374797085
MWM Growth Plus,2024-08,117.15427940505211,42691.508027375894
MWM Growth Plus,2024-09,639.9505999711995,43331.4586273471
MWM Growth Plus,2024-10,117.18805999229474,43448.646687339395
MWM Growth Plus,2024-11,116.65362713943632,43565.30031447883
MWM Growth Plus,2024-12,1007.6551489996751,44572.9554634785
MWM Growth Plus,2025-01,83.32043206848905,44656.27589554699
MWM Growth Plus,2025-02,126.87214650807424,44783.148042055065
MWM Growth Plus,2025-03,641.5580014681491,45424.70604352321
MWM Growth Plus,2025-04,128.23620065789578,45552.94224418111
MWM Growth Plus,2025-05,133.69482442475288,45686.637068605865
MWM Growth Plus,2025-06,799.4890218313403,46486.1260904372
MWM Growth Plus,2025-07,130.0553824660206,46616.18147290323
MWM Growth Plus,2025-08,133.74682586854303,46749.92829877177
MWM Growth Plus,2025-09,734.7818444416783,47484.710143213444
MWM Growth Plus,2025-10,131.2029185230852,47615.91306173653
MWM Growth Plus,2025-11,129.45078809694473,47745.36384983348
MWM Growth Plus,2025-12,1156.6304241394266,48901.9942739729
MWM Growth Plus,2026-01,89.52840256165146,48991.52267653455
MWM Growth Plus,2026-02,127.5571079755442,49119.0797845101
MWM Growth Plus,2026-03,557.7036834996222,49676.78346800972
MWM Growth Plus,2026-04,133.25174415402478,49810.03521216375
MWM Growth Plus,2026-05,135.36856731243233,49945.403779476175
MWM Growth Plus,2026-06,720.3988092717708,50665.802588747945
MWM Growth Plus,2026-07,135.2004450673584,50801.00303381531
MWM Growth Plus,2026-08,135.23065834213796,50936.233692157446
MWM Growth Plus,2026-09,527.7751174999137,51464.00880965736
MWM Growth Plus,2026-10,50.81757913882555,51514.82638879619
MWM Moderate,2011-01,128.07578998983126,128.07578998983126
MWM Moderate,2011-02,121.83478079108053,249.9105707809118
MWM Moderate,2011-03,433.94274896951504,683.8533197504269
MWM Moderate,2011-04,118.09508805057345,801.9484078010003
MWM Moderate,2011-05,126.20594361957771,928.154351420578
MWM Moderate,2011-06,475.2303558106661,1403.3847072312442
MWM Moderate,2011-07,120.57184061510037,1523.9565478463444
MWM Moderate,2011-08,121.83478079108053,1645.791328637425
MWM Moderate,2011-09,475.44721516492996,2121.238543802355
MWM Moderate,2011-10,127.44431990184115,2248.6828637041963
MWM Moderate,2011-11,120.57184061510037,2369.2547043192963
MWM Moderate,2011-12,1593.807539929948,3963.0622442492445
MWM Moderate,2012-01,96.17550246164522,4059.2377467108895
MWM Moderate,2012-02,95.69307881096226,4154.930825521852
MWM Moderate,2012-03,382.00460622266746,4536.9354317445195
MWM Moderate,2012-04,96.16998053887833,4633.1054122833975
MWM Moderate,2012-05,94.72823150959636,4727.833643792994
MWM Moderate,2012-06,426.2318991228693,5154.065542915863
MWM Moderate,2012-07,96.6524041895613,5250.717947105425
MWM Moderate,2012-08,87.03706271250351,5337.755009817928
MWM Moderate,2012-09,699.9988816616167,6037.753891479545
MWM Moderate,2012-10,93.2809605575475,6131.034852037093
MWM Moderate,2012-11,87.51396444041958,6218.548816477512
MWM Moderate,2012-12,1474.4254327205413,7692.974249198053
MWM Moderate,2013-01,75.2747231436604,7768.248972341714
MWM Moderate,2013-02,74.58178182693572,7842.830754168649
MWM Moderate,2013-03,390.71167330956774,8233.542427478216
MWM Moderate,2013-04,74.58178182693572,8308.124209305153
MWM Moderate,2013-05,70.04324776545164,8378.167457070604
MWM Moderate,2013-06,558.6606234421401,8936.828080512745
MWM Moderate,2013-07,75.02347402558208,9011.851554538327
MWM Moderate,2013-08,70.484939964098,9082.336494502424
MWM Moderate,2013-09,467.57852655625317,9549.915021058678
MWM Moderate,2013-10,76.79024282016746,9626.705263878845
MWM Moderate,2013-11,72.75420699484003,9699.459470873686
MWM Moderate,2013-12,963.9192225621352,10663.378693435821
MWM Moderate,2014-01,70.63943033527696,10734.018123771097
MWM Moderate,2014-02,72.22305780054506,10806.241181571642
MWM Moderate,2014-03,439.3349925671314,11245.576174138774
MWM Moderate,2014-04,72.87690696648812,11318.453081105263
MWM Moderate,2014-05,72.0340977842645,11390.487178889527
MWM Moderate,2014-06,489.33752822843314,11879.82470711796
MWM Moderate,2014-07,75.20135271480069,11955.02605983276
MWM Moderate,2014-08,71.56920863460198,12026.595268467363
MWM Moderate,2014-09,424.2653978577779,12450.860666325141
MWM Moderate,2014-10,73.80668526581316,12524.667351590953
MWM Moderate,2014-11,73.34179611615065,12598.009147707104
MWM Moderate,2014-12,717.5408026527598,13315.549950359864
MWM Moderate,2015-01,100.96672289459204,13416.516673254457
MWM Moderate,2015-02,96.77027532086326,13513.28694857532
MWM Moderate,2015-03,382.302535279182,13895.589483854501
MWM Moderate,2015-04,97.56689392160013,13993.156377776102
MWM Moderate,2015-05,97.96520322196855,14091.12158099807
MWM Moderate,2015-06,471.22829610828154,14562.349877106351
MWM Moderate,2015-07,97.96520322196855,14660.31508032832
MWM Moderate,2015-08,98.36351252233698,14758.678592850656
MWM Moderate,2015-09,409.8512228571103,15168.529815707767
MWM Moderate,2015-10,99.9567497238107,15268.486565431578
MWM Moderate,2015-11,98.7618218227054,15367.248387254283
MWM Moderate,2015-12,909.0718844923906,16276.320271746674
MWM Moderate,2016-01,85.67205500318042,16361.992326749854
MWM Moderate,2016-02,85.67205500318042,16447.664381753035
MWM Moderate,2016-03,351.64848408967407,16799.31286584271
MWM Moderate,2016-04,86.7276127449442,16886.040478587653
MWM Moderate,2016-05,86.7276127449442,16972.768091332597
MWM Moderate,2016-06,421.85459701768747,17394.622688350286
MWM Moderate,2016-07,86.7276127449442,17481.35030109523
MWM Moderate,2016-08,87.07946532553213,17568.429766420762
MWM Moderate,2016-09,351.2575593795185,17919.687325800278
MWM Moderate,2016-10,86.7276127449442,18006.414938545226
MWM Moderate,2016-11,87.07946532553213,18093.494403870754
MWM Moderate,2016-12,651.017029094489,18744.511432965246
MWM Moderate,2017-01,76.16955675176845,18820.680989717013
MWM Moderate,2017-02,77.17889160624182,18897.859881323257
MWM Moderate,2017-03,299.87351471206915,19197.733396035324
MWM Moderate,2017-04,80.91614776612963,19278.649543801454
MWM Moderate,2017-05,77.85178150922405,19356.501325310677
MWM Moderate,2017-06,389.12381924231437,19745.625144552992
MWM Moderate,2017-07,77.85178150922405,19823.476926062216
MWM Moderate,2017-08,77.51533655773292,19900.992262619948
MWM Moderate,2017-09,369.20205924234426,20270.194321862295
MWM Moderate,2017-10,77.85178150922405,20348.04610337152
MWM Moderate,2017-11,77.85178150922405,20425.897884880742
MWM Moderate,2017-12,632.6964350985625,21058.594319979304
MWM Moderate,2018-01,75.15057447333889,21133.744894452644
MWM Moderate,2018-02,75.49040887593256,21209.235303328576
MWM Moderate,2018-03,271.30072495939135,21480.536028287966
MWM Moderate,2018-04,77.5294152914945,21558.06544357946
MWM Moderate,2018-05,76.17007768111986,21634.23552126058
MWM Moderate,2018-06,365.13502199029966,21999.37054325088
MWM Moderate,2018-07,76.17007768111986,22075.540620932003
MWM Moderate,2018-08,79.70127069261511,22155.241891624617
MWM Moderate,2018-09,340.71449269102385,22495.95638431564
MWM Moderate,2018-10,76.50991208371353,22572.466296399354
MWM Moderate,2018-11,76.50991208371353,22648.976208483065
MWM Moderate,2018-12,579.8377984587618,23228.81400694183
MWM Moderate,2019-01,89.53466934598065,23318.34867628781
MWM Moderate,2019-02,87.7257894244506,23406.07446571226
MWM Moderate,2019-03,317.3059073072308,23723.380373019492
MWM Moderate,2019-04,89.31442511932109,23812.69479813881
MWM Moderate,2019-05,86.40972300093034,23899.104521139743
MWM Moderate,2019-06,373.85104200308245,24272.955563142823
MWM Moderate,2019-07,85.20053578326346,24358.156098926087
MWM Moderate,2019-08,85.20053578326346,24443.35663470935
MWM Moderate,2019-09,318.8913782264763,24762.248012935826
MWM Moderate,2019-10,83.79255632930477,24846.040569265133
MWM Moderate,2019-11,82.2263834482527,24928.266952713384
MWM Moderate,2019-12,515.3001024468865,25443.56705516027
MWM Moderate,2020-01,92.35527467145327,25535.922329831727
MWM Moderate,2020-02,94.69869201323658,25630.621021844963
MWM Moderate,2020-03,282.78276606277484,25913.403787907737
MWM Moderate,2020-04,91.53437132817014,26004.938159235906
MWM Moderate,2020-05,91.59589816513082,26096.534057401037
MWM Moderate,2020-06,312.30702611339814,26408.841083514435
MWM Moderate,2020-07,90.73167138819599,26499.57275490263
MWM Moderate,2020-08,77.63308419209135,26577.205839094724
MWM Moderate,2020-09,253.57335353008773,26830.77919262481
MWM Moderate,2020-10,197.73915120097914,27028.518343825788
MWM Moderate,2020-11,73.26164582263544,27101.779989648425
MWM Moderate,2020-12,567.7383468463044,27669.51833649473
MWM Moderate,2021-01,81.03565454495951,27750.553991039687
MWM Moderate,2021-02,94.78919302683184,27845.34318406652
MWM Moderate,2021-03,282.19092190487635,28127.534105971397
MWM Moderate,2021-04,81.20254999060707,28208.736655962006
MWM Moderate,2021-05,79.1443121568631,28287.88096811887
MWM Moderate,2021-06,343.1448291499333,28631.0257972688
MWM Moderate,2021-07,78.76144016035906,28709.78723742916
MWM Moderate,2021-08,78.58353341711646,28788.370770846275
MWM Moderate,2021-09,260.40809996208156,29048.778870808357
MWM Moderate,2021-10,56.03646531933916,29104.815336127696
MWM Moderate,2021-11,56.03646531933916,29160.851801447036
MWM Moderate,2021-12,602.5558623094214,29763.407663756458
MWM Moderate,2022-01,65.80205047940942,29829.209714235865
MWM Moderate,2022-02,90.47079886550375,29919.68051310137
MWM Moderate,2022-03,277.049940149541,30196.73045325091
MWM Moderate,2022-04,90.51882973246825,30287.24928298338
MWM Moderate,2022-05,91.85716966227939,30379.10645264566
MWM Moderate,2022-06,383.70607555323863,30762.812528198898
MWM Moderate,2022-07,107.33765398202613,30870.150182180925
MWM Moderate,2022-08,108.21325148119735,30978.36343366212
MWM Moderate,2022-09,354.06554288189807,31332.42897654402
MWM Moderate,2022-10,120.34600577154451,31452.774982315565
MWM Moderate,2022-11,121.13686058634653,31573.91184290191
MWM Moderate,2022-12,585.7238399407437,32159.635682842654
MWM Moderate,2023-01,88.95670654420083,32248.592389386857
MWM Moderate,2023-02,113.72414570037256,32362.316535087226
MWM Moderate,2023-03,334.3556008340706,32696.672135921297
MWM Moderate,2023-04,118.42182687675921,32815.093962798055
MWM Moderate,2023-05,118.0937306987056,32933.187693496766
MWM Moderate,2023-06,427.8958077563649,33361.083501253124
MWM Moderate,2023-07,118.75639432336773,33479.83989557649
MWM Moderate,2023-08,119.81220732637966,33599.65210290287
MWM Moderate,2023-09,370.7597847617378,33970.41188766461
MWM Moderate,2023-10,123.73763033800363,34094.14951800262
MWM Moderate,2023-11,123.22666297582036,34217.376180978434
MWM Moderate,2023-12,575.3421050026486,34792.718285981086
MWM Moderate,2024-01,90.20682324390341,34882.92510922499
MWM Moderate,2024-02,140.69118180339058,35023.61629102838
MWM Moderate,2024-03,372.47331768062713,35396.08960870901
MWM Moderate,2024-04,144.68750301862204,35540.77711172763
MWM Moderate,2024-05,145.66873600878685,35686.44584773642
MWM Moderate,2024-06,440.0165682921793,36126.4624160286
MWM Moderate,2024-07,141.87878946908228,36268.34120549768
MWM Moderate,2024-08,141.6969034159673,36410.03810891364
MWM Moderate,2024-09,384.01768746110935,36794.055796374756
MWM Moderate,2024-10,141.7377606909398,36935.79355706569
MWM Moderate,2024-11,141.09136961825882,37076.88492668395
MWM Moderate,2024-12,596.5050282929736,37673.38995497693
MWM Moderate,2025-01,99.27556126642963,37772.66551624335
MWM Moderate,2025-02,151.16704559708086,37923.832561840434
MWM Moderate,2025-03,393.4286710138678,38317.261232854304
MWM Moderate,2025-04,152.7923041076227,38470.053536961925
MWM Moderate,2025-05,159.29620626875848,38629.34974323068
MWM Moderate,2025-06,458.1942086024462,39087.54395183313
MWM Moderate,2025-07,154.95984321614313,39242.50379504928
MWM Moderate,2025-08,159.35816553121992,39401.86196058049
MWM Moderate,2025-09,433.62334196224276,39835.48530254274
MWM Moderate,2025-10,156.3271223253646,39991.812424868105
MWM Moderate,2025-11,154.23947434816614,40146.05189921627
MWM Moderate,2025-12,732.0020729340572,40878.05397215032
MWM Moderate,2026-01,105.73240878357073,40983.786380933896
MWM Moderate,2026-02,150.64404030254968,41134.430421236444
MWM Moderate,2026-03,375.7775980084366,41510.208019244885
MWM Moderate,2026-04,157.3693652616563,41667.57738450654
MWM Moderate,2026-05,159.86931840616987,41827.44670291271
MWM Moderate,2026-06,456.52989088413835,42283.97659379685
MWM Moderate,2026-07,159.67076722650899,42443.64736102336
MWM Moderate,2026-08,159.70644888985024,42603.353809913206
MWM Moderate,2026-09,305.9773857160074,42909.33119562922
MWM Moderate,2026-10,60.01520073138509,42969.3463963606
MWM Ultra Aggressive,2011-01,0.0,0.0
MWM Ultra Aggressive,2011-02,0.0,0.0
MWM Ultra Aggressive,2011-03,385.1611708868932,385.1611708868932
MWM Ultra Aggressive,2011-04,0.0,385.1611708868932
MWM Ultra Aggressive,2011-05,0.0,385.1611708868932
MWM Ultra Aggressive,2011-06,459.701513291629,844.8626841785222
MWM Ultra Aggressive,2011-07,0.0,844.8626841785222
MWM Ultra Aggressive,2011-08,0.0,844.8626841785222
MWM Ultra Aggressive,2011-09,464.59259688011605,1309.4552810586383
MWM Ultra Aggressive,2011-10,0.0,1309.4552810586383
MWM Ultra Aggressive,2011-11,0.0,1309.4552810586383
MWM Ultra Aggressive,2011-12,1474.502352706875,2783.9576337655135
MWM Ultra Aggressive,2012-01,0.0,2783.9576337655135
MWM Ultra Aggressive,2012-02,0.0,2783.9576337655135
MWM Ultra Aggressive,2012-03,428.4921728887135,3212.449806654227
MWM Ultra Aggressive,2012-04,0.0,3212.449806654227
MWM Ultra Aggressive,2012-05,0.0,3212.449806654227
MWM Ultra Aggressive,2012-06,506.283944915384,3718.733751569611
MWM Ultra Aggressive,2012-07,0.0,3718.733751569611
MWM Ultra Aggressive,2012-08,0.0,3718.733751569611
MWM Ultra Aggressive,2012-09,913.4040343969962,4632.137785966607
MWM Ultra Aggressive,2012-10,0.0,4632.137785966607
MWM Ultra Aggressive,2012-11,0.0,4632.137785966607
MWM Ultra Aggressive,2012-12,2332.5524596486352,6964.690245615242
MWM Ultra Aggressive,2013-01,0.0,6964.690245615242
MWM Ultra Aggressive,2013-02,0.0,6964.690245615242
MWM Ultra Aggressive,2013-03,547.1840405722312,7511.874286187473
MWM Ultra Aggressive,2013-04,0.0,7511.874286187473
MWM Ultra Aggressive,2013-05,0.0,7511.874286187473
MWM Ultra Aggressive,2013-06,856.5400873819319,8368.414373569405
MWM Ultra Aggressive,2013-07,0.0,8368.414373569405
MWM Ultra Aggressive,2013-08,0.0,8368.414373569405
MWM Ultra Aggressive,2013-09,679.0689458291267,9047.483319398532
MWM Ultra Aggressive,2013-10,0.0,9047.483319398532
MWM Ultra Aggressive,2013-11,0.0,9047.483319398532
MWM Ultra Aggressive,2013-12,1992.297712761049,11039.78103215958
MWM Ultra Aggressive,2014-01,0.0,11039.78103215958
MWM Ultra Aggressive,2014-02,0.0,11039.78103215958
MWM Ultra Aggressive,2014-03,769.9453575120936,11809.726389671674
MWM Ultra Aggressive,2014-04,0.0,11809.726389671674
MWM Ultra Aggressive,2014-05,0.0,11809.726389671674
MWM Ultra Aggressive,2014-06,861.5897022734019,12671.316091945077
MWM Ultra Aggressive,2014-07,0.0,12671.316091945077
MWM Ultra Aggressive,2014-08,0.0,12671.316091945077
MWM Ultra Aggressive,2014-09,718.6476079336433,13389.96369987872
MWM Ultra Aggressive,2014-10,0.0,13389.96369987872
MWM Ultra Aggressive,2014-11,0.0,13389.96369987872
MWM Ultra Aggressive,2014-12,1640.9690053866273,15030.932705265346
MWM Ultra Aggressive,2015-01,0.0,15030.932705265346
MWM Ultra Aggressive,2015-02,0.0,15030.932705265346
MWM Ultra Aggressive,2015-03,669.3063014918066,15700.239006757154
MWM Ultra Aggressive,2015-04,0.0,15700.239006757154
MWM Ultra Aggressive,2015-05,0.0,15700.239006757154
MWM Ultra Aggressive,2015-06,916.9855882381221,16617.224594995278
MWM Ultra Aggressive,2015-07,0.0,16617.224594995278
MWM Ultra Aggressive,2015-08,0.0,16617.224594995278
MWM Ultra Aggressive,2015-09,760.8587011880772,17378.08329618335
MWM Ultra Aggressive,2015-10,0.0,17378.08329618335
MWM Ultra Aggressive,2015-11,0.0,17378.08329618335
MWM Ultra Aggressive,2015-12,1702.1616807693626,19080.244976952716
MWM Ultra Aggressive,2016-01,0.0,19080.244976952716
MWM Ultra Aggressive,2016-02,0.0,19080.244976952716
MWM Ultra Aggressive,2016-03,762.8734965588902,19843.118473511608
MWM Ultra Aggressive,2016-04,0.0,19843.118473511608
MWM Ultra Aggressive,2016-05,0.0,19843.118473511608
MWM Ultra Aggressive,2016-06,953.538279328551,20796.656752840157
MWM Ultra Aggressive,2016-07,0.0,20796.656752840157
MWM Ultra Aggressive,2016-08,0.0,20796.656752840157
MWM Ultra Aggressive,2016-09,738.8943702266012,21535.551123066758
MWM Ultra Aggressive,2016-10,0.0,21535.551123066758
MWM Ultra Aggressive,2016-11,0.0,21535.551123066758
MWM Ultra Aggressive,2016-12,1934.038390032814,23469.58951309957
MWM Ultra Aggressive,2017-01,0.0,23469.58951309957
MWM Ultra Aggressive,2017-02,0.0,23469.58951309957
MWM Ultra Aggressive,2017-03,686.4848792068217,24156.074392306393
MWM Ultra Aggressive,2017-04,0.0,24156.074392306393
MWM Ultra Aggressive,2017-05,0.0,24156.074392306393
MWM Ultra Aggressive,2017-06,1008.1640729658067,25164.2384652722
MWM Ultra Aggressive,2017-07,0.0,25164.2384652722
MWM Ultra Aggressive,2017-08,0.0,25164.2384652722
MWM Ultra Aggressive,2017-09,920.5065207218073,26084.744985994006
MWM Ultra Aggressive,2017-10,0.0,26084.744985994006
MWM Ultra Aggressive,2017-11,0.0,26084.744985994006
MWM Ultra Aggressive,2017-12,2187.0242692219163,28271.769255215924
MWM Ultra Aggressive,2018-01,0.0,28271.769255215924
MWM Ultra Aggressive,2018-02,0.0,28271.769255215924
MWM Ultra Aggressive,2018-03,664.1112250421519,28935.880480258074
MWM Ultra Aggressive,2018-04,0.0,28935.880480258074
MWM Ultra Aggressive,2018-05,0.0,28935.880480258074
MWM Ultra Aggressive,2018-06,1038.7445751505522,29974.62505540863
MWM Ultra Aggressive,2018-07,0.0,29974.62505540863
MWM Ultra Aggressive,2018-08,0.0,29974.62505540863
MWM Ultra Aggressive,2018-09,1042.965389071252,31017.59044447988
MWM Ultra Aggressive,2018-10,0.0,31017.59044447988
MWM Ultra Aggressive,2018-11,0.0,31017.59044447988
MWM Ultra Aggressive,2018-12,2398.6407597743355,33416.23120425422
MWM Ultra Aggressive,2019-01,0.0,33416.23120425422
MWM Ultra Aggressive,2019-02,0.0,33416.23120425422
MWM Ultra Aggressive,2019-03,839.1048048182301,34255.336009072445
MWM Ultra Aggressive,2019-04,0.0,34255.336009072445
MWM Ultra Aggressive,2019-05,0.0,34255.336009072445
MWM Ultra Aggressive,2019-06,1143.4840499239972,35398.82005899644
MWM Ultra Aggressive,2019-07,0.0,35398.82005899644
MWM Ultra Aggressive,2019-08,0.0,35398.82005899644
MWM Ultra Aggressive,2019-09,906.68204397149,36305.502102967934
MWM Ultra Aggressive,2019-10,0.0,36305.502102967934
MWM Ultra Aggressive,2019-11,0.0,36305.502102967934
MWM Ultra Aggressive,2019-12,1286.270208476187,37591.77231144412
MWM Ultra Aggressive,2020-01,0.0,37591.77231144412
MWM Ultra Aggressive,2020-02,0.0,37591.77231144412
MWM Ultra Aggressive,2020-03,801.174374181456,38392.946685625575
MWM Ultra Aggressive,2020-04,0.0,38392.946685625575
MWM Ultra Aggressive,2020-05,0.0,38392.946685625575
MWM Ultra Aggressive,2020-06,875.5151151156822,39268.46180074126
MWM Ultra Aggressive,2020-07,0.0,39268.46180074126
MWM Ultra Aggressive,2020-08,0.0,39268.46180074126
MWM Ultra Aggressive,2020-09,537.3333636841558,39805.79516442541
MWM Ultra Aggressive,2020-10,0.0,39805.79516442541
MWM Ultra Aggressive,2020-11,0.0,39805.79516442541
MWM Ultra Aggressive,2020-12,1220.3622520182505,41026.15741644367
MWM Ultra Aggressive,2021-01,0.0,41026.15741644367
MWM Ultra Aggressive,2021-02,0.0,41026.15741644367
MWM Ultra Aggressive,2021-03,945.2429511066575,41971.40036755032
MWM Ultra Aggressive,2021-04,0.0,41971.40036755032
MWM Ultra Aggressive,2021-05,0.0,41971.40036755032
MWM Ultra Aggressive,2021-06,1155.8562260040346,43127.25659355435
MWM Ultra Aggressive,2021-07,0.0,43127.25659355435
MWM Ultra Aggressive,2021-08,0.0,43127.25659355435
MWM Ultra Aggressive,2021-09,602.864608431586,43730.121201985945
MWM Ultra Aggressive,2021-10,0.0,43730.121201985945
MWM Ultra Aggressive,2021-11,0.0,43730.121201985945
MWM Ultra Aggressive,2021-12,1598.0985624462055,45328.21976443215
MWM Ultra Aggressive,2022-01,0.0,45328.21976443215
MWM Ultra Aggressive,2022-02,0.0,45328.21976443215
MWM Ultra Aggressive,2022-03,883.0079251950168,46211.227689627165
MWM Ultra Aggressive,2022-04,0.0,46211.227689627165
MWM Ultra Aggressive,2022-05,0.0,46211.227689627165
MWM Ultra Aggressive,2022-06,1340.170119146464,47551.39780877363
MWM Ultra Aggressive,2022-07,0.0,47551.39780877363
MWM Ultra Aggressive,2022-08,0.0,47551.39780877363
MWM Ultra Aggressive,2022-09,1120.0178036740504,48671.41561244768
MWM Ultra Aggressive,2022-10,0.0,48671.41561244768
MWM Ultra Aggressive,2022-11,0.0,48671.41561244768
MWM Ultra Aggressive,2022-12,1529.5933555888557,50201.008968036534
MWM Ultra Aggressive,2023-01,0.0,50201.008968036534
MWM Ultra Aggressive,2023-02,0.0,50201.008968036534
MWM Ultra Aggressive,2023-03,973.3868073555209,51174.395775392055
MWM Ultra Aggressive,2023-04,0.0,51174.395775392055
MWM Ultra Aggressive,2023-05,0.0,51174.395775392055
MWM Ultra Aggressive,2023-06,1409.7597373518902,52584.15551274395
MWM Ultra Aggressive,2023-07,0.0,52584.15551274395
MWM Ultra Aggressive,2023-08,0.0,52584.15551274395
MWM Ultra Aggressive,2023-09,1125.3337063614674,53709.48921910542
MWM Ultra Aggressive,2023-10,0.0,53709.48921910542
MWM Ultra Aggressive,2023-11,0.0,53709.48921910542
MWM Ultra Aggressive,2023-12,1681.5664194771216,55391.05563858253
MWM Ultra Aggressive,2024-01,0.0,55391.05563858253
MWM Ultra Aggressive,2024-02,0.0,55391.05563858253
MWM Ultra Aggressive,2024-03,1048.5025071262748,56439.55814570881
MWM Ultra Aggressive,2024-04,0.0,56439.55814570881
MWM Ultra Aggressive,2024-05,0.0,56439.55814570881
MWM Ultra Aggressive,2024-06,1404.3350284166493,57843.89317412546
MWM Ultra Aggressive,2024-07,0.0,57843.89317412546
MWM Ultra Aggressive,2024-08,0.0,57843.89317412546
MWM Ultra Aggressive,2024-09,1149.5675558194964,58993.460729944956
MWM Ultra Aggressive,2024-10,0.0,58993.460729944956
MWM Ultra Aggressive,2024-11,0.0,58993.460729944956
MWM Ultra Aggressive,2024-12,1872.9902001334056,60866.45093007836
MWM Ultra Aggressive,2025-01,0.0,60866.45093007836
MWM Ultra Aggressive,2025-02,0.0,60866.45093007836
MWM Ultra Aggressive,2025-03,1113.9019610193243,61980.35289109769
MWM Ultra Aggressive,2025-04,0.0,61980.35289109769
MWM Ultra Aggressive,2025-05,0.0,61980.35289109769
MWM Ultra Aggressive,2025-06,1555.7244745377673,63536.07736563545
MWM Ultra Aggressive,2025-07,0.0,63536.07736563545
MWM Ultra Aggressive,2025-08,0.0,63536.07736563545
MWM Ultra Aggressive,2025-09,1374.9913160674091,64911.06868170286
MWM Ultra Aggressive,2025-10,0.0,64911.06868170286
MWM Ultra Aggressive,2025-11,0.0,64911.06868170286
MWM Ultra Aggressive,2025-12,2173.9704351129626,67085.03911681582
MWM Ultra Aggressive,2026-01,0.0,67085.03911681582
MWM Ultra Aggressive,2026-02,0.0,67085.03911681582
MWM Ultra Aggressive,2026-03,893.7850702903818,67978.8241871062
MWM Ultra Aggressive,2026-04,0.0,67978.8241871062
MWM Ultra Aggressive,2026-05,0.0,67978.8241871062
MWM Ultra Aggressive,2026-06,1360.3749540997824,69339.19914120599
MWM Ultra Aggressive,2026-07,0.0,69339.19914120599
MWM Ultra Aggressive,2026-08,0.0,69339.19914120599
MWM Ultra Aggressive,2026-09,1056.7451322541285,70395.94427346012
MWM Ultra Aggressive,2026-10,0.0,70395.94427346012
Tactical Aggressive,2011-01,42.69192999661034,42.69192999661034
Tactical Aggressive,2011-02,40.611593597026776,83.30352359363712
Tactical Aggressive,2011-03,453.62383606238785,536.9273596560249
Tactical Aggressive,2011-04,39.36502935019108,576.292389006216
Tactical Aggressive,2011-05,42.068647873192496,618.3610368794085
Tactical Aggressive,2011-06,519.3144035400815,1137.6754404194899
Tactical Aggressive,2011-07,40.190613538366726,1177.8660539578566
Tactical Aggressive,2011-08,40.611593597026776,1218.4776475548836
Tactical Aggressive,2011-09,275.80325679152406,1494.2809043464076
Tactical Aggressive,2011-10,42.48143996728031,1536.762344313688
Tactical Aggressive,2011-11,40.190613538366726,1576.9529578520546
Tactical Aggressive,2011-12,1275.0710036148453,2852.0239614669
Tactical Aggressive,2012-01,34.431592810419914,2886.4555542773196
Tactical Aggressive,2012-02,34.25888131656464,2920.7144355938844
Tactical Aggressive,2012-03,221.78303680382328,3142.4974723977075
Tactical Aggressive,2012-04,34.42961591826574,3176.9270883159734
Tactical Aggressive,2012-05,33.91345832885411,3210.8405466448276
Tactical Aggressive,2012-06,577.6137238779193,3788.454270522747
Tactical Aggressive,2012-07,34.602327412121014,3823.056597934868
Tactical Aggressive,2012-08,31.159958887940682,3854.2165568228083
Tactical Aggressive,2012-09,675.3236285276552,4529.540185350464
Tactical Aggressive,2012-10,33.39532384728831,4562.935509197752
Tactical Aggressive,2012-11,31.33069348964178,4594.266202687394
Tactical Aggressive,2012-12,1708.386490788417,6302.65269347581
Tactical Aggressive,2013-01,34.27403217797797,6336.926725653789
Tactical Aggressive,2013-02,33.95852264177489,6370.8852482955635
Tactical Aggressive,2013-03,522.0931253668555,6892.978373662419
Tactical Aggressive,2013-04,33.95852264177489,6926.936896304193
Tactical Aggressive,2013-05,31.89204061476985,6958.828936918963
Tactical Aggressive,2013-06,807.3518278399796,7766.180764758943
Tactical Aggressive,2013-07,34.15963361232306,7800.340398371266
Tactical Aggressive,2013-08,32.093151585318026,7832.433549956584
Tactical Aggressive,2013-09,421.07829012279416,8253.511840079378
Tactical Aggressive,2013-10,34.96407749451576,8288.475917573895
Tactical Aggressive,2013-11,33.126392598820544,8321.602310172715
Tactical Aggressive,2013-12,1252.1039904005584,9573.706300573273
Tactical Aggressive,2014-01,32.406756528909156,9606.113057102182
Tactical Aggressive,2014-02,33.133266205669784,9639.246323307852
Tactical Aggressive,2014-03,412.1365771806928,10051.382900488545
Tactical Aggressive,2014-04,33.43322800642012,10084.816128494966
Tactical Aggressive,2014-05,33.04657834292459,10117.86270683789
Tactical Aggressive,2014-06,767.996538736475,10885.859245574366
Tactical Aggressive,2014-07,34.499597696445846,10920.358843270811
Tactical Aggressive,2014-08,32.833304404919446,10953.19214767573
Tactical Aggressive,2014-09,411.5558128569363,11364.747960532666
Tactical Aggressive,2014-10,33.85977588243041,11398.607736415097
Tactical Aggressive,2014-11,33.64650194442527,11432.254238359523
Tactical Aggressive,2014-12,776.601813754557,12208.856052114079
Tactical Aggressive,2015-01,50.410944877987575,12259.266996992066
Tactical Aggressive,2015-02,48.31573091780529,12307.582727909872
Tactical Aggressive,2015-03,326.530302346452,12634.113030256323
Tactical Aggressive,2015-04,48.713468857784285,12682.826499114108
Tactical Aggressive,2015-05,48.91233782777378,12731.738836941882
Tactical Aggressive,2015-06,783.4630681758965,13515.201905117778
Tactical Aggressive,2015-07,48.91233782777378,13564.114242945552
Tactical Aggressive,2015-08,49.11120679776328,13613.225449743315
Tactical Aggressive,2015-09,445.99035195708626,14059.215801700402
Tactical Aggressive,2015-10,49.90668267772127,14109.122484378124
Tactical Aggressive,2015-11,49.31007576775278,14158.432560145875
Tactical Aggressive,2015-12,1057.361018235375,15215.79357838125
Tactical Aggressive,2016-01,49.72946237819274,15265.523040759444
Tactical Aggressive,2016-02,49.72946237819274,15315.252503137637
Tactical Aggressive,2016-03,648.9414168393802,15964.193919977017
Tactical Aggressive,2016-04,50.34217464481344,16014.53609462183
Tactical Aggressive,2016-05,50.34217464481344,16064.878269266643
Tactical Aggressive,2016-06,818.1621832155681,16883.04045248221
Tactical Aggressive,2016-07,50.34217464481344,16933.382627127026
Tactical Aggressive,2016-08,50.54641206702034,16983.929039194045
Tactical Aggressive,2016-09,686.5615123142552,17670.4905515083
Tactical Aggressive,2016-10,50.34217464481344,17720.832726153116
Tactical Aggressive,2016-11,50.54641206702034,17771.379138220134
Tactical Aggressive,2016-12,1390.9293187708,19162.308456990933
Tactical Aggressive,2017-01,48.905443392148115,19211.21390038308
Tactical Aggressive,2017-02,49.5534971644713,19260.767397547555
Tactical Aggressive,2017-03,370.25625572707884,19631.02365327463
Tactical Aggressive,2017-04,51.95304072706537,19682.976694001696
Tactical Aggressive,2017-05,49.98553301268676,19732.962227014385
Tactical Aggressive,2017-06,658.8957145915433,20391.85794160593
Tactical Aggressive,2017-07,49.98553301268676,20441.843474618614
Tactical Aggressive,2017-08,49.76951508857903,20491.612989707195
Tactical Aggressive,2017-09,831.1005490394651,21322.71353874666
Tactical Aggressive,2017-10,49.98553301268676,21372.699071759347
Tactical Aggressive,2017-11,49.98553301268676,21422.684604772032
Tactical Aggressive,2017-12,1420.8360925760046,22843.520697348038
Tactical Aggressive,2018-01,53.76964880606951,22897.290346154106
Tactical Aggressive,2018-02,54.01279766564561,22951.30314381975
Tactical Aggressive,2018-03,363.4180066495703,23314.721150469322
Tactical Aggressive,2018-04,55.471690823102236,23370.192841292424
Tactical Aggressive,2018-05,54.49909538479781,23424.691936677224
Tactical Aggressive,2018-06,706.9874270382646,24131.679363715488
Tactical Aggressive,2018-07,54.49909538479781,24186.178459100283
Tactical Aggressive,2018-08,57.025636391638784,24243.204095491925
Tactical Aggressive,2018-09,844.8700164028389,25088.074111894763
Tactical Aggressive,2018-10,54.74224424437392,25142.816356139137
Tactical Aggressive,2018-11,54.74224424437392,25197.55860038351
Tactical Aggressive,2018-12,1483.06324162994,26680.62184201345
Tactical Aggressive,2019-01,69.22112124801353,26749.842963261464
Tactical Aggressive,2019-02,67.82263843363602,26817.6656016951
Tactical Aggressive,2019-03,329.5402820538187,27147.20588374892
Tactical Aggressive,2019-04,69.05084584040729,27216.256729589328
Tactical Aggressive,2019-05,66.80516001842113,27283.061889607747
Tactical Aggressive,2019-06,717.6186567136759,28000.680546321422
Tactical Aggressive,2019-07,65.87031214756757,28066.550858468992
Tactical Aggressive,2019-08,65.87031214756757,28132.42117061656
Tactical Aggressive,2019-09,355.5411579597958,28487.962328576356
Tactical Aggressive,2019-10,244.89688628406256,28732.859214860415
Tactical Aggressive,2019-11,63.570932913850854,28796.430147774267
Tactical Aggressive,2019-12,856.3772465623133,29652.80739433658
Tactical Aggressive,2020-01,67.59864381300574,29720.406038149587
Tactical Aggressive,2020-02,69.31388785029509,29789.71992599988
Tactical Aggressive,2020-03,399.51622673977437,30189.236152739657
Tactical Aggressive,2020-04,66.99779071712237,30256.233943456777
Tactical Aggressive,2020-05,67.04282475282245,30323.276768209602
Tactical Aggressive,2020-06,472.2046377947829,30795.481406004383
Tactical Aggressive,2020-07,66.41026144471141,30861.891667449094
Tactical Aggressive,2020-08,56.82286393576583,30918.71453138486
Tactical Aggressive,2020-09,483.283541735848,31401.99807312071
Tactical Aggressive,2020-10,144.73345997261936,31546.731533093327
Tactical Aggressive,2020-11,53.6232274630404,31600.35476055637
Tactical Aggressive,2020-12,869.3498700790328,32469.704630635402
Tactical Aggressive,2021-01,65.73565543268735,32535.44028606809
Tactical Aggressive,2021-02,76.89244649831589,32612.332732566403
Tactical Aggressive,2021-03,931.6789953865415,33544.011727952944
Tactical Aggressive,2021-04,65.87104005529548,33609.88276800824
Tactical Aggressive,2021-05,64.20140939953951,33674.08417740778
Tactical Aggressive,2021-06,639.7768685999271,34313.86104600771
Tactical Aggressive,2021-07,63.890825844950584,34377.75187185266
Tactical Aggressive,2021-08,63.74650892126289,34441.49838077392
Tactical Aggressive,2021-09,562.566758111967,35004.06513888589
Tactical Aggressive,2021-10,45.456457365370085,35049.52159625126
Tactical Aggressive,2021-11,45.456457365370085,35094.97805361663
Tactical Aggressive,2021-12,1724.3971115743013,36819.37516519093
Tactical Aggressive,2022-01,58.42845898458837,36877.80362417552
Tactical Aggressive,2022-02,80.33289726237535,36958.1365214379
Tactical Aggressive,2022-03,934.6165710071772,37892.75309244507
Tactical Aggressive,2022-04,80.37554592636047,37973.12863837143
Tactical Aggressive,2022-05,81.563915272402,38054.692553643836
Tactical Aggressive,2022-06,1320.160308790105,39374.85286243394
Tactical Aggressive,2022-07,95.30970034365781,39470.162562777594
Tactical Aggressive,2022-08,96.08718086583914,39566.249743643435
Tactical Aggressive,2022-09,1273.0745893100348,40839.32433295347
Tactical Aggressive,2022-10,106.86037305755458,40946.18470601102
Tactical Aggressive,2022-11,107.56260692067536,41053.7473129317
Tactical Aggressive,2022-12,1687.672674088073,42741.41998701978
Tactical Aggressive,2023-01,87.41031656665915,42828.83030358643
Tactical Aggressive,2023-02,111.7472078623226,42940.577511448755
Tactical Aggressive,2023-03,593.4721788711558,43534.04969031991
Tactical Aggressive,2023-04,116.36322631342341,43650.41291663334
Tactical Aggressive,2023-05,116.04083363610765,43766.453750269444
Tactical Aggressive,2023-06,962.9198535007407,44729.37360377018
Tactical Aggressive,2023-07,116.6919777651919,44846.065581535375
Tactical Aggressive,2023-08,117.72943691148583,44963.79501844686
Tactical Aggressive,2023-09,777.3537326341913,45741.148751081055
Tactical Aggressive,2023-10,121.58662184372712,45862.73537292478
Tactical Aggressive,2023-11,121.08453694626658,45983.81990987105
Tactical Aggressive,2023-12,1359.5643307816708,47343.38424065272
Tactical Aggressive,2024-01,90.38223712792032,47433.766477780635
Tactical Aggressive,2024-02,140.96476628136662,47574.731244062
Tactical Aggressive,2024-03,725.1379065531047,48299.86915061511
Tactical Aggressive,2024-04,144.96885864074142,48444.83800925585
Tactical Aggressive,2024-05,145.95199971151186,48590.790008967364
Tactical Aggressive,2024-06,974.6523562066856,49565.44236517404
Tactical Aggressive,2024-07,142.15468333858584,49707.59704851263
Tactical Aggressive,2024-08,141.97244359449854,49849.56949210713
Tactical Aggressive,2024-09,1553.699237492852,51403.268729599986
Tactical Aggressive,2024-10,142.01338031948418,51545.28210991947
Tactical Aggressive,2024-11,141.36573229123624,51686.6478422107
Tactical Aggressive,2024-12,1516.0374198968268,53202.68526210753
Tactical Aggressive,2025-01,100.01038106491082,53302.69564317244
Tactical Aggressive,2025-02,152.28595680307774,53454.981599975516
Tactical Aggressive,2025-03,1418.2249803322352,54873.20658030776
Tactical Aggressive,2025-04,153.92324518397197,55027.12982549173
Tactical Aggressive,2025-05,160.4752880558166,55187.60511354754
Tactical Aggressive,2025-06,1089.8311037793792,56277.43621732692
Tactical Aggressive,2025-07,156.10682802602162,56433.54304535294
Tactical Aggressive,2025-08,160.5377059295634,56594.080751282505
Tactical Aggressive,2025-09,969.7051501822996,57563.785901464806
Tactical Aggressive,2025-10,157.48422748859787,57721.2701289534
Tactical Aggressive,2025-11,155.3811271176145,57876.65125607102
Tactical Aggressive,2025-12,2594.328201848479,60470.9794579195
Tactical Aggressive,2026-01,109.98694426498818,60580.96640218449
Tactical Aggressive,2026-02,156.70576179272405,60737.67216397721
Tactical Aggressive,2026-03,1463.1083284164786,62200.780492393686
Tactical Aggressive,2026-04,163.70170513640898,62364.482197530095
Tactical Aggressive,2026-05,166.30225316453087,62530.78445069463
Tactical Aggressive,2026-06,1641.6895350881293,64172.47398578276
Tactical Aggressive,2026-07,166.09571254200702,64338.56969832476
Tactical Aggressive,2026-08,166.13282998936631,64504.702528314134
Tactical Aggressive,2026-09,482.1247001773956,64986.82722849153
Tactical Aggressive,2026-10,62.43013484547235,65049.257363337
Tactical Balanced,2011-01,213.45964998305203,213.45964998305203
Tactical Balanced,2011-02,203.05796798513418,416.5176179681862
Tactical Balanced,2011-03,450.1761931255195,866.6938110937057
Tactical Balanced,2011-04,196.82514675095572,1063.5189578446614
Tactical Balanced,2011-05,210.3432393659628,1273.8621972106241
Tactical Balanced,2011-06,486.8861948156065,1760.7483920262307
Tactical Balanced,2011-07,200.9530676918339,1961.7014597180646
Tactical Balanced,2011-08,203.05796798513418,2164.759427703199
Tactical Balanced,2011-09,332.94219565304866,2497.701623356247
Tactical Balanced,2011-10,212.40719983640187,2710.108823192649
Tactical Balanced,2011-11,200.9530676918339,2911.061890884483
Tactical Balanced,2011-12,1595.6250681820475,4506.68695906653
Tactical Balanced,2012-01,138.5361532063859,4645.223112272916
Tactical Balanced,2012-02,137.8412453029096,4783.064357575826
Tactical Balanced,2012-03,223.7605535204346,5006.824911096261
Tactical Balanced,2012-04,138.52819914408474,5145.353110240346
Tactical Balanced,2012-05,136.45142949595711,5281.804539736302
Tactical Balanced,2012-06,392.0397341332016,5673.844273869504
Tactical Balanced,2012-07,139.22310704756097,5813.067380917065
Tactical Balanced,2012-08,125.37267335184286,5938.440054268908
Tactical Balanced,2012-09,436.9038086643355,6375.343862933243
Tactical Balanced,2012-10,134.36670578552832,6509.710568718772
Tactical Balanced,2012-11,126.05962719301793,6635.770195911789
Tactical Balanced,2012-12,1224.164886317023,7859.9350822288125
Tactical Balanced,2013-01,104.59698649788552,7964.5320687266985
Tactical Balanced,2013-02,103.63411914318333,8068.1661878698815
Tactical Balanced,2013-03,279.3156913569798,8347.481879226862
Tactical Balanced,2013-04,103.63411914318333,8451.115998370045
Tactical Balanced,2013-05,97.32765973524562,8548.44365810529
Tactical Balanced,2013-06,381.75925327487505,8930.202911380165
Tactical Balanced,2013-07,104.24786664046555,9034.450778020631
Tactical Balanced,2013-08,97.94140723252784,9132.392185253158
Tactical Balanced,2013-09,245.32052656114192,9377.7127118143
Tactical Balanced,2013-10,106.70285662959442,9484.415568443896
Tactical Balanced,2013-11,101.09463693649668,9585.510205380391
Tactical Balanced,2013-12,587.3647239909756,10172.874929371368
Tactical Balanced,2014-01,75.29284101055953,10248.167770381926
Tactical Balanced,2014-02,76.98079079153109,10325.148561173459
Tactical Balanced,2014-03,184.79263155707304,10509.941192730532
Tactical Balanced,2014-04,77.67771262488361,10587.618905355415
Tactical Balanced,2014-05,76.7793829319881,10664.398288287402
Tactical Balanced,2014-06,279.4648113045886,10943.863099591992
Tactical Balanced,2014-07,80.15528249393121,11024.018382085922
Tactical Balanced,2014-08,76.28386895817857,11100.3022510441
Tactical Balanced,2014-09,181.24812108646466,11281.550372130565
Tactical Balanced,2014-10,78.66874057250266,11360.21911270307
Tactical Balanced,2014-11,78.17322659869313,11438.392339301761
Tactical Balanced,2014-12,422.3105680012295,11860.702907302992
Tactical Balanced,2015-01,91.55398349588773,11952.256890798879
Tactical Balanced,2015-02,87.74875459579138,12040.00564539467
Tactical Balanced,2015-03,146.90276266639685,12186.908408061066
Tactical Balanced,2015-04,88.47110750706216,12275.37951556813
Tactical Balanced,2015-05,88.83228396269756,12364.211799530827
Tactical Balanced,2015-06,244.78992425816108,12609.001723788988
Tactical Balanced,2015-07,88.83228396269756,12697.834007751686
Tactical Balanced,2015-08,89.19346041833296,12787.027468170018
Tactical Balanced,2015-09,172.67692802500187,12959.70439619502
Tactical Balanced,2015-10,90.63816624087454,13050.342562435895
Tactical Balanced,2015-11,89.55463687396835,13139.897199309864
Tactical Balanced,2015-12,503.6739266031929,13643.571125913057
Tactical Balanced,2016-01,76.8679732067261,13720.439099119782
Tactical Balanced,2016-02,76.8679732067261,13797.307072326508
Tactical Balanced,2016-03,173.94601072787816,13971.253083054386
Tactical Balanced,2016-04,77.8150566426147,14049.068139697001
Tactical Balanced,2016-05,77.8150566426147,14126.883196339615
Tactical Balanced,2016-06,203.56208109381225,14330.445277433428
Tactical Balanced,2016-07,77.8150566426147,14408.260334076043
Tactical Balanced,2016-08,78.13075112124426,14486.391085197287
Tactical Balanced,2016-09,185.82939078786563,14672.220475985152
Tactical Balanced,2016-10,77.8150566426147,14750.035532627768
Tactical Balanced,2016-11,78.13075112124426,14828.166283749011
Tactical Balanced,2016-12,305.56183400791036,15133.728117756922
Tactical Balanced,2017-01,62.54686174495332,15196.274979501875
Tactical Balanced,2017-02,63.37568011136244,15259.650659613239
Tactical Balanced,2017-03,104.24496039114618,15363.895620004383
Tactical Balanced,2017-04,66.44453930270271,15430.340159307087
Tactical Balanced,2017-05,63.928225688968524,15494.268384996056
Tactical Balanced,2017-06,143.41606463684406,15637.6844496329
Tactical Balanced,2017-07,63.928225688968524,15701.612675321867
Tactical Balanced,2017-08,63.65195290016549,15765.264628222034
Tactical Balanced,2017-09,172.56789813871217,15937.832526360746
Tactical Balanced,2017-10,63.928225688968524,16001.760752049713
Tactical Balanced,2017-11,63.928225688968524,16065.688977738682
Tactical Balanced,2017-12,267.3741682865391,16333.06314602522
Tactical Balanced,2018-01,55.465834187987284,16388.52898021321
Tactical Balanced,2018-02,55.71665327696604,16444.245633490176
Tactical Balanced,2018-03,87.54555309376681,16531.79118658394
Tactical Balanced,2018-04,57.22156781083863,16589.012754394782
Tactical Balanced,2018-05,56.21829145492357,16645.231045849705
Tactical Balanced,2018-06,125.17742495085554,16770.40847080056
Tactical Balanced,2018-07,56.21829145492357,16826.626762255484
Tactical Balanced,2018-08,58.8245332226543,16885.45129547814
Tactical Balanced,2018-09,138.32694086983588,17023.778236347975
Tactical Balanced,2018-10,56.46911054390234,17080.247346891876
Tactical Balanced,2018-11,56.46911054390234,17136.716457435778
Tactical Balanced,2018-12,216.47752001634703,17353.193977452123
Tactical Balanced,2019-01,61.21532045886232,17414.40929791099
Tactical Balanced,2019-02,59.97857982110808,17474.387877732097
Tactical Balanced,2019-03,83.02115755205966,17557.409035284156
Tactical Balanced,2019-04,61.06473833226641,17618.47377361642
Tactical Balanced,2019-05,59.07877834253638,17677.552551958957
Tactical Balanced,2019-06,116.76803821209373,17794.32059017105
Tactical Balanced,2019-07,58.252050734505495,17852.572640905557
Tactical Balanced,2019-08,58.252050734505495,17910.824691640064
Tactical Balanced,2019-09,80.04636706951601,17990.871058709577
Tactical Balanced,2019-10,76.42438518755414,18067.295443897132
Tactical Balanced,2019-11,56.218607269409034,18123.51405116654
Tactical Balanced,2019-12,200.7072307159685,18324.22128188251
Tactical Balanced,2020-01,58.053997998001016,18382.275279880512
Tactical Balanced,2020-02,59.527056750219955,18441.80233663073
Tactical Balanced,2020-03,86.20880975303041,18528.01114638376
Tactical Balanced,2020-04,57.53798284654327,18585.549129230305
Tactical Balanced,2020-05,57.57665826473076,18643.125787495035
Tactical Balanced,2020-06,90.96901707344392,18734.094804568478
Tactical Balanced,2020-07,57.03341025040265,18791.128214818884
Tactical Balanced,2020-08,48.79971317609417,18839.927927994977
Tactical Balanced,2020-09,85.09485382471149,18925.022781819687
Tactical Balanced,2020-10,124.29770068667618,19049.320482506362
Tactical Balanced,2020-11,46.051851992728324,19095.372334499094
Tactical Balanced,2020-12,239.88529719691175,19335.257631696004
Tactical Balanced,2021-01,53.04084569751577,19388.29847739352
Tactical Balanced,2021-02,62.04304746300037,19450.34152485652
Tactical Balanced,2021-03,124.40427784928904,19574.74580270581
Tactical Balanced,2021-04,53.15008496546416,19627.895887671275
Tactical Balanced,2021-05,51.802891856931495,19679.698779528204
Tactical Balanced,2021-06,96.85328046371943,19776.552059991925
Tactical Balanced,2021-07,51.55228791472229,19828.104347906647
Tactical Balanced,2021-08,51.43584134352019,19879.540189250165
Tactical Balanced,2021-09,89.2617106055088,19968.801899855676
Tactical Balanced,2021-10,36.67794783823506,20005.47984769391
Tactical Balanced,2021-11,36.67794783823506,20042.157795532145
Tactical Balanced,2021-12,292.9029088425007,20335.060704374646
Tactical Balanced,2022-01,42.49520253471446,20377.55590690936
Tactical Balanced,2022-02,58.42636959269272,20435.982276502054
Tactical Balanced,2022-03,122.32528292842726,20558.30755943048
Tactical Balanced,2022-04,58.457388100546254,20616.764947531028
Tactical Balanced,2022-05,59.32169287468725,20676.086640405716
Tactical Balanced,2022-06,159.84497502942708,20835.93161543514
Tactical Balanced,2022-07,69.31904571871391,20905.250661153856
Tactical Balanced,2022-08,69.88450975509396,20975.13517090895
Tactical Balanced,2022-09,166.68653104311937,21141.821701952067
Tactical Balanced,2022-10,77.71988642065187,21219.541588372722
Tactical Balanced,2022-11,78.23062332452818,21297.772211697247
Tactical Balanced,2022-12,281.18731987130667,21578.959531568555
Tactical Balanced,2023-01,62.97959745167227,21641.93912902023
Tactical Balanced,2023-02,80.5144569194003,21722.453585939627
Tactical Balanced,2023-03,115.31771181878459,21837.771297758412
Tactical Balanced,2023-04,83.84032273591548,21921.61162049433
Tactical Balanced,2023-05,83.60803709920543,22005.219657593534
Tactical Balanced,2023-06,142.44162805368148,22147.661285647217
Tactical Balanced,2023-07,84.07718990339956,22231.738475550614
Tactical Balanced,2023-08,84.82468472978337,22316.5631602804
Tactical Balanced,2023-09,130.45928253346176,22447.02244281386
Tactical Balanced,2023-10,87.60380696467377,22534.626249778532
Tactical Balanced,2023-11,87.24205212873844,22621.86830190727
Tactical Balanced,2023-12,223.07954965231875,22844.94785155959
Tactical Balanced,2024-01,61.81683383385313,22906.764685393442
Tactical Balanced,2024-02,96.41270022239041,23003.177385615832
Tactical Balanced,2024-03,137.30585940174427,23140.483245017578
Tactical Balanced,2024-04,99.15129488324784,23239.634539900828
Tactical Balanced,2024-05,99.82371316075782,23339.458253061584
Tactical Balanced,2024-06,151.67704829420683,23491.13530135579
Tactical Balanced,2024-07,97.22654271334449,23588.361844069135
Tactical Balanced,2024-08,97.10190003646292,23685.463744105597
Tactical Balanced,2024-09,198.33063027181313,23883.794374377412
Tactical Balanced,2024-10,97.12989866546961,23980.92427304288
Tactical Balanced,2024-11,96.68694049340797,24077.61121353629
Tactical Balanced,2024-12,228.99363506400968,24306.6048486003
Tactical Balanced,2025-01,65.38296567236432,24371.987814272663
Tactical Balanced,2025-02,99.55873960300534,24471.54655387567
Tactical Balanced,2025-03,191.21889341991726,24662.765447295584
Tactical Balanced,2025-04,100.6291361844791,24763.394583480065
Tactical Balanced,2025-05,104.91261145586752,24868.307194935933
Tactical Balanced,2025-06,159.38312263132602,25027.69031756726
Tactical Balanced,2025-07,102.05667921035592,25129.746996777612
Tactical Balanced,2025-08,104.95341787669176,25234.700414654304
Tactical Balanced,2025-09,153.6094679329858,25388.30988258729
Tactical Balanced,2025-10,102.95717034757399,25491.267052934865
Tactical Balanced,2025-11,101.58224368598779,25592.849296620854
Tactical Balanced,2025-12,345.2763479936777,25938.12564461453
Tactical Balanced,2026-01,69.22851860665895,26007.35416322119
Tactical Balanced,2026-02,98.6345044726517,26105.98866769384
Tactical Balanced,2026-03,197.8683989332854,26303.857066627126
Tactical Balanced,2026-04,103.03792523477934,26406.894991861907
Tactical Balanced,2026-05,104.67477485139021,26511.569766713295
Tactical Balanced,2026-06,210.87321280513024,26722.442979518426
Tactical Balanced,2026-07,104.54477304594887,26826.987752564375
Tactical Balanced,2026-08,104.56813569060016,26931.555888254978
Tactical Balanced,2026-09,69.29027575915323,27000.84616401413
Tactical Balanced,2026-10,39.295079799228574,27040.14124381336
Tactical Conservative,2011-01,298.8435099762728,298.8435099762728
Tactical Conservative,2011-02,284.28115517918775,583.1246651554605
Tactical Conservative,2011-03,433.3940503807391,1016.5187155361996
Tactical Conservative,2011-04,275.55520545133794,1292.0739209875376
Tactical Conservative,2011-05,294.48053511234787,1586.5544560998856
Tactical Conservative,2011-06,453.73613116015105,2040.2905872600365
Tactical Conservative,2011-07,281.3342947685674,2321.6248820286037
Tactical Conservative,2011-08,284.28115517918775,2605.9060372077915
Tactical Conservative,2011-09,354.7323062989223,2960.638343506714
Tactical Conservative,2011-10,297.37007977096255,3258.0084232776767
Tactical Conservative,2011-11,281.3342947685674,3539.342718046244
Tactical Conservative,2011-12,1745.8259302168753,5285.168648263119
Tactical Conservative,2012-01,164.1752463352364,5449.343894598356
Tactical Conservative,2012-02,163.3517307864572,5612.695625384813
Tactical Conservative,2012-03,204.64696899608947,5817.3425943809025
Tactical Conservative,2012-04,164.1658202027256,5981.508414583628
Tactical Conservative,2012-05,161.70469968889878,6143.213114272527
Tactical Conservative,2012-06,288.23158787902076,6431.444702151548
Tactical Conservative,2012-07,164.9893357515048,6596.434037903053
Tactical Conservative,2012-08,148.5755815709855,6745.009619474038
Tactical Conservative,2012-09,318.98505043691307,7063.994669910951
Tactical Conservative,2012-10,159.23415304256116,7223.2288229535125
Tactical Conservative,2012-11,149.3896709872539,7372.618493940766
Tactical Conservative,2012-12,957.0021569961241,8329.62065093689
Tactical Conservative,2013-01,99.79564236871217,8429.416293305603
Tactical Conservative,2013-02,98.87697377800367,8528.293267083605
Tactical Conservative,2013-03,170.71292215104324,8699.00618923465
Tactical Conservative,2013-04,98.87697377800367,8797.883163012653
Tactical Conservative,2013-05,92.86000150414114,8890.743164516794
Tactical Conservative,2013-06,215.51526726736938,9106.258431784163
Tactical Conservative,2013-07,99.4625482557608,9205.720980039925
Tactical Conservative,2013-08,93.44557598189826,9299.166556021823
Tactical Conservative,2013-09,159.72566335624677,9458.892219378069
Tactical Conservative,2013-10,101.8048461667893,9560.697065544859
Tactical Conservative,2013-11,96.45406211882953,9657.151127663688
Tactical Conservative,2013-12,335.5689328891095,9992.720060552798
Tactical Conservative,2014-01,58.30975516373406,10051.02981571653
Tactical Conservative,2014-02,59.61697026062922,10110.64678597716
Tactical Conservative,2014-03,98.69634206719284,10209.343128044353
Tactical Conservative,2014-04,60.1566941032366,10269.49982214759
Tactical Conservative,2014-05,59.46099204516572,10328.960814192757
Tactical Conservative,2014-06,128.97376734595252,10457.934581538708
Tactical Conservative,2014-07,62.07542223895603,10520.010003777665
Tactical Conservative,2014-08,59.07724641802183,10579.087250195686
Tactical Conservative,2014-09,95.4982526225282,10674.585502818214
Tactical Conservative,2014-10,60.92418535752437,10735.509688175738
Tactical Conservative,2014-11,60.54043973038049,10796.050127906119
Tactical Conservative,2014-12,250.60456358364098,11046.65469148976
Tactical Conservative,2015-01,58.66948370143841,11105.3241751912
Tactical Conservative,2015-02,56.23102273655343,11161.555197927752
Tactical Conservative,2015-03,72.60912804516292,11234.164325972915
Tactical Conservative,2015-04,56.69391982454733,11290.858245797463
Tactical Conservative,2015-05,56.925368368544284,11347.783614166006
Tactical Conservative,2015-06,100.15379582984447,11447.937409995851
Tactical Conservative,2015-07,56.925368368544284,11504.862778364395
Tactical Conservative,2015-08,57.15681691254123,11562.019595276937
Tactical Conservative,2015-09,80.08442321992825,11642.104018496864
Tactical Conservative,2015-10,58.082611088529035,11700.186629585394
Tactical Conservative,2015-11,57.38826545653818,11757.574895041933
Tactical Conservative,2015-12,256.3026443988963,12013.87753944083
Tactical Conservative,2016-01,43.4001907530094,12057.277730193839
Tactical Conservative,2016-02,43.4001907530094,12100.677920946848
Tactical Conservative,2016-03,67.19615063441171,12167.874071581258
Tactical Conservative,2016-04,43.93492062894926,12211.808992210208
Tactical Conservative,2016-05,43.93492062894926,12255.743912839158
Tactical Conservative,2016-06,74.05692158379347,12329.800834422951
Tactical Conservative,2016-07,43.93492062894926,12373.735755051901
Tactical Conservative,2016-08,44.11316392092921,12417.84891897283
Tactical Conservative,2016-09,70.07162440296,12487.920543375789
Tactical Conservative,2016-10,43.93492062894926,12531.855464004739
Tactical Conservative,2016-11,44.11316392092921,12575.968627925668
Tactical Conservative,2016-12,103.62720953454772,12679.595837460216
Tactical Conservative,2017-01,31.526053669072727,12711.121891129289
Tactical Conservative,2017-02,31.943810396946212,12743.065701526235
Tactical Conservative,2017-03,40.931402344366305,12783.9971038706
Tactical Conservative,2017-04,33.49063491971016,12817.48773879031
Tactical Conservative,2017-05,32.22231488219521,12849.710053672507
Tactical Conservative,2017-06,49.39301451076972,12899.103068183276
Tactical Conservative,2017-07,32.22231488219521,12931.32538306547
Tactical Conservative,2017-08,32.08306263957071,12963.408445705041
Tactical Conservative,2017-09,55.6902970046495,13019.098742709692
Tactical Conservative,2017-10,32.22231488219521,13051.321057591887
Tactical Conservative,2017-11,32.22231488219521,13083.543372474081
Tactical Conservative,2017-12,81.31428633513124,13164.857658809213
Tactical Conservative,2018-01,24.512640961352723,13189.370299770566
Tactical Conservative,2018-02,24.623488266985092,13213.993788037551
Tactical Conservative,2018-03,30.77867273168187,13244.772460769233
Tactical Conservative,2018-04,25.28857210077929,13270.061032870011
Tactical Conservative,2018-05,24.845182878249823,13294.906215748262
Tactical Conservative,2018-06,37.9062771933764,13332.812492941639
Tactical Conservative,2018-07,24.845182878249823,13357.657675819888
Tactical Conservative,2018-08,25.996988663669725,13383.654664483558
Tactical Conservative,2018-09,39.67037184712741,13423.325036330685
Tactical Conservative,2018-10,24.95603018388219,13448.281066514568
Tactical Conservative,2018-11,24.95603018388219,13473.237096698449
Tactical Conservative,2018-12,56.022262706863984,13529.259359405314
Tactical Conservative,2019-01,24.811041698675744,13554.070401103989
Tactical Conservative,2019-02,24.30978117592167,13578.38018227991
Tactical Conservative,2019-03,28.758782886260953,13607.138965166172
Tactical Conservative,2019-04,24.750009600925686,13631.888974767098
Tactical Conservative,2019-05,23.945084694092827,13655.834059461191
Tactical Conservative,2019-06,33.74944867671755,13689.583508137908
Tactical Conservative,2019-07,23.61000561580743,13713.193513753715
Tactical Conservative,2019-08,23.61000561580743,13736.803519369523
Tactical Conservative,2019-09,27.249282578174835,13764.052801947697
Tactical Conservative,2019-10,26.543647861811124,13790.596449809509
Tactical Conservative,2019-11,22.78583529004213,13813.382285099551
Tactical Conservative,2019-12,67.37685122352194,13880.759136323073
Tactical Conservative,2020-01,23.25211722794826,13904.011253551022
Tactical Conservative,2020-02,23.84211509151365,13927.853368642534
Tactical Conservative,2020-03,27.944361497848814,13955.797730140384
Tactical Conservative,2020-04,23.04543990671526,13978.8431700471
Tactical Conservative,2020-05,23.060930405019377,14001.904100452119
Tactical Conservative,2020-06,28.566726153596285,14030.470826605715
Tactical Conservative,2020-07,22.843345622771615,14053.314172228485
Tactical Conservative,2020-08,19.54553847436768,14072.859710702854
Tactical Conservative,2020-09,25.503135039991992,14098.362845742846
Tactical Conservative,2020-10,49.78442152477662,14148.147267267623
Tactical Conservative,2020-11,18.4449494957421,14166.592216763365
Tactical Conservative,2020-12,83.59581735678722,14250.188034120152
Tactical Conservative,2021-01,20.38650484662927,14270.57453896678
Tactical Conservative,2021-02,23.846544510570407,14294.421083477351
Tactical Conservative,2021-03,31.944367745002438,14326.365451222355
Tactical Conservative,2021-04,20.428491486099016,14346.793942708453
Tactical Conservative,2021-05,19.910691317657637,14366.704634026111
Tactical Conservative,2021-06,27.250933009568925,14393.95556703568
Tactical Conservative,2021-07,19.81437048386913,14413.769937519548
Tactical Conservative,2021-08,19.76961368263479,14433.539551202184
Tactical Conservative,2021-09,25.680110255082173,14459.219661457266
Tactical Conservative,2021-10,14.0973461402335,14473.3170075975
Tactical Conservative,2021-11,14.0973461402335,14487.414353737733
Tactical Conservative,2021-12,83.66469711749083,14571.079050855224
Tactical Conservative,2022-01,15.459928804185678,14586.53897965941
Tactical Conservative,2022-02,21.255752657071973,14607.79473231648
Tactical Conservative,2022-03,30.370667755185277,14638.165400071666
Tactical Conservative,2022-04,21.267037317325936,14659.432437388992
Tactical Conservative,2022-05,21.581474935605836,14681.013912324599
Tactical Conservative,2022-06,37.82717575553988,14718.841088080138
Tactical Conservative,2022-07,25.21855286393707,14744.059640944075
Tactical Conservative,2022-08,25.424270997333927,14769.483911941408
Tactical Conservative,2022-09,41.49471306248409,14810.978625003892
Tactical Conservative,2022-10,28.274813133344413,14839.253438137237
Tactical Conservative,2022-11,28.46062131169461,14867.714059448932
Tactical Conservative,2022-12,78.51532112060113,14946.229380569534
Tactical Conservative,2023-01,22.66500050691837,14968.894381076452
Tactical Conservative,2023-02,28.97541871862203,14997.869799795073
Tactical Conservative,2023-03,34.73781463093087,15032.607614426004
Tactical Conservative,2023-04,30.172326184966238,15062.779940610972
Tactical Conservative,2023-05,30.088731587877504,15092.868672198849
Tactical Conservative,2023-06,38.95988976193988,15131.828561960789
Tactical Conservative,2023-07,30.257569576291793,15162.08613153708
Tactical Conservative,2023-08,30.5265768628485,15192.612708399929
Tactical Conservative,2023-09,37.3479188232533,15229.960627223181
Tactical Conservative,2023-10,31.526723091330094,15261.487350314512
Tactical Conservative,2023-11,31.396535318279525,15292.883885632791
Tactical Conservative,2023-12,62.94427862442825,15355.82816425722
Tactical Conservative,2024-01,21.57322635887808,15377.401390616098
Tactical Conservative,2024-02,33.64670878095405,15411.048099397052
Tactical Conservative,2024-03,40.31931554569088,15451.367414942742
Tactical Conservative,2024-04,34.6024407209412,15485.969855663683
Tactical Conservative,2024-05,34.8371054685334,15520.806961132217
Tactical Conservative,2024-06,42.155693175125265,15562.962654307343
Tactical Conservative,2024-07,33.93072863750339,15596.893382944845
Tactical Conservative,2024-08,33.887230054422126,15630.780612999268
Tactical Conservative,2024-09,48.23967241337509,15679.020285412644
Tactical Conservative,2024-10,33.89700119156776,15712.91728660421
Tactical Conservative,2024-11,33.74241487064611,15746.659701474857
Tactical Conservative,2024-12,62.006541084074385,15808.666242558931
Tactical Conservative,2025-01,22.197953938006215,15830.864196496937
Tactical Conservative,2025-02,33.80085765622555,15864.665054153164
Tactical Conservative,2025-03,47.664649905953404,15912.329704059117
Tactical Conservative,2025-04,34.16426445135349,15946.49396851047
Tactical Conservative,2025-05,35.61853294148805,15982.112501451958
Tactical Conservative,2025-06,42.768641165349976,16024.881142617309
Tactical Conservative,2025-07,34.648924851919105,16059.530067469228
Tactical Conservative,2025-08,35.63238699415324,16095.16245446338
Tactical Conservative,2025-09,42.246279985301385,16137.408734448682
Tactical Conservative,2025-10,34.95464761288585,16172.363382061567
Tactical Conservative,2025-11,34.48785081974303,16206.85123288131
Tactical Conservative,2025-12,83.11421226684303,16289.965445148153
Tactical Conservative,2026-01,22.97144985948775,16312.93689500764
Tactical Conservative,2026-02,32.728962276118935,16345.66585728376
Tactical Conservative,2026-03,47.3107036961796,16392.97656097994
Tactical Conservative,2026-04,34.19010807677041,16427.16666905671
Tactical Conservative,2026-05,34.73324852888867,16461.8999175856
Tactical Conservative,2026-06,49.36586657779142,16511.26578416339
Tactical Conservative,2026-07,34.69011124940554,16545.955895412797
Tactical Conservative,2026-08,34.69786345660271,16580.653758869397
Tactical Conservative,2026-09,17.441744505098118,16598.095503374498
Tactical Conservative,2026-10,13.038917681617463,16611.134421056115
Tactical Growth,2011-01,85.38385999322075,85.38385999322075
Tactical Growth,2011-02,81.22318719405361,166.60704718727436
Tactical Growth,2011-03,448.57905830696336,615.1861054942377
Tactical Growth,2011-04,78.73005870038224,693.91616419462
Tactical Growth,2011-05,84.13729574638506,778.053459941005
Tactical Growth,2011-06,506.50291822195766,1284.5563781629626
Tactical Growth,2011-07,80.38122707673351,1364.9376052396963
Tactical Growth,2011-08,81.22318719405361,1446.1607924337497
Tactical Growth,2011-09,288.20483628888053,1734.3656287226304
Tactical Growth,2011-10,84.96287993456069,1819.328508657191
Tactical Growth,2011-11,80.38122707673351,1899.7097357339246
Tactical Growth,2011-12,1352.410583576431,3252.1203193103556
Tactical Growth,2012-01,65.00575845994277,3317.1260777702983
Tactical Growth,2012-02,64.67968462087791,3381.8057623911764
Tactical Growth,2012-03,221.1290380046002,3602.9348003957766
Tactical Growth,2012-04,65.00202615006728,3667.936826545844
Tactical Growth,2012-05,64.02753694274821,3731.964363488592
Tactical Growth,2012-06,518.9809118843742,4250.9452753729665
Tactical Growth,2012-07,65.32809998913213,4316.273375362099
Tactical Growth,2012-08,58.829017067088046,4375.102392429187
Tactical Growth,2012-09,604.0361505672341,4979.13854299642
Tactical Growth,2012-10,63.04931542555365,5042.187858421974
Tactical Growth,2012-11,59.1513585962774,5101.3392170182515
Tactical Growth,2012-12,1562.5634603425983,6663.902677360849
Tactical Growth,2013-01,60.314647274541215,6724.217324635391
Tactical Growth,2013-02,59.75942090698035,6783.976745542372
Tactical Growth,2013-03,441.5407354728951,7225.517481015267
Tactical Growth,2013-04,59.75942090698035,7285.276901922247
Tactical Growth,2013-05,56.12287374174568,7341.399775663993
Tactical Growth,2013-06,666.3599810929348,8007.759756756927
Tactical Growth,2013-07,60.113331330728144,8067.873088087656
Tactical Growth,2013-08,56.47678416549347,8124.3498722531485
Tactical Growth,2013-09,364.2465513372689,8488.596423590418
Tactical Growth,2013-10,61.52897302571934,8550.125396616137
Tactical Growth,2013-11,58.29505774811081,8608.420454364248
Tactical Growth,2013-12,1035.3535962767473,9643.774050640995
Tactical Growth,2014-01,53.245277861558954,9697.019328502554
Tactical Growth,2014-02,54.4389551607272,9751.458283663282
Tactical Growth,2014-03,334.12709255338757,10085.58537621667
Tactical Growth,2014-04,54.931801441550064,10140.51717765822
Tactical Growth,2014-05,54.296524389077,10194.813702047297
Tactical Growth,2014-06,592.9726263788124,10787.78632842611
Tactical Growth,2014-07,56.68387898741347,10844.470207413522
Tactical Growth,2014-08,53.946108879904315,10898.416316293426
Tactical Growth,2014-09,331.90821087508493,11230.324527168512
Tactical Growth,2014-10,55.632632459895426,11285.957159628406
Tactical Growth,2014-11,55.28221695072275,11341.23937657913
Tactical Growth,2014-12,665.1474647183185,12006.386841297448
Tactical Growth,2015-01,77.71454163333746,12084.101382930785
Tactical Growth,2015-02,74.48451702393092,12158.585899954716
Tactical Growth,2015-03,265.2776227691704,12423.863522723886
Tactical Growth,2015-04,75.09767795099683,12498.961200674883
Tactical Growth,2015-05,75.40425841452979,12574.365459089413
Tactical Growth,2015-06,579.2034035708392,13153.568862660253
Tactical Growth,2015-07,75.40425841452979,13228.973121074783
Tactical Growth,2015-08,75.71083887806275,13304.683959952845
Tactical Growth,2015-09,347.6383906299847,13652.32235058283
Tactical Growth,2015-10,76.93716073219457,13729.259511315024
Tactical Growth,2015-11,76.01741934159571,13805.27693065662
Tactical Growth,2015-12,876.3975967480854,14681.674527404706
Tactical Growth,2016-01,73.24004154469492,14754.9145689494
Tactical Growth,2016-02,73.24004154469492,14828.154610494095
Tactical Growth,2016-03,465.9641055967126,15294.118716090808
Tactical Growth,2016-04,74.14242555844052,15368.26114164925
Tactical Growth,2016-05,74.14242555844052,15442.40356720769
Tactical Growth,2016-06,576.2286497010283,16018.632216908718
Tactical Growth,2016-07,74.14242555844052,16092.774642467159
Tactical Growth,2016-08,74.44322022968905,16167.217862696847
Tactical Growth,2016-09,490.58887618299843,16657.806738879844
Tactical Growth,2016-10,74.14242555844052,16731.949164438287
Tactical Growth,2016-11,74.44322022968905,16806.392384667975
Tactical Growth,2016-12,959.1627467729406,17765.555131440917
Tactical Growth,2017-01,68.86932416134871,17834.424455602264
Tactical Growth,2017-02,69.78192247810941,17904.206378080373
Tactical Growth,2017-03,270.8390666363227,18175.045444716696
Tactical Growth,2017-04,73.16099302709662,18248.206437743793
Tactical Growth,2017-05,70.39032135594988,18318.596759099742
Tactical Growth,2017-06,451.4906631276549,18770.0874222274
Tactical Growth,2017-07,70.39032135594988,18840.47774358335
Tactical Growth,2017-08,70.08612191702966,18910.56386550038
Tactical Growth,2017-09,559.268991111392,19469.83285661177
Tactical Growth,2017-10,70.39032135594988,19540.22317796772
Tactical Growth,2017-11,70.39032135594988,19610.61349932367
Tactical Growth,2017-12,939.2940169262536,20549.90751624992
Tactical Growth,2018-01,72.00172088197097,20621.909237131895
Tactical Growth,2018-02,72.3273160217702,20694.236553153663
Tactical Growth,2018-03,256.83020800328774,20951.06676115695
Tactical Growth,2018-04,74.28088686056563,21025.347648017516
Tactical Growth,2018-05,72.97850630136868,21098.326154318886
Tactical Growth,2018-06,461.3040044846706,21559.630158803557
Tactical Growth,2018-07,72.97850630136868,21632.608665104926
Tactical Growth,2018-08,76.36174023372202,21708.97040533865
Tactical Growth,2018-09,541.2896047763107,22250.26001011496
Tactical Growth,2018-10,73.30410144116792,22323.564111556127
Tactical Growth,2018-11,73.30410144116792,22396.868212997295
Tactical Growth,2018-12,925.5335581683119,23322.401771165605
Tactical Growth,2019-01,89.39301464434105,23411.794785809947
Tactical Growth,2019-02,87.58699659014638,23499.381782400094
Tactical Growth,2019-03,239.36652084590023,23738.748303245993
Tactical Growth,2019-04,89.17311887074936,23827.921422116742
Tactical Growth,2019-05,86.27301234326143,23914.194434460005
Tactical Growth,2019-06,459.0564217870522,24373.250856247058
Tactical Growth,2019-07,85.06573820636868,24458.316594453427
Tactical Growth,2019-08,85.06573820636868,24543.382332659792
Tactical Growth,2019-09,250.81246847641188,24794.194801136207
Tactical Growth,2019-10,187.03904877499838,24981.233849911205
Tactical Growth,2019-11,82.09629134092324,25063.33014125213
Tactical Growth,2019-12,605.4172369102259,25668.747378162352
Tactical Growth,2020-01,86.73974932754717,25755.4871274899
Tactical Growth,2020-02,88.94067865745518,25844.427806147356
Tactical Growth,2020-03,275.51979514112367,26119.94760128848
Tactical Growth,2020-04,85.96875979314505,26205.916361081625
Tactical Growth,2020-05,86.02654558214164,26291.942906663768
Tactical Growth,2020-06,316.26715975252716,26608.210066416294
Tactical Growth,2020-07,85.21486683114279,26693.424933247436
Tactical Growth,2020-08,72.91271978023566,26766.337653027673
Tactical Growth,2020-09,315.13136982792764,27081.4690228556
Tactical Growth,2020-10,185.71591572253155,27267.18493857813
Tactical Growth,2020-11,68.80708022996285,27335.992018808094
Tactical Growth,2020-12,649.6265632381221,27985.618582046216
Tactical Growth,2021-01,82.89381650235798,28068.512398548573
Tactical Growth,2021-02,96.96272606539374,28165.475124613968
Tactical Growth,2021-03,567.4334723586257,28732.908596972593
Tactical Growth,2021-04,83.06453889022876,28815.973135862823
Tactical Growth,2021-05,80.95910529724256,28896.932241160066
Tactical Growth,2021-06,403.2229809739938,29300.155222134057
Tactical Growth,2021-07,80.56745397782872,29380.722676111887
Tactical Growth,2021-08,80.3854678013525,29461.10814391324
Tactical Growth,2021-09,358.6841511922299,29819.792295105468
Tactical Growth,2021-10,57.32139142585567,29877.113686531324
Tactical Growth,2021-11,57.32139142585567,29934.43507795718
Tactical Growth,2021-12,1106.450318199319,31040.8853961565
Tactical Growth,2022-01,71.88554052792203,31112.77093668442
Tactical Growth,2022-02,98.83494862329138,31211.605885307712
Tactical Growth,2022-03,562.1305317446984,31773.736417052412
Tactical Growth,2022-04,98.887420009952,31872.623837062365
Tactical Growth,2022-05,100.34949130657034,31972.973328368935
Tactical Growth,2022-06,780.2115940858791,32753.184922454813
Tactical Growth,2022-07,117.26116768825449,32870.446090143065
Tactical Growth,2022-08,118.21771538022216,32988.66380552329
Tactical Growth,2022-09,766.2221644899488,33754.88597001324
Tactical Growth,2022-10,131.47215948796298,33886.358129501205
Tactical Growth,2022-11,132.33612991786535,34018.69425941907
Tactical Growth,2022-12,1079.5795810324037,35098.27384045147
Tactical Growth,2023-01,107.1114036840806,35205.38524413555
Tactical Growth,2023-02,136.9334966632025,35342.31874079876
Tactical Growth,2023-03,401.1015393407002,35743.42028013946
Tactical Growth,2023-04,142.58990239595119,35886.01018253541
Tactical Growth,2023-05,142.19484682858658,36028.20502936399
Tactical Growth,2023-06,602.4863062783229,36630.69133564232
Tactical Growth,2023-07,142.99274991836288,36773.68408556068
Tactical Growth,2023-08,144.26403813455062,36917.94812369523
Tactical Growth,2023-09,502.50882767597204,37420.4569513712
Tactical Growth,2023-10,148.99057967551826,37569.44753104672
Tactical Growth,2023-11,148.3753317248423,37717.82286277156
Tactical Growth,2023-12,871.560289082909,38589.38315185447
Tactical Growth,2024-01,109.2448954434692,38698.62804729794
Tactical Growth,2024-02,170.3839343102938,38869.01198160823
Tactical Growth,2024-03,486.94070629647246,39355.952687904704
Tactical Growth,2024-04,175.2236756692822,39531.176363573984
Tactical Growth,2024-05,176.41199703524362,39707.58836060923
Tactical Growth,2024-06,619.4384708994849,40327.026831508716
Tactical Growth,2024-07,171.82218554895624,40498.84901705767
Tactical Growth,2024-08,171.60191260129415,40670.45092965897
Tactical Growth,2024-09,926.1017847084943,41596.55271436746
Tactical Growth,2024-10,171.65139276889084,41768.20410713635
Tactical Growth,2024-11,170.86858141813863,41939.07268855449
Tactical Growth,2024-12,951.0689234976534,42890.141612052146
Tactical Growth,2025-01,119.41776471227166,43009.55937676442
Tactical Growth,2025-02,181.83760890471842,43191.39698566913
Tactical Growth,2025-03,856.4156767767846,44047.81266244592
Tactical Growth,2025-04,183.7926191401945,44231.60528158611
Tactical Growth,2025-05,191.6161101190643,44423.22139170518
Tactical Growth,2025-06,680.760352091394,45103.98174379657
Tactical Growth,2025-07,186.39993429373237,45290.3816780903
Tactical Growth,2025-08,191.69064041163557,45482.07231850194
Tactical Growth,2025-09,618.6724087839594,46100.7447272859
Tactical Growth,2025-10,188.0446232068761,46288.78935049277
Tactical Growth,2025-11,185.53340844502677,46474.3227589378
Tactical Growth,2025-12,1548.7322052576883,48023.054964195486
Tactical Growth,2026-01,129.99196763688582,48153.046931832374
Tactical Growth,2026-02,185.2082576855243,48338.2551895179
Tactical Growth,2026-03,874.0232599057325,49212.27844942363
Tactical Growth,2026-04,193.47666123832005,49405.75511066195
Tactical Growth,2026-05,196.55021107979337,49602.30532174175
Tactical Growth,2026-06,968.9608678425054,50571.266189584254
Tactical Growth,2026-07,196.30610372597747,50767.57229331023
Tactical Growth,2026-08,196.34997229645313,50963.92226560668
Tactical Growth,2026-09,294.99851718315114,51258.920782789835
Tactical Growth,2026-10,73.78526717540984,51332.70604996524
Tactical Growth Plus,2011-01,64.03789499491563,64.03789499491563
Tactical Growth Plus,2011-02,60.91739039554027,124.9552853904559
Tactical Growth Plus,2011-03,451.10144718467575,576.0567325751316
Tactical Growth Plus,2011-04,59.047544025286726,635.1042766004184
Tactical Growth Plus,2011-05,63.102971809788855,698.2072484102073
Tactical Growth Plus,2011-06,512.9086608810196,1211.115909291227
Tactical Growth Plus,2011-07,60.285920307550185,1271.401829598777
Tactical Growth Plus,2011-08,60.91739039554027,1332.3192199943173
Tactical Growth Plus,2011-09,282.00404654020235,1614.3232665345197
Tactical Growth Plus,2011-10,63.72215995092058,1678.0454264854402
Tactical Growth Plus,2011-11,60.285920307550185,1738.3313467929904
Tactical Growth Plus,2011-12,1313.7407935956383,3052.0721403886287
Tactical Growth Plus,2012-01,50.200854030293534,3102.2729944189223
Tactical Growth Plus,2012-02,49.94904272025276,3152.222037139175
Tactical Growth Plus,2012-03,221.63063516844733,3373.8526723076225
Tactical Growth Plus,2012-04,50.197971744974595,3424.050644052597
Tactical Growth Plus,2012-05,49.445420100171226,3473.496064152768
Tactical Growth Plus,2012-06,547.9074954416434,4021.4035595944115
Tactical Growth Plus,2012-07,50.44978305501537,4071.853342649427
Tactical Growth Plus,2012-08,45.430850566113584,4117.284193215541
Tactical Growth Plus,2012-09,639.1835319382844,4756.467725153825
Tactical Growth Plus,2012-10,48.68998617004891,4805.157711323874
Tactical Growth Plus,2012-11,45.679779590835416,4850.83749091471
Tactical Growth Plus,2012-12,1634.7313535757717,6485.568844490481
Tactical Growth Plus,2013-01,48.27463228988376,6533.843476780365
Tactical Growth Plus,2013-02,47.83024025672398,6581.673717037089
Tactical Growth Plus,2013-03,480.72121001120246,7062.394927048291
Tactical Growth Plus,2013-04,47.83024025672398,7110.225167305015
Tactical Growth Plus,2013-05,44.91962094384898,7155.144788248864
Tactical Growth Plus,2013-06,734.6097611331369,7889.754549382001
Tactical Growth Plus,2013-07,48.11350305178294,7937.868052433784
Tactical Growth Plus,2013-08,45.20288373890794,7983.070936172691
Tactical Growth Plus,2013-09,392.0519391729893,8375.122875345682
Tactical Growth Plus,2013-10,49.246554232018795,8424.3694295777
Tactical Growth Plus,2013-11,46.65819339534544,8471.027622973046
Tactical Growth Plus,2013-12,1140.3094743726183,9611.337097345664
Tactical Growth Plus,2014-01,44.13052208438034,9655.467619430045
Tactical Growth Plus,2014-02,45.11986056711927,9700.587479997163
Tactical Growth Plus,2014-03,371.6981482276268,10072.28562822479
Tactical Growth Plus,2014-04,45.528339300888085,10117.813967525679
Tactical Growth Plus,2014-05,45.00181170783551,10162.815779233513
Tactical Growth Plus,2014-06,676.2546846083953,10839.070463841908
Tactical Growth Plus,2014-07,46.98048867331337,10886.050952515223
Tactical Growth Plus,2014-08,44.71138183335045,10930.762334348572
Tactical Growth Plus,2014-09,370.20849659984015,11300.970830948412
Tactical Growth Plus,2014-10,46.1091990498582,11347.080029998271
Tactical Growth Plus,2014-11,45.81876917537314,11392.898799173645
Tactical Growth Plus,2014-12,720.0405766583593,12112.939375832004
Tactical Growth Plus,2015-01,66.52955139100644,12179.46892722301
Tactical Growth Plus,2015-02,63.76440494956433,12243.233332172575
Tactical Growth Plus,2015-03,295.0440209613145,12538.277353133888
Tactical Growth Plus,2015-04,64.28931728322584,12602.566670417114
Tactical Growth Plus,2015-05,64.5517734500566,12667.118443867172
Tactical Growth Plus,2015-06,675.2183522025811,13342.336796069752
Tactical Growth Plus,2015-07,64.5517734500566,13406.88856951981
Tactical Growth Plus,2015-08,64.81422961688733,13471.702799136696
Tactical Growth Plus,2015-09,394.60097225607547,13866.303771392772
Tactical Growth Plus,2015-10,65.86405428421034,13932.167825676983
Tactical Growth Plus,2015-11,65.07668578371809,13997.2445114607
Tactical Growth Plus,2015-12,965.32396544995,14962.56847691065
Tactical Growth Plus,2016-01,64.16460411220913,15026.73308102286
Tactical Growth Plus,2016-02,64.16460411220913,15090.897685135069
Tactical Growth Plus,2016-03,551.2538327012413,15642.15151783631
Tactical Growth Plus,2016-04,64.9551704715119,15707.106688307822
Tactical Growth Plus,2016-05,64.9551704715119,15772.061858779334
Tactical Growth Plus,2016-06,688.4350304942468,16460.49688927358
Tactical Growth Plus,2016-07,64.9551704715119,16525.452059745094
Tactical Growth Plus,2016-08,65.2186925912795,16590.670752336373
Tactical Growth Plus,2016-09,581.8161869656992,17172.48693930207
Tactical Growth Plus,2016-10,64.9551704715119,17237.442109773583
Tactical Growth Plus,2016-11,65.2186925912795,17302.660802364862
Tactical Growth Plus,2016-12,1158.4326720651288,18461.093474429992
Tactical Growth Plus,2017-01,61.718436187165395,18522.811910617158
Tactical Growth Plus,2017-02,62.53627695536508,18585.348187572523
Tactical Growth Plus,2017-03,317.56528575683336,18902.913473329354
Tactical Growth Plus,2017-04,65.56448948088658,18968.47796281024
Tactical Growth Plus,2017-05,63.081504134164874,19031.559466944407
Tactical Growth Plus,2017-06,546.9151944678265,19578.474661412234
Tactical Growth Plus,2017-07,63.081504134164874,19641.556165546397
Tactical Growth Plus,2017-08,62.80889054476498,19704.365056091163
Tactical Growth Plus,2017-09,683.7473629301716,20388.112419021334
Tactical Growth Plus,2017-10,63.081504134164874,20451.1939231555
Tactical Growth Plus,2017-11,63.081504134164874,20514.275427289664
Tactical Growth Plus,2017-12,1158.872510696664,21673.147937986327
Tactical Growth Plus,2018-01,66.19131395107277,21739.339251937403
Tactical Growth Plus,2018-02,66.4906341597484,21805.829886097148
Tactical Growth Plus,2018-03,306.5274834818216,22112.35736957897
Tactical Growth Plus,2018-04,68.28655541180208,22180.643924990774
Tactical Growth Plus,2018-05,67.08927457709962,22247.733199567872
Tactical Growth Plus,2018-06,572.8227592080616,22820.555958775934
Tactical Growth Plus,2018-07,67.08927457709962,22887.645233353032
Tactical Growth Plus,2018-08,70.19948773094102,22957.844721083977
Tactical Growth Plus,2018-09,678.421936672235,23636.26665775621
Tactical Growth Plus,2018-10,67.38859478577524,23703.655252541987
Tactical Growth Plus,2018-11,67.38859478577524,23771.04384732776
Tactical Growth Plus,2018-12,1175.7881372408704,24946.83198456863
Tactical Growth Plus,2019-01,83.6957452563029,25030.527729824935
Tactical Growth Plus,2019-02,82.00482983529882,25112.532559660234
Tactical Growth Plus,2019-03,282.22383616565025,25394.756395825883
Tactical Growth Plus,2019-04,83.48986406164032,25478.246259887525
Tactical Growth Plus,2019-05,80.77458951690679,25559.02084940443
Tactical Growth Plus,2019-06,575.7588968077629,26134.779746212193
Tactical Growth Plus,2019-07,79.64425837170589,26214.4240045839
Tactical Growth Plus,2019-08,79.64425837170589,26294.068262955603
Tactical Growth Plus,2019-09,299.84742692985117,26593.915689885456
Tactical Growth Plus,2019-10,215.44786454117397,26809.36355442663
Tactical Growth Plus,2019-11,76.8640627446622,26886.22761717129
Tactical Growth Plus,2019-12,723.0387774878981,27609.26639465919
Tactical Growth Plus,2020-01,81.47278819814923,27690.739182857338
Tactical Growth Plus,2020-02,83.54007396418892,27774.27925682153
Tactical Growth Plus,2020-03,333.0312643665454,28107.310521188072
Tactical Growth Plus,2020-04,80.74861424645688,28188.05913543453
Tactical Growth Plus,2020-05,80.80289120003675,28268.862026634568
Tactical Growth Plus,2020-06,387.74908017222765,28656.611106806795
Tactical Growth Plus,2020-07,80.04049873893626,28736.651605545732
Tactical Growth Plus,2020-08,68.48535557987331,28805.136961125605
Tactical Growth Plus,2020-09,391.4887883292041,29196.625749454808
Tactical Growth Plus,2020-10,174.4389807901121,29371.06473024492
Tactical Growth Plus,2020-11,64.62901631107755,29435.693746555997
Tactical Growth Plus,2020-12,756.046139723005,30191.739886279003
Tactical Growth Plus,2021-01,78.54391024897116,30270.283796527976
Tactical Growth Plus,2021-02,91.87454474796954,30362.158341275943
Tactical Growth Plus,2021-03,729.50864505608,31091.666986332024
Tactical Growth Plus,2021-04,78.7056738699046,31170.372660201927
Tactical Growth Plus,2021-05,76.71072425676941,31247.0833844587
Tactical Growth Plus,2021-06,509.520432503225,31756.603816961924
Tactical Growth Plus,2021-07,76.33962509185093,31832.943442053773
Tactical Growth Plus,2021-08,76.16718875685248,31909.11063081063
Tactical Growth Plus,2021-09,450.63464713364624,32359.745277944272
Tactical Growth Plus,2021-10,54.31341460035789,32414.05869254463
Tactical Growth Plus,2021-11,54.31341460035789,32468.372107144987
Tactical Growth Plus,2021-12,1385.7214286663168,33854.093535811306
Tactical Growth Plus,2022-01,68.96312236560325,33923.05665817691
Tactical Growth Plus,2022-02,94.81693544835579,34017.87359362526
Tactical Growth Plus,2022-03,727.2279160649925,34745.101509690256
Tactical Growth Plus,2022-04,94.86727367538163,34839.968783365635
Tactical Growth Plus,2022-05,96.2699062631795,34936.238689628815
Tactical Growth Plus,2022-06,1018.390530991335,35954.629220620154
Tactical Growth Plus,2022-07,112.49405925907374,36067.123279879226
Tactical Growth Plus,2022-08,113.41171968209136,36180.53499956132
Tactical Growth Plus,2022-09,990.918298435639,37171.45329799696
Tactical Growth Plus,2022-10,126.12732068025221,37297.58061867721
Tactical Growth Plus,2022-11,126.95616745583537,37424.536786133045
Tactical Growth Plus,2022-12,1354.4472048426865,38778.98399097573
Tactical Growth Plus,2023-01,102.96366817536726,38881.9476591511
Tactical Growth Plus,2023-02,131.63094336908796,39013.57860252019
Tactical Growth Plus,2023-03,490.07018166844904,39503.648784188634
Tactical Growth Plus,2023-04,137.0683129011851,39640.71709708982
Tactical Growth Plus,2023-05,136.6885552941526,39777.405652383975
Tactical Growth Plus,2023-06,764.1895799660782,40541.59523235005
Tactical Growth Plus,2023-07,137.45556073097927,40679.05079308103
Tactical Growth Plus,2023-08,138.6776201340367,40817.72841321507
Tactical Growth Plus,2023-09,627.2573098690691,41444.98572308414
Tactical Growth Plus,2023-10,143.22113313174387,41588.20685621588
Tactical Growth Plus,2023-11,142.6297097756854,41730.836565991565
Tactical Growth Plus,2023-12,1092.3663652221283,42823.202931213695
Tactical Growth Plus,2024-01,105.73947042157816,42928.94240163527
Tactical Growth Plus,2024-02,164.91669390299603,43093.85909553827
Tactical Growth Plus,2024-03,596.9936421870335,43690.852737725305
Tactical Growth Plus,2024-04,169.6011387569129,43860.453876482214
Tactical Growth Plus,2024-05,170.75132954081482,44031.20520602303
Tactical Growth Plus,2024-06,779.7946198465205,44810.99982586955
Tactical Growth Plus,2024-07,166.30879486745752,44977.30862073701
Tactical Growth Plus,2024-08,166.09558998736276,45143.40421072437
Tactical Growth Plus,2024-09,1203.488474142267,46346.89268486664
Tactical Growth Plus,2024-10,166.14348244674778,46513.03616731338
Tactical Growth Plus,2024-11,165.3857897661651,46678.42195707955
Tactical Growth Plus,2024-12,1204.9121073242088,47883.33406440376
Tactical Growth Plus,2025-01,116.29474428399428,47999.628808687754
Tactical Growth Plus,2025-02,177.08218102841522,48176.71098971617
Tactical Growth Plus,2025-03,1105.7290672887166,49282.44005700488
Tactical Growth Plus,2025-04,178.98606372086957,49461.42612072575
Tactical Growth Plus,2025-05,186.60495430208226,49648.03107502784
Tactical Growth Plus,2025-06,864.399624005053,50512.43069903289
Tactical Growth Plus,2025-07,181.52519221468327,50693.95589124757
Tactical Growth Plus,2025-08,186.67753547404502,50880.633426721615
Tactical Growth Plus,2025-09,777.5282569396323,51658.16168366125
Tactical Growth Plus,2025-10,183.12686912633555,51841.288552787584
Tactical Growth Plus,2025-11,180.68132780109713,52021.96988058868
Tactical Growth Plus,2025-12,2011.0711718407886,54033.04105242947
Tactical Growth Plus,2026-01,127.24408433344107,54160.28513676291
Tactical Growth Plus,2026-02,181.2931644054858,54341.578301168396
Tactical Growth Plus,2026-03,1134.5891081833142,55476.167409351714
Tactical Growth Plus,2026-04,189.38678325056532,55665.55419260228
Tactical Growth Plus,2026-05,192.39536172153612,55857.949554323815
Tactical Growth Plus,2026-06,1265.4098990002115,57123.359453324025
Tactical Growth Plus,2026-07,192.1564145213358,57315.51586784536
Tactical Growth Plus,2026-08,192.1993557598036,57507.71522360516
Tactical Growth Plus,2026-09,378.4320185803525,57886.147242185514
Tactical Growth Plus,2026-10,72.2255300055111,57958.372772191025
Tactical Moderate,2011-01,128.07578998983126,128.07578998983126
Tactical Moderate,2011-02,121.83478079108053,249.9105707809118
Tactical Moderate,2011-03,466.95833587029983,716.8689066512117
Tactical Moderate,2011-04,118.09508805057345,834.9639947017852
Tactical Moderate,2011-05,126.20594361957771,961.1699383213628
Tactical Moderate,2011-06,520.0362584710618,1481.2061967924246
Tactical Moderate,2011-07,120.57184061510037,1601.778037407525
Tactical Moderate,2011-08,121.83478079108053,1723.6128181986055
Tactical Moderate,2011-09,311.15208500717495,2034.7649032057805
Tactical Moderate,2011-10,127.44431990184115,2162.2092231076217
Tactical Moderate,2011-11,120.57184061510037,2282.781063722722
Tactical Moderate,2011-12,1445.4242061472194,3728.2052698699413
Tactical Moderate,2012-01,95.88256398970462,3824.087833859646
Tactical Moderate,2012-02,95.40160974072421,3919.48944360037
Tactical Moderate,2012-03,237.3468310055281,4156.836274605898
Tactical Moderate,2012-04,95.87705888601927,4252.713333491917
Tactical Moderate,2012-05,94.43970124276336,4347.153034734681
Tactical Moderate,2012-06,511.6707657288425,4858.823800463523
Tactical Moderate,2012-07,96.3580131349997,4955.181813598523
Tactical Moderate,2012-08,86.77195877750336,5041.953772376027
Tactical Moderate,2012-09,573.265449679104,5615.219222055131
Tactical Moderate,2012-10,92.9968384958221,5708.2160605509525
Tactical Moderate,2012-11,87.24740792279844,5795.463468473751
Tactical Moderate,2012-12,1520.0659019341156,7315.529370407867
Tactical Moderate,2013-01,86.50248382731472,7402.0318542351815
Tactical Moderate,2013-02,85.70618538156876,7487.73803961675
Tactical Moderate,2013-03,424.71610040883246,7912.454140025582
Tactical Moderate,2013-04,85.70618538156876,7998.1603254071515
Tactical Moderate,2013-05,80.49069666427407,8078.651022071425
Tactical Moderate,2013-06,616.5075467352658,8695.158568806692
Tactical Moderate,2013-07,86.21375911514647,8781.372327921837
Tactical Moderate,2013-08,80.99827039785178,8862.370598319689
Tactical Moderate,2013-09,353.22392189747336,9215.594520217162
Tactical Moderate,2013-10,88.24405404945736,9303.83857426662
Tactical Moderate,2013-11,83.60601475649912,9387.44458902312
Tactical Moderate,2013-12,940.4869021684625,10327.931491191583
Tactical Moderate,2014-01,73.99280186778236,10401.924293059365
Tactical Moderate,2014-02,75.6516067691498,10477.575899828515
Tactical Moderate,2014-03,313.1088627917055,10790.68476262022
Tactical Moderate,2014-04,76.33649524513855,10867.021257865357
Tactical Moderate,2014-05,75.45367650585041,10942.474934371208
Tactical Moderate,2014-06,533.5852607221843,11476.060195093392
Tactical Moderate,2014-07,78.77128630858529,11554.831481401978
Tactical Moderate,2014-08,74.96671829316105,11629.798199695138
Tactical Moderate,2014-09,310.9670828430423,11940.765282538181
Tactical Moderate,2014-10,77.31041167051724,12018.0756942087
Tactical Moderate,2014-11,76.8234534578279,12094.899147666527
Tactical Moderate,2014-12,641.3786222884484,12736.277769954975
Tactical Moderate,2015-01,105.49706136939241,12841.774831324366
Tactical Moderate,2015-02,101.1123207882676,12942.887152112635
Tactical Moderate,2015-03,259.6038986773037,13202.491050789939
Tactical Moderate,2015-04,101.944683362793,13304.435734152732
Tactical Moderate,2015-05,102.3608646500557,13406.796598802786
Tactical Moderate,2015-06,520.0170867252041,13926.813685527992
Tactical Moderate,2015-07,102.3608646500557,14029.174550178048
Tactical Moderate,2015-08,102.7770459373184,14131.951596115365
Tactical Moderate,2015-09,327.2377818658,14459.189377981165
Tactical Moderate,2015-10,104.44177108636922,14563.631149067534
Tactical Moderate,2015-11,103.19322722458111,14666.824376292116
Tactical Moderate,2015-12,859.2305345172535,15526.05491080937
Tactical Moderate,2016-01,99.108489419931,15625.1634002293
Tactical Moderate,2016-02,99.108489419931,15724.271889649232
Tactical Moderate,2016-03,389.5343748843984,16113.80626453363
Tactical Moderate,2016-04,100.32959627067525,16214.135860804305
Tactical Moderate,2016-05,100.32959627067525,16314.46545707498
Tactical Moderate,2016-06,480.2608640301895,16794.72632110517
Tactical Moderate,2016-07,100.32959627067525,16895.055917375845
Tactical Moderate,2016-08,100.73663188759001,16995.792549263435
Tactical Moderate,2016-09,425.2848813901718,17421.077430653608
Tactical Moderate,2016-10,100.32959627067525,17521.407026924284
Tactical Moderate,2016-11,100.73663188759001,17622.14365881187
Tactical Moderate,2016-12,761.0713271760003,18383.214985987874
Tactical Moderate,2017-01,89.29482680005344,18472.509812787925
Tactical Moderate,2017-02,90.47808668572114,18562.987899473646
Tactical Moderate,2017-03,225.56905994105162,18788.5569594147
Tactical Moderate,2017-04,94.85933367908592,18883.416293093785
Tactical Moderate,2017-05,91.26692660949959,18974.683219703285
Tactical Moderate,2017-06,356.05489675326965,19330.738116456552
Tactical Moderate,2017-07,91.26692660949959,19422.005043066052
Tactical Moderate,2017-08,90.87250664761036,19512.877549713663
Tactical Moderate,2017-09,453.16478074433655,19966.042330458
Tactical Moderate,2017-10,91.26692660949959,20057.3092570675
Tactical Moderate,2017-11,91.26692660949959,20148.576183677
Tactical Moderate,2017-12,734.9829497088789,20883.55913338588
Tactical Moderate,2018-01,88.94130052914566,20972.500433915025
Tactical Moderate,2018-02,89.3434972381269,21061.84393115315
Tactical Moderate,2018-03,207.36125891401468,21269.205190067165
Tactical Moderate,2018-04,91.75667749201423,21360.96186755918
Tactical Moderate,2018-05,90.14789065608934,21451.10975821527
Tactical Moderate,2018-06,348.16381309419785,21799.273571309466
Tactical Moderate,2018-07,90.14789065608934,21889.421461965558
Tactical Moderate,2018-08,94.32708557326512,21983.74854753882
Tactical Moderate,2018-09,403.51419179250706,22387.262739331327
Tactical Moderate,2018-10,90.55008736507057,22477.812826696398
Tactical Moderate,2018-11,90.55008736507057,22568.36291406147
Tactical Moderate,2018-12,682.7987586097073,23251.161672671176
Tactical Moderate,2019-01,106.2975707293671,23357.459243400543
Tactical Moderate,2019-02,104.15002785235302,23461.6092712529
Tactical Moderate,2019-03,193.0494152580909,23654.65868651099
Tactical Moderate,2019-04,106.03609183597203,23760.69477834696
Tactical Moderate,2019-05,102.587564230601,23863.28234257756
Tactical Moderate,2019-06,338.49239048735734,24201.774733064918
Tactical Moderate,2019-07,101.15199000294275,24302.92672306786
Tactical Moderate,2019-08,101.15199000294275,24404.078713070805
Tactical Moderate,2019-09,190.92076375579836,24594.9994768266
Tactical Moderate,2019-10,177.01007775585202,24772.009554582455
Tactical Moderate,2019-11,97.62100954029017,24869.630564122745
Tactical Moderate,2019-12,488.18559806564264,25357.81616218839
Tactical Moderate,2020-01,101.99746698985109,25459.81362917824
Tactical Moderate,2020-02,104.58554475598076,25564.39917393422
Tactical Moderate,2020-03,218.85843633272196,25783.25761026694
Tactical Moderate,2020-04,101.09085865636669,25884.34846892331
Tactical Moderate,2020-05,101.15880909605963,25985.507278019366
Tactical Moderate,2020-06,240.36631822715623,26225.873596246525
Tactical Moderate,2020-07,100.2043542209511,26326.077950467476
Tactical Moderate,2020-08,85.73823174011645,26411.816182207593
Tactical Moderate,2020-09,237.3214487605884,26649.13763096818
Tactical Moderate,2020-10,218.38376442463425,26867.521395392814
Tactical Moderate,2020-11,80.91040092728073,26948.431796320096
Tactical Moderate,2020-12,549.2469298831861,27497.67872620328
Tactical Moderate,2021-01,96.9521002445178,27594.6308264478
Tactical Moderate,2021-02,113.40701072927871,27708.03783717708
Tactical Moderate,2021-03,403.51046871270887,28111.548305889784
Tactical Moderate,2021-04,97.151776104084,28208.70008199387
Tactical Moderate,2021-05,94.6892738647334,28303.389355858602
Tactical Moderate,2021-06,287.7257499023026,28591.115105760906
Tactical Moderate,2021-07,94.23120087952313,28685.34630664043
Tactical Moderate,2021-08,94.01835096176917,28779.364657602197
Tactical Moderate,2021-09,258.9017606397918,29038.26641824199
Tactical Moderate,2021-10,67.04274844815137,29105.309166690142
Tactical Moderate,2021-11,67.04274844815137,29172.351915138293
Tactical Moderate,2021-12,856.237742042473,30028.589657180764
Tactical Moderate,2022-01,81.82915711643534,30110.4188142972
Tactical Moderate,2022-02,112.50636052946858,30222.92517482667
Tactical Moderate,2022-03,410.0822647247613,30633.00743955143
Tactical Moderate,2022-04,112.56609005659791,30745.573529608027
Tactical Moderate,2022-05,114.2304033658919,30859.803932973922
Tactical Moderate,2022-06,558.8197421928807,31418.6236751668
Tactical Moderate,2022-07,133.4813989566062,31552.105074123407
Tactical Moderate,2022-08,134.5702617626803,31686.675335886088
Tactical Moderate,2022-09,557.4384497065911,32244.11378559268
Tactical Moderate,2022-10,149.65813592232507,32393.771921515003
Tactical Moderate,2022-11,150.6416156532033,32544.413537168206
Tactical Moderate,2022-12,835.1689200193152,33379.58245718752
Tactical Moderate,2023-01,122.58270988964995,33502.165167077175
Tactical Moderate,2023-02,156.71234358154027,33658.87751065871
Tactical Moderate,2023-03,309.7945119738876,33968.6720226326
Tactical Moderate,2023-04,163.18576769052459,34131.85779032313
Tactical Moderate,2023-05,162.73364979888183,34294.59144012201
Tactical Moderate,2023-06,432.4918891973629,34727.08332931937
Tactical Moderate,2023-07,163.64680301702643,34890.73013233639
Tactical Moderate,2023-08,165.10171770613562,35055.83185004253
Tactical Moderate,2023-09,375.0935729407156,35430.925422983244
Tactical Moderate,2023-10,170.5109668670065,35601.436389850256
Tactical Moderate,2023-11,169.8068517265649,35771.24324157682
Tactical Moderate,2023-12,652.9907457350691,36424.23398731189
Tactical Moderate,2024-01,123.96114736974354,36548.195134681635
Tactical Moderate,2024-02,193.33615456114813,36741.53128924278
Tactical Moderate,2024-03,377.2164665412861,37118.74775578407
Tactical Moderate,2024-04,198.82785181068647,37317.57560759475
Tactical Moderate,2024-05,200.1762505561893,37517.75185815094
Tactical Moderate,2024-06,448.65696479873316,37966.40882294968
Tactical Moderate,2024-07,194.96815093980558,38161.37697388948
Tactical Moderate,2024-08,194.71820528133003,38356.09517917081
Tactical Moderate,2024-09,678.9338303300133,39035.029009500824
Tactical Moderate,2024-10,194.77435086435645,39229.80336036518
Tactical Moderate,2024-11,193.8860879133107,39423.68944827849
Tactical Moderate,2024-12,699.3162631196138,40123.0057113981
Tactical Moderate,2025-01,134.6737335857346,40257.67944498384
Tactical Moderate,2025-02,205.06789552211842,40462.74734050596
Tactical Moderate,2025-03,638.1380640987169,41100.885404604676
Tactical Moderate,2025-04,207.27266403578358,41308.158068640456
Tactical Moderate,2025-05,216.09562887972726,41524.25369752019
Tactical Moderate,2025-06,488.8659557095935,42013.119653229776
Tactical Moderate,2025-07,210.21307132951955,42223.332724559295
Tactical Moderate,2025-08,216.17968063525956,42439.51240519456
Tactical Moderate,2025-09,456.6193106119614,42896.13171580652
Tactical Moderate,2025-10,212.06787406388497,43108.199589870404
Tactical Moderate,2025-11,209.23584426807764,43317.43543413848
Tactical Moderate,2025-12,1194.0489081517958,44511.48434229028
Tactical Moderate,2026-01,145.82287043662967,44657.307212726904
Tactical Moderate,2026-02,207.76360459218563,44865.070817319094
Tactical Moderate,2026-03,688.5325557983331,45553.603373117425
Tactical Moderate,2026-04,217.038964923411,45770.64233804084
Tactical Moderate,2026-05,220.48682303696503,45991.1291610778
Tactical Moderate,2026-06,749.4025432296853,46740.53170430749
Tactical Moderate,2026-07,220.2129873863842,46960.74469169387
Tactical Moderate,2026-08,220.26219843368972,47181.00689012756
Tactical Moderate,2026-09,228.16254340541792,47409.16943353298
Tactical Moderate,2026-10,82.7711100235613,47491.94054355654
Tactical Ultra Aggressive,2011-01,0.0,0.0
Tactical Ultra Aggressive,2011-02,0.0,0.0
Tactical Ultra Aggressive,2011-03,432.41021499063805,432.41021499063805
Tactical Ultra Aggressive,2011-04,0.0,432.41021499063805
Tactical Ultra Aggressive,2011-05,0.0,432.41021499063805
Tactical Ultra Aggressive,2011-06,510.10398785902447,942.5142028496625
Tactical Ultra Aggressive,2011-07,0.0,942.5142028496625
Tactical Ultra Aggressive,2011-08,0.0,942.5142028496625
Tactical Ultra Aggressive,2011-09,265.52280132441325,1208.0370041740757
Tactical Ultra Aggressive,2011-10,0.0,1208.0370041740757
Tactical Ultra Aggressive,2011-11,0.0,1208.0370041740757
Tactical Ultra Aggressive,2011-12,1299.8219133401187,2507.858917514194
Tactical Ultra Aggressive,2012-01,0.0,2507.858917514194
Tactical Ultra Aggressive,2012-02,0.0,2507.858917514194
Tactical Ultra Aggressive,2012-03,209.28926672249662,2717.148184236691
Tactical Ultra Aggressive,2012-04,0.0,2717.148184236691
Tactical Ultra Aggressive,2012-05,0.0,2717.148184236691
Tactical Ultra Aggressive,2012-06,622.6844126302989,3339.8325968669897
Tactical Ultra Aggressive,2012-07,0.0,3339.8325968669897
Tactical Ultra Aggressive,2012-08,0.0,3339.8325968669897
Tactical Ultra Aggressive,2012-09,740.8892575295522,4080.721854396542
Tactical Ultra Aggressive,2012-10,0.0,4080.721854396542
Tactical Ultra Aggressive,2012-11,0.0,4080.721854396542
Tactical Ultra Aggressive,2012-12,2405.306504839757,6486.028359236299
Tactical Ultra Aggressive,2013-01,0.0,6486.028359236299
Tactical Ultra Aggressive,2013-02,0.0,6486.028359236299
Tactical Ultra Aggressive,2013-03,574.2297201686622,7060.258079404962
Tactical Ultra Aggressive,2013-04,0.0,7060.258079404962
Tactical Ultra Aggressive,2013-05,0.0,7060.258079404962
Tactical Ultra Aggressive,2013-06,932.3825282641349,7992.640607669096
Tactical Ultra Aggressive,2013-07,0.0,7992.640607669096
Tactical Ultra Aggressive,2013-08,0.0,7992.640607669096
Tactical Ultra Aggressive,2013-09,470.027025184424,8462.667632853521
Tactical Ultra Aggressive,2013-10,0.0,8462.667632853521
Tactical Ultra Aggressive,2013-11,0.0,8462.667632853521
Tactical Ultra Aggressive,2013-12,2060.853829532162,10523.521462385683
Tactical Ultra Aggressive,2014-01,0.0,10523.521462385683
Tactical Ultra Aggressive,2014-02,0.0,10523.521462385683
Tactical Ultra Aggressive,2014-03,482.5340944546184,11006.055556840302
Tactical Ultra Aggressive,2014-04,0.0,11006.055556840302
Tactical Ultra Aggressive,2014-05,0.0,11006.055556840302
Tactical Ultra Aggressive,2014-06,949.8853309826411,11955.940887822942
Tactical Ultra Aggressive,2014-07,0.0,11955.940887822942
Tactical Ultra Aggressive,2014-08,0.0,11955.940887822942
Tactical Ultra Aggressive,2014-09,498.01475401851326,12453.955641841456
Tactical Ultra Aggressive,2014-10,0.0,12453.955641841456
Tactical Ultra Aggressive,2014-11,0.0,12453.955641841456
Tactical Ultra Aggressive,2014-12,1299.518278866493,13753.473920707947
Tactical Ultra Aggressive,2015-01,0.0,13753.473920707947
Tactical Ultra Aggressive,2015-02,0.0,13753.473920707947
Tactical Ultra Aggressive,2015-03,373.38137593596247,14126.855296643911
Tactical Ultra Aggressive,2015-04,0.0,14126.855296643911
Tactical Ultra Aggressive,2015-05,0.0,14126.855296643911
Tactical Ultra Aggressive,2015-06,1020.3656549329769,15147.220951576888
Tactical Ultra Aggressive,2015-07,0.0,15147.220951576888
Tactical Ultra Aggressive,2015-08,0.0,15147.220951576888
Tactical Ultra Aggressive,2015-09,573.0107148099848,15720.231666386871
Tactical Ultra Aggressive,2015-10,0.0,15720.231666386871
Tactical Ultra Aggressive,2015-11,0.0,15720.231666386871
Tactical Ultra Aggressive,2015-12,1648.1115663131288,17368.3432327
Tactical Ultra Aggressive,2016-01,0.0,17368.3432327
Tactical Ultra Aggressive,2016-02,0.0,17368.3432327
Tactical Ultra Aggressive,2016-03,855.2753024091869,18223.618535109188
Tactical Ultra Aggressive,2016-04,0.0,18223.618535109188
Tactical Ultra Aggressive,2016-05,0.0,18223.618535109188
Tactical Ultra Aggressive,2016-06,1104.0308697333896,19327.649404842577
Tactical Ultra Aggressive,2016-07,0.0,19327.649404842577
Tactical Ultra Aggressive,2016-08,0.0,19327.649404842577
Tactical Ultra Aggressive,2016-09,886.9148167968573,20214.564221639434
Tactical Ultra Aggressive,2016-10,0.0,20214.564221639434
Tactical Ultra Aggressive,2016-11,0.0,20214.564221639434
Tactical Ultra Aggressive,2016-12,2394.744029444344,22609.308251083778
Tactical Ultra Aggressive,2017-01,0.0,22609.308251083778
Tactical Ultra Aggressive,2017-02,0.0,22609.308251083778
Tactical Ultra Aggressive,2017-03,476.07572060802096,23085.3839716918
Tactical Ultra Aggressive,2017-04,0.0,23085.3839716918
Tactical Ultra Aggressive,2017-05,0.0,23085.3839716918
Tactical Ultra Aggressive,2017-06,927.8642651136288,24013.24823680543
Tactical Ultra Aggressive,2017-07,0.0,24013.24823680543
Tactical Ultra Aggressive,2017-08,0.0,24013.24823680543
Tactical Ultra Aggressive,2017-09,1161.4069396112034,25174.655176416632
Tactical Ultra Aggressive,2017-10,0.0,25174.655176416632
Tactical Ultra Aggressive,2017-11,0.0,25174.655176416632
Tactical Ultra Aggressive,2017-12,2591.03045191489,27765.68562833152
Tactical Ultra Aggressive,2018-01,0.0,27765.68562833152
Tactical Ultra Aggressive,2018-02,0.0,27765.68562833152
Tactical Ultra Aggressive,2018-03,471.848330055226,28237.533958386746
Tactical Ultra Aggressive,2018-04,0.0,28237.533958386746
Tactical Ultra Aggressive,2018-05,0.0,28237.533958386746
Tactical Ultra Aggressive,2018-06,1034.975346416004,29272.509304802752
Tactical Ultra Aggressive,2018-07,0.0,29272.509304802752
Tactical Ultra Aggressive,2018-08,0.0,29272.509304802752
Tactical Ultra Aggressive,2018-09,1245.504985220554,30518.014290023304
Tactical Ultra Aggressive,2018-10,0.0,30518.014290023304
Tactical Ultra Aggressive,2018-11,0.0,30518.014290023304
Tactical Ultra Aggressive,2018-12,2891.470563752415,33409.48485377572
Tactical Ultra Aggressive,2019-01,0.0,33409.48485377572
Tactical Ultra Aggressive,2019-02,0.0,33409.48485377572
Tactical Ultra Aggressive,2019-03,426.0152238198642,33835.500077595585
Tactical Ultra Aggressive,2019-04,0.0,33835.500077595585
Tactical Ultra Aggressive,2019-05,0.0,33835.500077595585
Tactical Ultra Aggressive,2019-06,1075.4282318905314,34910.92830948612
Tactical Ultra Aggressive,2019-07,0.0,34910.92830948612
Tactical Ultra Aggressive,2019-08,0.0,34910.92830948612
Tactical Ultra Aggressive,2019-09,462.30521911149003,35373.23352859761
Tactical Ultra Aggressive,2019-10,277.8920478015316,35651.125576399136
Tactical Ultra Aggressive,2019-11,0.0,35651.125576399136
Tactical Ultra Aggressive,2019-12,1188.027871551856,36839.153447950994
Tactical Ultra Aggressive,2020-01,0.0,36839.153447950994
Tactical Ultra Aggressive,2020-02,0.0,36839.153447950994
Tactical Ultra Aggressive,2020-03,544.6875018926822,37383.840949843674
Tactical Ultra Aggressive,2020-04,0.0,37383.840949843674
Tactical Ultra Aggressive,2020-05,0.0,37383.840949843674
Tactical Ultra Aggressive,2020-06,677.27415395192,38061.11510379559
Tactical Ultra Aggressive,2020-07,0.0,38061.11510379559
Tactical Ultra Aggressive,2020-08,0.0,38061.11510379559
Tactical Ultra Aggressive,2020-09,721.1779709686441,38782.29307476424
Tactical Ultra Aggressive,2020-10,0.0,38782.29307476424
Tactical Ultra Aggressive,2020-11,0.0,38782.29307476424
Tactical Ultra Aggressive,2020-12,1115.1022372661946,39897.395312030436
Tactical Ultra Aggressive,2021-01,0.0,39897.395312030436
Tactical Ultra Aggressive,2021-02,0.0,39897.395312030436
Tactical Ultra Aggressive,2021-03,1442.7210043878522,41340.11631641829
Tactical Ultra Aggressive,2021-04,0.0,41340.11631641829
Tactical Ultra Aggressive,2021-05,0.0,41340.11631641829
Tactical Ultra Aggressive,2021-06,984.409242369594,42324.52555878788
Tactical Ultra Aggressive,2021-07,0.0,42324.52555878788
Tactical Ultra Aggressive,2021-08,0.0,42324.52555878788
Tactical Ultra Aggressive,2021-09,831.6626182213477,43156.18817700923
Tactical Ultra Aggressive,2021-10,0.0,43156.18817700923
Tactical Ultra Aggressive,2021-11,0.0,43156.18817700923
Tactical Ultra Aggressive,2021-12,2575.4656115294874,45731.653788538715
Tactical Ultra Aggressive,2022-01,0.0,45731.653788538715
Tactical Ultra Aggressive,2022-02,0.0,45731.653788538715
Tactical Ultra Aggressive,2022-03,1450.5859322620204,47182.23972080074
Tactical Ultra Aggressive,2022-04,0.0,47182.23972080074
Tactical Ultra Aggressive,2022-05,0.0,47182.23972080074
Tactical Ultra Aggressive,2022-06,2102.5633298916537,49284.80305069239
Tactical Ultra Aggressive,2022-07,0.0,49284.80305069239
Tactical Ultra Aggressive,2022-08,0.0,49284.80305069239
Tactical Ultra Aggressive,2022-09,1997.8507204725854,51282.65377116497
Tactical Ultra Aggressive,2022-10,0.0,51282.65377116497
Tactical Ultra Aggressive,2022-11,0.0,51282.65377116497
Tactical Ultra Aggressive,2022-12,2496.2201699491543,53778.87394111413
Tactical Ultra Aggressive,2023-01,0.0,53778.87394111413
Tactical Ultra Aggressive,2023-02,0.0,53778.87394111413
Tactical Ultra Aggressive,2023-03,872.8506946445348,54651.72463575866
Tactical Ultra Aggressive,2023-04,0.0,54651.72463575866
Tactical Ultra Aggressive,2023-05,0.0,54651.72463575866
Tactical Ultra Aggressive,2023-06,1521.5688163555524,56173.293452114216
Tactical Ultra Aggressive,2023-07,0.0,56173.293452114216
Tactical Ultra Aggressive,2023-08,0.0,56173.293452114216
Tactical Ultra Aggressive,2023-09,1194.570683466384,57367.8641355806
Tactical Ultra Aggressive,2023-10,0.0,57367.8641355806
Tactical Ultra Aggressive,2023-11,0.0,57367.8641355806
Tactical Ultra Aggressive,2023-12,2070.112034825579,59437.97617040618
Tactical Ultra Aggressive,2024-01,0.0,59437.97617040618
Tactical Ultra Aggressive,2024-02,0.0,59437.97617040618
Tactical Ultra Aggressive,2024-03,1056.3802080023665,60494.35637840855
Tactical Ultra Aggressive,2024-04,0.0,60494.35637840855
Tactical Ultra Aggressive,2024-05,0.0,60494.35637840855
Tactical Ultra Aggressive,2024-06,1523.5727821764483,62017.929160584994
Tactical Ultra Aggressive,2024-07,0.0,62017.929160584994
Tactical Ultra Aggressive,2024-08,0.0,62017.929160584994
Tactical Ultra Aggressive,2024-09,2447.9134067697114,64465.8425673547
Tactical Ultra Aggressive,2024-10,0.0,64465.8425673547
Tactical Ultra Aggressive,2024-11,0.0,64465.8425673547
Tactical Ultra Aggressive,2024-12,2338.8459595186405,66804.68852687335
Tactical Ultra Aggressive,2025-01,0.0,66804.68852687335
Tactical Ultra Aggressive,2025-02,0.0,66804.68852687335
Tactical Ultra Aggressive,2025-03,2192.884184616072,68997.57271148943
Tactical Ultra Aggressive,2025-04,0.0,68997.57271148943
Tactical Ultra Aggressive,2025-05,0.0,68997.57271148943
Tactical Ultra Aggressive,2025-06,1724.5813009535345,70722.15401244296
Tactical Ultra Aggressive,2025-07,0.0,70722.15401244296
Tactical Ultra Aggressive,2025-08,0.0,70722.15401244296
Tactical Ultra Aggressive,2025-09,1518.81299079829,72240.96700324124
Tactical Ultra Aggressive,2025-10,0.0,72240.96700324124
Tactical Ultra Aggressive,2025-11,0.0,72240.96700324124
Tactical Ultra Aggressive,2025-12,4036.069508340195,76277.03651158143
Tactical Ultra Aggressive,2026-01,0.0,76277.03651158143
Tactical Ultra Aggressive,2026-02,0.0,76277.03651158143
Tactical Ultra Aggressive,2026-03,2225.822458342879,78502.85896992432
Tactical Ultra Aggressive,2026-04,0.0,78502.85896992432
Tactical Ultra Aggressive,2026-05,0.0,78502.85896992432
Tactical Ultra Aggressive,2026-06,2613.470895356243,81116.32986528057
Tactical Ultra Aggressive,2026-07,0.0,81116.32986528057
Tactical Ultra Aggressive,2026-08,0.0,81116.32986528057
Tactical Ultra Aggressive,2026-09,850.8722552032698,81967.20212048382
Tactical Ultra Aggressive,2026-10,0.0,81967.20212048382
VOO Benchmark,2011-01,0.0,0.0
VOO Benchmark,2011-02,0.0,0.0
VOO Benchmark,2011-03,609.6451319381256,609.6451319381256
VOO Benchmark,2011-04,0.0,609.6451319381256
VOO Benchmark,2011-05,0.0,609.6451319381256
VOO Benchmark,2011-06,648.3166515013648,1257.9617834394903
VOO Benchmark,2011-07,0.0,1257.9617834394903
VOO Benchmark,2011-08,0.0,1257.9617834394903
VOO Benchmark,2011-09,659.690627843494,1917.6524112829843
VOO Benchmark,2011-10,0.0,1917.6524112829843
VOO Benchmark,2011-11,0.0,1917.6524112829843
VOO Benchmark,2011-12,780.2547770700637,2697.9071883530482
VOO Benchmark,2012-01,0.0,2697.9071883530482
VOO Benchmark,2012-02,0.0,2697.9071883530482
VOO Benchmark,2012-03,648.3166515013648,3346.223839854413
VOO Benchmark,2012-04,0.0,3346.223839854413
VOO Benchmark,2012-05,0.0,3346.223839854413
VOO Benchmark,2012-06,727.9344858962694,4074.1583257506823
VOO Benchmark,2012-07,0.0,4074.1583257506823
VOO Benchmark,2012-08,0.0,4074.1583257506823
VOO Benchmark,2012-09,780.2547770700637,4854.413102820746
VOO Benchmark,2012-10,0.0,4854.413102820746
VOO Benchmark,2012-11,0.0,4854.413102820746
VOO Benchmark,2012-12,1069.1537761601455,5923.5668789808915
VOO Benchmark,2013-01,0.0,5923.5668789808915
VOO Benchmark,2013-02,0.0,5923.5668789808915
VOO Benchmark,2013-03,762.056414922657,6685.623293903549
VOO Benchmark,2013-04,0.0,6685.623293903549
VOO Benchmark,2013-05,0.0,6685.623293903549
VOO Benchmark,2013-06,839.3994540491356,7525.022747952684
VOO Benchmark,2013-07,0.0,7525.022747952684
VOO Benchmark,2013-08,0.0,7525.022747952684
VOO Benchmark,2013-09,893.9945404913558,8419.01728844404
VOO Benchmark,2013-10,0.0,8419.01728844404
VOO Benchmark,2013-11,0.0,8419.01728844404
VOO Benchmark,2013-12,1039.5814376706096,9458.59872611465
VOO Benchmark,2014-01,0.0,9458.59872611465
VOO Benchmark,2014-02,0.0,9458.59872611465
VOO Benchmark,2014-03,886.0327570518654,10344.631483166515
VOO Benchmark,2014-04,0.0,10344.631483166515
VOO Benchmark,2014-05,0.0,10344.631483166515
VOO Benchmark,2014-06,920.154686078253,11264.786169244768
VOO Benchmark,2014-07,0.0,11264.786169244768
VOO Benchmark,2014-08,0.0,11264.786169244768
VOO Benchmark,2014-09,996.3603275705186,12261.146496815287
VOO Benchmark,2014-10,0.0,12261.146496815287
VOO Benchmark,2014-11,0.0,12261.146496815287
VOO Benchmark,2014-12,0.0,12261.146496815287
VOO Benchmark,2015-01,0.0,12261.146496815287
VOO Benchmark,2015-02,0.0,12261.146496815287
VOO Benchmark,2015-03,1119.1992720655142,13380.345768880801
VOO Benchmark,2015-04,0.0,13380.345768880801
VOO Benchmark,2015-05,0.0,13380.345768880801
VOO Benchmark,2015-06,1025.9326660600545,14406.278434940856
VOO Benchmark,2015-07,0.0,14406.278434940856
VOO Benchmark,2015-08,0.0,14406.278434940856
VOO Benchmark,2015-09,1083.9399454049135,15490.218380345768
VOO Benchmark,2015-10,0.0,15490.218380345768
VOO Benchmark,2015-11,0.0,15490.218380345768
VOO Benchmark,2015-12,1242.0382165605097,16732.256596906278
VOO Benchmark,2016-01,0.0,16732.256596906278
VOO Benchmark,2016-02,0.0,16732.256596906278
VOO Benchmark,2016-03,1144.2220200181985,17876.478616924476
VOO Benchmark,2016-04,0.0,17876.478616924476
VOO Benchmark,2016-05,0.0,17876.478616924476
VOO Benchmark,2016-06,1083.9399454049135,18960.41856232939
VOO Benchmark,2016-07,0.0,18960.41856232939
VOO Benchmark,2016-08,0.0,18960.41856232939
VOO Benchmark,2016-09,1004.322111010009,19964.7406733394
VOO Benchmark,2016-10,0.0,19964.7406733394
VOO Benchmark,2016-11,0.0,19964.7406733394
VOO Benchmark,2016-12,1474.0673339399455,21438.808007279345
VOO Benchmark,2017-01,0.0,21438.808007279345
VOO Benchmark,2017-02,0.0,21438.808007279345
VOO Benchmark,2017-03,1135.122838944495,22573.93084622384
VOO Benchmark,2017-04,0.0,22573.93084622384
VOO Benchmark,2017-05,0.0,22573.93084622384
VOO Benchmark,2017-06,1148.77161055505,23722.70245677889
VOO Benchmark,2017-07,0.0,23722.70245677889
VOO Benchmark,2017-08,0.0,23722.70245677889
VOO Benchmark,2017-09,1337.5796178343949,25060.282074613286
VOO Benchmark,2017-10,0.0,25060.282074613286
VOO Benchmark,2017-11,0.0,25060.282074613286
VOO Benchmark,2017-12,1346.678798908098,26406.960873521384
VOO Benchmark,2018-01,0.0,26406.960873521384
VOO Benchmark,2018-02,0.0,26406.960873521384
VOO Benchmark,2018-03,1232.9390354868062,27639.89990900819
VOO Benchmark,2018-04,0.0,27639.89990900819
VOO Benchmark,2018-05,0.0,27639.89990900819
VOO Benchmark,2018-06,1315.9690627843495,28955.868971792537
VOO Benchmark,2018-07,0.0,28955.868971792537
VOO Benchmark,2018-08,0.0,28955.868971792537
VOO Benchmark,2018-09,1372.8389444949955,30328.707916287534
VOO Benchmark,2018-10,0.0,30328.707916287534
VOO Benchmark,2018-11,0.0,30328.707916287534
VOO Benchmark,2018-12,1466.105550500455,31794.81346678799
VOO Benchmark,2019-01,0.0,31794.81346678799
VOO Benchmark,2019-02,0.0,31794.81346678799
VOO Benchmark,2019-03,1654.9135577798,33449.72702456779
VOO Benchmark,2019-04,0.0,33449.72702456779
VOO Benchmark,2019-05,0.0,33449.72702456779
VOO Benchmark,2019-06,1576.433121019108,35026.160145586895
VOO Benchmark,2019-07,0.0,35026.160145586895
VOO Benchmark,2019-08,0.0,35026.160145586895
VOO Benchmark,2019-09,1479.75432211101,36505.914467697905
VOO Benchmark,2019-10,0.0,36505.914467697905
VOO Benchmark,2019-11,0.0,36505.914467697905
VOO Benchmark,2019-12,1625.341219290264,38131.255686988174
VOO Benchmark,2020-01,0.0,38131.255686988174
VOO Benchmark,2020-02,0.0,38131.255686988174
VOO Benchmark,2020-03,1339.8544131028207,39471.11010009099
VOO Benchmark,2020-04,0.0,39471.11010009099
VOO Benchmark,2020-05,0.0,39471.11010009099
VOO Benchmark,2020-06,1629.8908098271156,41101.000909918104
VOO Benchmark,2020-07,0.0,41101.000909918104
VOO Benchmark,2020-08,0.0,41101.000909918104
VOO Benchmark,2020-09,1488.8535031847132,42589.85441310282
VOO Benchmark,2020-10,0.0,42589.85441310282
VOO Benchmark,2020-11,0.0,42589.85441310282
VOO Benchmark,2020-12,1573.0209281164696,44162.87534121929
VOO Benchmark,2021-01,0.0,44162.87534121929
VOO Benchmark,2021-02,0.0,44162.87534121929
VOO Benchmark,2021-03,1436.533212010919,45599.40855323021
VOO Benchmark,2021-04,0.0,45599.40855323021
VOO Benchmark,2021-05,0.0,45599.40855323021
VOO Benchmark,2021-06,1516.1510464058233,47115.559599636035
VOO Benchmark,2021-07,0.0,47115.559599636035
VOO Benchmark,2021-08,0.0,47115.559599636035
VOO Benchmark,2021-09,1487.7161055505005,48603.275705186534
VOO Benchmark,2021-10,0.0,48603.275705186534
VOO Benchmark,2021-11,0.0,48603.275705186534
VOO Benchmark,2021-12,1743.6305732484075,50346.90627843494
VOO Benchmark,2022-01,0.0,50346.90627843494
VOO Benchmark,2022-02,0.0,50346.90627843494
VOO Benchmark,2022-03,1562.7843494085532,51909.69062784349
VOO Benchmark,2022-04,0.0,51909.69062784349
VOO Benchmark,2022-05,0.0,51909.69062784349
VOO Benchmark,2022-06,1628.7534121929025,53538.4440400364
VOO Benchmark,2022-07,0.0,53538.4440400364
VOO Benchmark,2022-08,0.0,53538.4440400364
VOO Benchmark,2022-09,1670.8371246587808,55209.281164695174
VOO Benchmark,2022-10,0.0,55209.281164695174
VOO Benchmark,2022-11,0.0,55209.281164695174
VOO Benchmark,2022-12,1901.7288444040034,57111.010009099184
VOO Benchmark,2023-01,0.0,57111.010009099184
VOO Benchmark,2023-02,0.0,57111.010009099184
VOO Benchmark,2023-03,1691.3102820746133,58802.3202911738
VOO Benchmark,2023-04,0.0,58802.3202911738
VOO Benchmark,2023-05,0.0,58802.3202911738
VOO Benchmark,2023-06,1792.5386715195632,60594.85896269335
VOO Benchmark,2023-07,0.0,60594.85896269335
VOO Benchmark,2023-08,0.0,60594.85896269335
VOO Benchmark,2023-09,1698.134667879891,62292.99363057325
VOO Benchmark,2023-10,0.0,62292.99363057325
VOO Benchmark,2023-11,0.0,62292.99363057325
VOO Benchmark,2023-12,2048.4531392174704,64341.44676979072
VOO Benchmark,2024-01,0.0,64341.44676979072
VOO Benchmark,2024-02,0.0,64341.44676979072
VOO Benchmark,2024-03,1755.0045495905367,66096.45131938126
VOO Benchmark,2024-04,0.0,66096.45131938126
VOO Benchmark,2024-05,0.0,66096.45131938126
VOO Benchmark,2024-06,2029.1173794358508,68125.56869881711
VOO Benchmark,2024-07,0.0,68125.56869881711
VOO Benchmark,2024-08,0.0,68125.56869881711
VOO Benchmark,2024-09,1864.1947224749772,69989.76342129208
VOO Benchmark,2024-10,0.0,69989.76342129208
VOO Benchmark,2024-11,0.0,69989.76342129208
VOO Benchmark,2024-12,1977.9344858962695,71967.69790718835
VOO Benchmark,2025-01,0.0,71967.69790718835
VOO Benchmark,2025-02,0.0,71967.69790718835
VOO Benchmark,2025-03,2060.9645131938128,74028.66242038217
VOO Benchmark,2025-04,0.0,74028.66242038217
VOO Benchmark,2025-05,0.0,74028.66242038217
VOO Benchmark,2025-06,1984.758871701547,76013.42129208372
VOO Benchmark,2025-07,0.0,76013.42129208372
VOO Benchmark,2025-08,0.0,76013.42129208372
VOO Benchmark,2025-09,1979.0718835304822,77992.49317561419
VOO Benchmark,2025-10,0.0,77992.49317561419
VOO Benchmark,2025-11,0.0,77992.49317561419
VOO Benchmark,2025-12,2014.3312101910826,80006.82438580527
VOO Benchmark,2026-01,0.0,80006.82438580527
VOO Benchmark,2026-02,0.0,80006.82438580527
VOO Benchmark,2026-03,2129.208371246588,82136.03275705187
VOO Benchmark,2026-04,0.0,82136.03275705187
VOO Benchmark,2026-05,0.0,82136.03275705187
VOO Benchmark,2026-06,2231.5741583257504,84367.60691537762
VOO Benchmark,2026-07,0.0,84367.60691537762
VOO Benchmark,2026-08,0.0,84367.60691537762
VOO Benchmark,2026-09,2073.4758871701547,86441.08280254777
VOO Benchmark,2026-10,0.0,86441.08280254777
