Model,Year,Asset,Dividend_Income
A1V12 Tactical Sleeve,2011,TACTICAL,2171.102649032236
A1V12 Tactical Sleeve,2012,TACTICAL,2853.6125355834693
A1V12 Tactical Sleeve,2013,TACTICAL,3104.9400587020523
A1V12 Tactical Sleeve,2014,TACTICAL,2012.7472598925615
A1V12 Tactical Sleeve,2015,TACTICAL,3120.5236627327454
A1V12 Tactical Sleeve,2016,TACTICAL,5917.1827875759445
A1V12 Tactical Sleeve,2017,TACTICAL,4957.554481397408
A1V12 Tactical Sleeve,2018,TACTICAL,5267.6319050389675
A1V12 Tactical Sleeve,2019,TACTICAL,2597.8312958066217
A1V12 Tactical Sleeve,2020,TACTICAL,2729.699853896301
A1V12 Tactical Sleeve,2021,TACTICAL,7276.494518693552
A1V12 Tactical Sleeve,2022,TACTICAL,13716.162247955332
A1V12 Tactical Sleeve,2023,TACTICAL,3647.3530937239516
A1V12 Tactical Sleeve,2024,TACTICAL,8128.3408161450025
A1V12 Tactical Sleeve,2025,TACTICAL,13049.547479041823
A1V12 Tactical Sleeve,2026,TACTICAL,11840.735354367276
MWM Aggressive,2011,AVUV,187.51496442118247
MWM Aggressive,2011,IMCB,90.77204610262838
MWM Aggressive,2011,JBND,94.5577718059863
MWM Aggressive,2011,PIMIX,550.3585445850078
MWM Aggressive,2011,VEU,604.0976981256167
MWM Aggressive,2011,VOO,791.3231574158327
MWM Aggressive,2011,XLF,36.02545688422495
MWM Aggressive,2011,XLG,690.3933285891608
MWM Aggressive,2011,XLV,84.86085910062707
MWM Aggressive,2012,AVUV,752.1734600858963
MWM Aggressive,2012,IMCB,92.61668486862133
MWM Aggressive,2012,JBND,62.85933190214021
MWM Aggressive,2012,PIMIX,431.0857885029698
MWM Aggressive,2012,VEU,615.1469575767534
MWM Aggressive,2012,VOO,828.2372571948532
MWM Aggressive,2012,XLF,50.2636276683396
MWM Aggressive,2012,XLG,719.0903908770293
MWM Aggressive,2012,XLV,79.52045441794183
MWM Aggressive,2013,AVUV,612.6275041614495
MWM Aggressive,2013,IMCB,96.3682377043713
MWM Aggressive,2013,JBND,65.32503205694826
MWM Aggressive,2013,PIMIX,305.38215666191246
MWM Aggressive,2013,VEU,544.6209731035275
MWM Aggressive,2013,VOO,820.6411896161836
MWM Aggressive,2013,XLF,45.7536001173726
MWM Aggressive,2013,XLG,737.1576874010198
MWM Aggressive,2013,XLV,74.68214437771759
MWM Aggressive,2014,AVUV,432.5890593313903
MWM Aggressive,2014,IMCB,111.69813703803986
MWM Aggressive,2014,JBND,62.946204260299304
MWM Aggressive,2014,PIMIX,392.86223317539844
MWM Aggressive,2014,VEU,670.9315567006645
MWM Aggressive,2014,VOO,565.0696440016493
MWM Aggressive,2014,XLF,48.006440003393635
MWM Aggressive,2014,XLG,716.6131410678161
MWM Aggressive,2014,XLV,66.33515521535173
MWM Aggressive,2015,AVUV,464.060657816431
MWM Aggressive,2015,IMCB,96.957279964604
MWM Aggressive,2015,JBND,55.245950337009965
MWM Aggressive,2015,JPIE,211.04987583446373
MWM Aggressive,2015,PIMIX,416.02390322365056
MWM Aggressive,2015,VEU,536.4970565199332
MWM Aggressive,2015,VOO,780.5729807798248
MWM Aggressive,2015,XLF,47.95068148410605
MWM Aggressive,2015,XLG,686.6490080438317
MWM Aggressive,2015,XLV,58.39796225584658
MWM Aggressive,2016,AVUV,441.43389334684866
MWM Aggressive,2016,FBTC,252.29148011244743
MWM Aggressive,2016,IMCB,121.14076546694052
MWM Aggressive,2016,JBND,56.2428220472484
MWM Aggressive,2016,JPIE,192.1612712486365
MWM Aggressive,2016,PIMIX,269.3433126658615
MWM Aggressive,2016,VEU,529.7202744846574
MWM Aggressive,2016,VOO,747.1729701475317
MWM Aggressive,2016,XLF,45.23991837518875
MWM Aggressive,2016,XLG,631.7243727010216
MWM Aggressive,2016,XLV,53.92486760250796
MWM Aggressive,2017,AVUV,462.2667687986506
MWM Aggressive,2017,FBTC,215.9682662313617
MWM Aggressive,2017,IMCB,99.21668124976084
MWM Aggressive,2017,JBND,60.23987315064381
MWM Aggressive,2017,JPIE,187.65332118733983
MWM Aggressive,2017,PIMIX,264.1194104529653
MWM Aggressive,2017,VEU,598.9632667498621
MWM Aggressive,2017,VOO,749.5982052490801
MWM Aggressive,2017,XLF,42.81186354906227
MWM Aggressive,2017,XLG,677.1084406295894
MWM Aggressive,2017,XLV,65.1059408653102
MWM Aggressive,2018,AVUV,528.3065348149704
MWM Aggressive,2018,FBTC,246.8101293151291
MWM Aggressive,2018,IMCB,115.4861306285558
MWM Aggressive,2018,JBND,65.52630129515094
MWM Aggressive,2018,JPIE,196.43050181664177
MWM Aggressive,2018,PIMIX,280.5339656630872
MWM Aggressive,2018,VEU,556.5750995359723
MWM Aggressive,2018,VOO,772.3880651505643
MWM Aggressive,2018,XLF,48.97782963964757
MWM Aggressive,2018,XLG,648.8419934249195
MWM Aggressive,2018,XLV,69.22356763132426
MWM Aggressive,2019,AVUV,71.63513368950177
MWM Aggressive,2019,FBTC,230.541953363275
MWM Aggressive,2019,FIKQX,71.75476430505911
MWM Aggressive,2019,FIWDX,154.6994877860884
MWM Aggressive,2019,IMCB,112.1115447452834
MWM Aggressive,2019,JBND,69.1319470078674
MWM Aggressive,2019,JPIE,174.766839063145
MWM Aggressive,2019,PIMIX,264.6803145637625
MWM Aggressive,2019,VEU,655.0506127055081
MWM Aggressive,2019,VOO,858.4739424934913
MWM Aggressive,2019,XLF,58.71643244850695
MWM Aggressive,2019,XLG,624.3141444858029
MWM Aggressive,2019,XLV,95.185989566562
MWM Aggressive,2020,AVUV,118.45376061536219
MWM Aggressive,2020,FBTC,221.06205526344883
MWM Aggressive,2020,FIKQX,149.24435834345664
MWM Aggressive,2020,FIWDX,190.22953621384525
MWM Aggressive,2020,IMCB,101.93181509334404
MWM Aggressive,2020,JBND,103.93965296367445
MWM Aggressive,2020,JPIE,188.93381106363603
MWM Aggressive,2020,PIMIX,260.2902137714988
MWM Aggressive,2020,VEU,477.2157764624323
MWM Aggressive,2020,VOO,788.9305777538391
MWM Aggressive,2020,XLF,58.82843111392184
MWM Aggressive,2020,XLG,446.06950319035695
MWM Aggressive,2020,XLV,76.69810412899417
MWM Aggressive,2021,AVUV,190.53143509988595
MWM Aggressive,2021,FBTC,305.8623862926504
MWM Aggressive,2021,FIKQX,53.18607270085825
MWM Aggressive,2021,FIWDX,204.9155382462199
MWM Aggressive,2021,IMCB,121.74313132116659
MWM Aggressive,2021,JBND,74.67848924417069
MWM Aggressive,2021,JPIE,157.26780074809136
MWM Aggressive,2021,PIMIX,229.54457017526738
MWM Aggressive,2021,VEU,798.6323967185762
MWM Aggressive,2021,VOO,787.0133536234547
MWM Aggressive,2021,XLF,73.30600055840378
MWM Aggressive,2021,XLG,398.52175193878685
MWM Aggressive,2021,XLV,86.47732537477815
MWM Aggressive,2022,AVUV,213.02535228425
MWM Aggressive,2022,FBTC,264.4548250426957
MWM Aggressive,2022,FIKQX,91.44899393612852
MWM Aggressive,2022,FIWDX,175.48707863276772
MWM Aggressive,2022,IMCB,160.54187442450677
MWM Aggressive,2022,JBND,77.13485499725117
MWM Aggressive,2022,JPIE,206.8006987992623
MWM Aggressive,2022,PIMIX,385.9972761055195
MWM Aggressive,2022,VEU,766.5123578704475
MWM Aggressive,2022,VOO,836.2767098120491
MWM Aggressive,2022,XLF,74.78293021594679
MWM Aggressive,2022,XLG,535.0448692242132
MWM Aggressive,2022,XLV,91.25239672459456
MWM Aggressive,2023,AVUV,212.10732778209052
MWM Aggressive,2023,FBTC,287.8439142141225
MWM Aggressive,2023,FIKQX,118.1074951855524
MWM Aggressive,2023,FIWDX,192.0828630081059
MWM Aggressive,2023,IMCB,165.71807667578094
MWM Aggressive,2023,JBND,109.3838000668053
MWM Aggressive,2023,JPIE,233.41228845241298
MWM Aggressive,2023,PIMIX,344.8606647000597
MWM Aggressive,2023,VEU,893.8025519655138
MWM Aggressive,2023,VOO,902.7443263668581
MWM Aggressive,2023,XLF,63.47585255917457
MWM Aggressive,2023,XLG,579.5122455229547
MWM Aggressive,2023,XLV,83.84776420803351
MWM Aggressive,2024,AVUV,224.13664845650771
MWM Aggressive,2024,FBTC,333.5706243759048
MWM Aggressive,2024,FIKQX,150.45462758241132
MWM Aggressive,2024,FIWDX,214.26698688870087
MWM Aggressive,2024,IMCB,183.8629394378155
MWM Aggressive,2024,JBND,146.12556804014295
MWM Aggressive,2024,JPIE,289.32652348225963
MWM Aggressive,2024,PIMIX,390.31730749757196
MWM Aggressive,2024,VEU,953.9585927328068
MWM Aggressive,2024,VOO,932.948863267563
MWM Aggressive,2024,XLF,75.04474186504318
MWM Aggressive,2024,XLG,510.3738613726348
MWM Aggressive,2024,XLV,107.58674826350361
MWM Aggressive,2025,AVUV,253.93809920753628
MWM Aggressive,2025,FBTC,259.9619414161336
MWM Aggressive,2025,FIKQX,178.162404911072
MWM Aggressive,2025,FIWDX,259.07823137516914
MWM Aggressive,2025,IMCB,205.61885188894476
MWM Aggressive,2025,JBND,169.8512965860732
MWM Aggressive,2025,JPIE,305.5956768213017
MWM Aggressive,2025,PIMIX,442.6927401703342
MWM Aggressive,2025,VEU,1318.7843358070777
MWM Aggressive,2025,VOO,941.1441955272935
MWM Aggressive,2025,XLF,72.048813057692
MWM Aggressive,2025,XLG,482.6595722277544
MWM Aggressive,2025,XLV,135.52365423822835
MWM Aggressive,2026,AVUV,195.9813440755195
MWM Aggressive,2026,FBTC,0.0
MWM Aggressive,2026,FIKQX,128.30165969669102
MWM Aggressive,2026,FIWDX,167.15598931737415
MWM Aggressive,2026,IMCB,158.77100273579063
MWM Aggressive,2026,JBND,119.99676361123079
MWM Aggressive,2026,JPIE,216.54162511932392
MWM Aggressive,2026,PIMIX,277.5602824923816
MWM Aggressive,2026,VEU,362.62078709732333
MWM Aggressive,2026,VOO,751.548600551471
MWM Aggressive,2026,XLF,65.00978366056043
MWM Aggressive,2026,XLG,374.8071043719524
MWM Aggressive,2026,XLV,106.33094465192846
MWM Balanced,2011,AVUV,104.17498023399027
MWM Balanced,2011,IMCB,50.42891450146021
MWM Balanced,2011,JBND,472.78885902993477
MWM Balanced,2011,PIMIX,2751.792722925039
MWM Balanced,2011,VEU,335.6098322920093
MWM Balanced,2011,VOO,507.07165605095554
MWM Balanced,2011,XLF,20.01414271345831
MWM Balanced,2011,XLG,383.55184921620037
MWM Balanced,2011,XLV,47.14492172257059
MWM Balanced,2012,AVUV,335.82677065377237
MWM Balanced,2012,IMCB,41.35104977585263
MWM Balanced,2012,JBND,252.58617596219054
MWM Balanced,2012,PIMIX,1732.2218918763713
MWM Balanced,2012,VEU,274.6478401629632
MWM Balanced,2012,VOO,426.52062380638125
MWM Balanced,2012,XLF,22.441461520424365
MWM Balanced,2012,XLG,321.0560018281077
MWM Balanced,2012,XLV,35.50390810790938
MWM Balanced,2013,AVUV,214.677381537134
MWM Balanced,2013,IMCB,33.769428883281876
MWM Balanced,2013,JBND,206.02121292300603
MWM Balanced,2013,PIMIX,963.1101637375823
MWM Balanced,2013,VEU,190.8464828005161
MWM Balanced,2013,VOO,331.68900479260776
MWM Balanced,2013,XLF,16.033010275206543
MWM Balanced,2013,XLG,258.3153401312442
MWM Balanced,2013,XLV,26.17017207631188
MWM Balanced,2014,AVUV,113.17320312477231
MWM Balanced,2014,IMCB,29.222273839294587
MWM Balanced,2014,JBND,148.21089591413624
MWM Balanced,2014,PIMIX,925.0194548502367
MWM Balanced,2014,VEU,175.52795594660597
MWM Balanced,2014,VOO,170.51320553233683
MWM Balanced,2014,XLF,12.559361982474952
MWM Balanced,2014,XLG,187.47909320984542
MWM Balanced,2014,XLV,17.354488823882136
MWM Balanced,2015,AVUV,94.8841247513744
MWM Balanced,2015,IMCB,19.824362381856027
MWM Balanced,2015,JBND,101.66272878216759
MWM Balanced,2015,JPIE,388.3706616608874
MWM Balanced,2015,PIMIX,765.5606425868843
MWM Balanced,2015,VEU,109.69482713554885
MWM Balanced,2015,VOO,184.08579781345367
MWM Balanced,2015,XLF,9.804232199427448
MWM Balanced,2015,XLG,140.39563372211282
MWM Balanced,2015,XLV,11.940334614837518
MWM Balanced,2016,AVUV,79.55173839299613
MWM Balanced,2016,IMCB,21.831034336960812
MWM Balanced,2016,JBND,91.22074448923058
MWM Balanced,2016,JPIE,311.66811314289413
MWM Balanced,2016,PIMIX,436.8503679266812
MWM Balanced,2016,VEU,95.46201443158941
MWM Balanced,2016,VOO,155.30774600842028
MWM Balanced,2016,XLF,8.152781663903031
MWM Balanced,2016,XLG,113.84438936614339
MWM Balanced,2016,XLV,9.717914788706583
MWM Balanced,2017,AVUV,69.21471767367069
MWM Balanced,2017,IMCB,14.855609454833942
MWM Balanced,2017,JBND,81.1768763151588
MWM Balanced,2017,JPIE,252.874211837389
MWM Balanced,2017,PIMIX,355.9168967895433
MWM Balanced,2017,VEU,89.68214071007263
MWM Balanced,2017,VOO,129.45602891781908
MWM Balanced,2017,XLF,6.410175354661373
MWM Balanced,2017,XLG,101.38273550234318
MWM Balanced,2017,XLV,9.748244130942378
MWM Balanced,2018,AVUV,63.955564960507964
MWM Balanced,2018,IMCB,13.980483379860349
MWM Balanced,2018,JBND,71.39215982846873
MWM Balanced,2018,JPIE,214.01479259012714
MWM Balanced,2018,PIMIX,305.6471266968222
MWM Balanced,2018,VEU,67.37769190426715
MWM Balanced,2018,VOO,107.84893895591918
MWM Balanced,2018,XLF,5.929142569171965
MWM Balanced,2018,XLG,78.54730828594896
MWM Balanced,2018,XLV,8.380044698848614
MWM Balanced,2019,AVUV,7.440736695338412
MWM Balanced,2019,FIKQX,67.07846447663344
MWM Balanced,2019,FIWDX,144.61763196511308
MWM Balanced,2019,IMCB,11.64501888937713
MWM Balanced,2019,JBND,64.6265777120084
MWM Balanced,2019,JPIE,163.37718225860138
MWM Balanced,2019,PIMIX,247.4309441342231
MWM Balanced,2019,VEU,68.0400647032796
MWM Balanced,2019,VOO,102.85015331539337
MWM Balanced,2019,XLF,6.098872034393818
MWM Balanced,2019,XLG,64.84746974060725
MWM Balanced,2019,XLV,9.886962569510953
MWM Balanced,2020,AVUV,11.580013035653211
MWM Balanced,2020,FIKQX,131.3108545919579
MWM Balanced,2020,FIWDX,167.37117065012922
MWM Balanced,2020,IMCB,9.964831351885634
MWM Balanced,2020,JBND,91.45005418055756
MWM Balanced,2020,JPIE,166.23114245289094
MWM Balanced,2020,PIMIX,229.0132155856951
MWM Balanced,2020,VEU,46.652507134819075
MWM Balanced,2020,VOO,88.95839720095411
MWM Balanced,2020,XLF,5.751054214127611
MWM Balanced,2020,XLG,43.607654454507674
MWM Balanced,2020,XLV,7.497989434946266
MWM Balanced,2021,AVUV,18.10309531692348
MWM Balanced,2021,FIKQX,45.480646740446225
MWM Balanced,2021,FIWDX,175.22803872026242
MWM Balanced,2021,IMCB,11.567264526887143
MWM Balanced,2021,JBND,63.859311581949925
MWM Balanced,2021,JPIE,134.48335111525114
MWM Balanced,2021,PIMIX,196.28889626889844
MWM Balanced,2021,VEU,75.88101351044769
MWM Balanced,2021,VOO,86.24943643385028
MWM Balanced,2021,XLF,6.965073845769945
MWM Balanced,2021,XLG,37.865023466773394
MWM Balanced,2021,XLV,8.216530060729864
MWM Balanced,2022,AVUV,18.51158696227077
MWM Balanced,2022,FIKQX,71.52103668120003
MWM Balanced,2022,FIWDX,137.246100233064
MWM Balanced,2022,IMCB,13.950850627063769
MWM Balanced,2022,JBND,60.326139809811124
MWM Balanced,2022,JPIE,161.73606431198237
MWM Balanced,2022,PIMIX,301.88331391013196
MWM Balanced,2022,VEU,66.6087863168533
MWM Balanced,2022,VOO,83.82051532883798
MWM Balanced,2022,XLF,6.49852565031189
MWM Balanced,2022,XLG,46.49460507472706
MWM Balanced,2022,XLV,7.929697847554538
MWM Balanced,2023,AVUV,19.23222949483209
MWM Balanced,2023,FIKQX,96.381554970215
MWM Balanced,2023,FIWDX,156.74911224530481
MWM Balanced,2023,IMCB,15.02601591089352
MWM Balanced,2023,JBND,89.26258847863075
MWM Balanced,2023,JPIE,190.47596661716125
MWM Balanced,2023,PIMIX,281.42335132613516
MWM Balanced,2023,VEU,81.04300771790113
MWM Balanced,2023,VOO,94.41189028167406
MWM Balanced,2023,XLF,5.75549263933185
MWM Balanced,2023,XLG,52.54562686496682
MWM Balanced,2023,XLV,7.602657865428201
MWM Balanced,2024,AVUV,19.232900331689486
MWM Balanced,2024,FIKQX,116.19300051976732
MWM Balanced,2024,FIWDX,165.4739672615969
MWM Balanced,2024,IMCB,15.777061061859975
MWM Balanced,2024,JBND,112.84975727276694
MWM Balanced,2024,JPIE,223.44089665798052
MWM Balanced,2024,PIMIX,301.43399270386533
MWM Balanced,2024,VEU,81.8580569529174
MWM Balanced,2024,VOO,92.33741506663144
MWM Balanced,2024,XLF,6.439500414800792
MWM Balanced,2024,XLG,43.79457654638802
MWM Balanced,2024,XLV,9.23189144038641
MWM Balanced,2025,AVUV,20.68383605343451
MWM Balanced,2025,FIKQX,130.6055998296294
MWM Balanced,2025,FIWDX,189.9226036404412
MWM Balanced,2025,IMCB,16.748123401878832
MWM Balanced,2025,JBND,124.51297165379594
MWM Balanced,2025,JPIE,224.0231697394825
MWM Balanced,2025,PIMIX,324.52497988578375
MWM Balanced,2025,VEU,107.41798523654379
MWM Balanced,2025,VOO,88.41935767484138
MWM Balanced,2025,XLF,5.8685397810744355
MWM Balanced,2025,XLG,39.313720519821175
MWM Balanced,2025,XLV,11.038710041437804
MWM Balanced,2026,AVUV,15.477619760234694
MWM Balanced,2026,FIKQX,91.19357158630821
MWM Balanced,2026,FIWDX,118.81024543197864
MWM Balanced,2026,IMCB,12.538934360756375
MWM Balanced,2026,JBND,85.2906616981848
MWM Balanced,2026,JPIE,153.9123050973579
MWM Balanced,2026,PIMIX,197.28282199016346
MWM Balanced,2026,VEU,28.637963916027967
MWM Balanced,2026,VOO,68.45961886966504
MWM Balanced,2026,XLF,5.1341453797027965
MWM Balanced,2026,XLG,29.60037789448097
MWM Balanced,2026,XLV,8.3974826166869
MWM Conservative,2011,AVUV,62.504988140394154
MWM Conservative,2011,IMCB,30.25734870087613
MWM Conservative,2011,JBND,661.9044026419087
MWM Conservative,2011,PIMIX,3852.5098120950543
MWM Conservative,2011,VEU,201.36589937520557
MWM Conservative,2011,VOO,304.2429936305733
MWM Conservative,2011,XLF,12.008485628074986
MWM Conservative,2011,XLG,230.1311095297202
MWM Conservative,2011,XLV,28.286953033542076
MWM Conservative,2012,AVUV,170.4376366991148
MWM Conservative,2012,IMCB,20.986341217239755
MWM Conservative,2012,JBND,299.11387118858977
MWM Conservative,2012,PIMIX,2051.3062279161422
MWM Conservative,2012,VEU,139.38831830102
MWM Conservative,2012,VOO,216.4662661748859
MWM Conservative,2012,XLF,11.389412637262865
MWM Conservative,2012,XLG,162.9412273867354
MWM Conservative,2012,XLV,18.018820178374554
MWM Conservative,2013,AVUV,90.56512622811208
MWM Conservative,2013,IMCB,14.246179860996019
MWM Conservative,2013,JBND,202.79789009148368
MWM Conservative,2013,PIMIX,948.0417397825846
MWM Conservative,2013,VEU,80.51167608465656
MWM Conservative,2013,VOO,139.92837239037823
MWM Conservative,2013,XLF,6.763784749906371
MWM Conservative,2013,XLG,108.97450499039732
MWM Conservative,2013,XLV,11.040310444128487
MWM Conservative,2014,AVUV,37.98429670183984
MWM Conservative,2014,IMCB,9.807865193940195
MWM Conservative,2014,JBND,116.06930918234431
MWM Conservative,2014,PIMIX,724.4161668579131
MWM Conservative,2014,VEU,58.91240836218724
MWM Conservative,2014,VOO,57.22930880891873
MWM Conservative,2014,XLF,4.2152958364373925
MWM Conservative,2014,XLG,62.923565872952594
MWM Conservative,2014,XLV,5.824683179359489
MWM Conservative,2015,AVUV,26.336190997958425
MWM Conservative,2015,IMCB,5.502482058714883
MWM Conservative,2015,JBND,65.84123300279904
MWM Conservative,2015,JPIE,251.52583972692884
MWM Conservative,2015,PIMIX,495.8105812243071
MWM Conservative,2015,VEU,30.447073485683404
MWM Conservative,2015,VOO,51.09515152224081
MWM Conservative,2015,XLF,2.7212785328318607
MWM Conservative,2015,XLG,38.96843897410161
MWM Conservative,2015,XLV,3.314178571177021
MWM Conservative,2016,AVUV,19.974842808905983
MWM Conservative,2016,IMCB,5.481608422965824
MWM Conservative,2016,JBND,53.44463231201688
MWM Conservative,2016,JPIE,182.60087443452684
MWM Conservative,2016,PIMIX,255.9429592461517
MWM Conservative,2016,VEU,23.96979338242084
MWM Conservative,2016,VOO,38.996606186004065
MWM Conservative,2016,XLF,2.0471021184639713
MWM Conservative,2016,XLG,28.585469383844554
MWM Conservative,2016,XLV,2.4400952670048133
MWM Conservative,2017,AVUV,15.568630582509341
MWM Conservative,2017,IMCB,3.3415074633515744
MWM Conservative,2017,JBND,42.605050350028876
MWM Conservative,2017,JPIE,132.7190576504601
MWM Conservative,2017,PIMIX,186.80020710913777
MWM Conservative,2017,VEU,20.172416582649287
MWM Conservative,2017,VOO,29.118851577239795
MWM Conservative,2017,XLF,1.4418559436498555
MWM Conservative,2017,XLG,22.804259116130968
MWM Conservative,2017,XLV,2.192695669413782
MWM Conservative,2018,AVUV,12.6437993162246
MWM Conservative,2018,IMCB,2.763894374288141
MWM Conservative,2018,JBND,32.932641046757304
MWM Conservative,2018,JPIE,98.72333824891993
MWM Conservative,2018,PIMIX,140.99261227932925
MWM Conservative,2018,VEU,13.320342261912817
MWM Conservative,2018,VOO,21.321371196836807
MWM Conservative,2018,XLF,1.1721714726183112
MWM Conservative,2018,XLG,15.52853771849906
MWM Conservative,2018,XLV,1.6567065508475989
MWM Conservative,2019,AVUV,1.3502048202574763
MWM Conservative,2019,FIKQX,28.401652885613395
MWM Conservative,2019,FIWDX,61.23246583325293
MWM Conservative,2019,IMCB,2.1131188053297008
MWM Conservative,2019,JBND,27.363500963874497
MWM Conservative,2019,JPIE,69.17543590394472
MWM Conservative,2019,PIMIX,104.76458939974376
MWM Conservative,2019,VEU,12.346630057552442
MWM Conservative,2019,VOO,18.663309623315293
MWM Conservative,2019,XLF,1.1067084827945965
MWM Conservative,2019,XLG,11.767298025761756
MWM Conservative,2019,XLV,1.794099840600751
MWM Conservative,2020,AVUV,2.0345931723091044
MWM Conservative,2020,FIKQX,53.832673350256634
MWM Conservative,2020,FIWDX,68.61609107530916
MWM Conservative,2020,IMCB,1.7508078591393885
MWM Conservative,2020,JBND,37.49119530036728
MWM Conservative,2020,JPIE,68.14872098817725
MWM Conservative,2020,PIMIX,93.8870869877932
MWM Conservative,2020,VEU,8.196784597337064
MWM Conservative,2020,VOO,15.629874250345605
MWM Conservative,2020,XLF,1.0104527172480422
MWM Conservative,2020,XLG,7.661807956553067
MWM Conservative,2020,XLV,1.317386954869416
MWM Conservative,2021,AVUV,3.1216064704492323
MWM Conservative,2021,FIKQX,18.29905789807666
MWM Conservative,2021,FIWDX,70.50269192977267
MWM Conservative,2021,IMCB,1.9946007663547576
MWM Conservative,2021,JBND,25.69368124068927
MWM Conservative,2021,JPIE,54.109138826226086
MWM Conservative,2021,PIMIX,78.97649077139955
MWM Conservative,2021,VEU,13.08453933494032
MWM Conservative,2021,VOO,14.87241790042467
MWM Conservative,2021,XLF,1.2010222121399707
MWM Conservative,2021,XLG,6.52925370983901
MWM Conservative,2021,XLV,1.4168170113006724
MWM Conservative,2022,AVUV,3.0538593799013034
MWM Conservative,2022,FIKQX,27.53061860156675
MWM Conservative,2022,FIWDX,52.83019116335167
MWM Conservative,2022,IMCB,2.3014739974424416
MWM Conservative,2022,JBND,23.221362886722012
MWM Conservative,2022,JPIE,62.25712192259217
MWM Conservative,2022,PIMIX,116.20405356374708
MWM Conservative,2022,VEU,10.988461837018633
MWM Conservative,2022,VOO,13.827883448720435
MWM Conservative,2022,XLF,1.0720627871171875
MWM Conservative,2022,XLG,7.670222229550259
MWM Conservative,2022,XLV,1.3081634870577747
MWM Conservative,2023,AVUV,3.232080492504332
MWM Conservative,2023,FIKQX,37.79403398829746
MWM Conservative,2023,FIWDX,61.465923408947525
MWM Conservative,2023,IMCB,2.5252034829715764
MWM Conservative,2023,JBND,35.002478470982616
MWM Conservative,2023,JPIE,74.69121201154599
MWM Conservative,2023,PIMIX,110.35434848926673
MWM Conservative,2023,VEU,13.619717067607361
MWM Conservative,2023,VOO,15.866430302417847
MWM Conservative,2023,XLF,0.9672417589097182
MWM Conservative,2023,XLG,8.830577630238166
MWM Conservative,2023,XLV,1.2776678951672116
MWM Conservative,2024,AVUV,3.1319296150853155
MWM Conservative,2024,FIKQX,44.14931448754982
MWM Conservative,2024,FIWDX,62.87437442405925
MWM Conservative,2024,IMCB,2.5691728198285766
MWM Conservative,2024,JBND,42.87899788620611
MWM Conservative,2024,JPIE,84.89979922891357
MWM Conservative,2024,PIMIX,114.53447351896813
MWM Conservative,2024,VEU,13.329953797023691
MWM Conservative,2024,VOO,15.036436514523558
MWM Conservative,2024,XLF,1.048623021367113
MWM Conservative,2024,XLG,7.131609320501517
MWM Conservative,2024,XLV,1.5033423824153243
MWM Conservative,2025,AVUV,3.2648555752152624
MWM Conservative,2025,FIKQX,48.102923422838124
MWM Conservative,2025,FIWDX,69.94977605171265
MWM Conservative,2025,IMCB,2.6436200674650863
MWM Conservative,2025,JBND,45.858967367598154
MWM Conservative,2025,JPIE,82.50924457279733
MWM Conservative,2025,PIMIX,119.52473918888188
MWM Conservative,2025,VEU,16.955472237930785
MWM Conservative,2025,VOO,13.956619657779784
MWM Conservative,2025,XLF,0.926324051936776
MWM Conservative,2025,XLG,6.205503625633311
MWM Conservative,2025,XLV,1.7424134444339803
MWM Conservative,2026,AVUV,2.3989388315161726
MWM Conservative,2026,FIKQX,32.980407068700615
MWM Conservative,2026,FIWDX,42.96805345067975
MWM Conservative,2026,IMCB,1.9434601062582746
MWM Conservative,2026,JBND,30.845603402019808
MWM Conservative,2026,JPIE,55.66281029127964
MWM Conservative,2026,PIMIX,71.34787752818386
MWM Conservative,2026,VEU,4.438713753016808
MWM Conservative,2026,VOO,10.61083297311514
MWM Conservative,2026,XLF,0.7957619394205628
MWM Conservative,2026,XLG,4.587882184640682
MWM Conservative,2026,XLV,1.3015597648876847
MWM Growth,2011,AVUV,166.67996837438446
MWM Growth,2011,IMCB,80.68626320233636
MWM Growth,2011,JBND,189.11554361197332
MWM Growth,2011,PIMIX,1100.717089170016
MWM Growth,2011,VEU,536.975731667215
MWM Growth,2011,VOO,703.398362147407
MWM Growth,2011,XLF,32.0226283415333
MWM Growth,2011,XLG,613.6829587459204
MWM Growth,2011,XLV,75.43187475611269
MWM Growth,2012,AVUV,631.0061901397875
MWM Growth,2012,IMCB,77.6971065366387
MWM Growth,2012,JBND,118.65004111018217
MWM Growth,2012,PIMIX,813.6953572386126
MWM Growth,2012,VEU,516.0532226599188
MWM Growth,2012,VOO,694.8169058433268
MWM Growth,2012,XLF,42.16668345886841
MWM Growth,2012,XLG,603.2524570351464
MWM Growth,2012,XLV,66.71054170765308
MWM Growth,2013,AVUV,482.7446721447292
MWM Growth,2013,IMCB,75.93725877430086
MWM Growth,2013,JBND,115.81989003132622
MWM Growth,2013,PIMIX,541.4360573337028
MWM Growth,2013,VEU,429.1561696432075
MWM Growth,2013,VOO,646.6574865455644
MWM Growth,2013,XLF,36.053403639352894
MWM Growth,2013,XLG,580.8732773277353
MWM Growth,2013,XLV,58.84882258434379
MWM Growth,2014,AVUV,316.82721675503944
MWM Growth,2014,IMCB,81.80745469888306
MWM Growth,2014,JBND,103.72871923019747
MWM Growth,2014,PIMIX,647.395609633307
MWM Growth,2014,VEU,491.3887051862677
MWM Growth,2014,VOO,413.85568756295265
MWM Growth,2014,XLF,35.159804540829526
MWM Growth,2014,XLG,524.8457908887467
MWM Growth,2014,XLV,48.58371275588172
MWM Growth,2015,AVUV,318.86117850407396
MWM Growth,2015,IMCB,66.62041272693388
MWM Growth,2015,JBND,85.41022429822314
MWM Growth,2015,JPIE,326.28305103221123
MWM Growth,2015,PIMIX,643.1728420092061
MWM Growth,2015,VEU,368.63302420603446
MWM Growth,2015,VOO,536.3402744180659
MWM Growth,2015,XLF,32.947440276533115
MWM Growth,2015,XLG,471.80408042717124
MWM Growth,2015,XLV,40.12588172148278
MWM Growth,2016,AVUV,292.2348668125625
MWM Growth,2016,FBTC,167.0201771993856
MWM Growth,2016,IMCB,80.19673159529484
MWM Growth,2016,JBND,83.7752972306511
MWM Growth,2016,JPIE,286.22972726280227
MWM Growth,2016,PIMIX,401.19459256000437
MWM Growth,2016,VEU,350.6815770041119
MWM Growth,2016,VOO,494.6380346138171
MWM Growth,2016,XLF,29.949402889633966
MWM Growth,2016,XLG,418.2095908378225
MWM Growth,2016,XLV,35.698950033548485
MWM Growth,2017,AVUV,292.91643180009487
MWM Growth,2017,FBTC,136.84880289134048
MWM Growth,2017,IMCB,62.8688848265144
MWM Growth,2017,JBND,85.88506084436092
MWM Growth,2017,JPIE,267.5406846810198
MWM Growth,2017,PIMIX,376.5597510506567
MWM Growth,2017,VEU,379.53449115897206
MWM Growth,2017,VOO,474.9846763502778
MWM Growth,2017,XLF,27.127838633293674
MWM Growth,2017,XLG,429.0513654840175
MWM Growth,2017,XLV,41.25453347385469
MWM Growth,2018,AVUV,318.536632584317
MWM Growth,2018,FBTC,148.81146133707313
MWM Growth,2018,IMCB,69.63109622237877
MWM Growth,2018,JBND,88.89382104092152
MWM Growth,2018,JPIE,266.48013897221267
MWM Growth,2018,PIMIX,380.5759770756334
MWM Growth,2018,VEU,335.5808537340202
MWM Growth,2018,VOO,465.70291508422395
MWM Growth,2018,XLF,29.530645367023006
MWM Growth,2018,XLG,391.212165750051
MWM Growth,2018,XLV,41.73759110603724
MWM Growth,2019,AVUV,41.66485274922922
MWM Growth,2019,FBTC,134.08918284476135
MWM Growth,2019,FIKQX,93.90247429445627
MWM Growth,2019,FIWDX,202.44878254271495
MWM Growth,2019,IMCB,65.20698381812907
MWM Growth,2019,JBND,90.47010243435899
MWM Growth,2019,JPIE,228.7100901464912
MWM Growth,2019,PIMIX,346.37611418953367
MWM Growth,2019,VEU,380.994435495374
MWM Growth,2019,VOO,499.3107231163508
MWM Growth,2019,XLF,34.15100085568252
MWM Growth,2019,XLG,363.11730794011305
MWM Growth,2019,XLV,55.36264169297794
MWM Growth,2020,AVUV,67.87348284280915
MWM Growth,2020,FBTC,126.66758351253168
MWM Growth,2020,FIKQX,192.4118092264113
MWM Growth,2020,FIWDX,245.25154342500315
MWM Growth,2020,IMCB,58.406480865895205
MWM Growth,2020,JBND,134.0031670147401
MWM Growth,2020,JPIE,243.58104262229827
MWM Growth,2020,PIMIX,335.5765773098591
MWM Growth,2020,VEU,273.4425369677969
MWM Growth,2020,VOO,452.05374447519375
MWM Growth,2020,XLF,33.70843178922526
MWM Growth,2020,XLG,255.59585963507658
MWM Growth,2020,XLV,43.947675680632834
MWM Growth,2021,AVUV,108.28542332766523
MWM Growth,2021,FBTC,173.8318821896563
MWM Growth,2021,FIKQX,68.01172671423252
MWM Growth,2021,FIWDX,262.0358841888478
MWM Growth,2021,IMCB,69.1907165105689
MWM Growth,2021,JBND,95.49516901676282
MWM Growth,2021,JPIE,201.10630738965867
MWM Growth,2021,PIMIX,293.53027555359023
MWM Growth,2021,VEU,453.8896540432907
MWM Growth,2021,VOO,447.2861610314523
MWM Growth,2021,XLF,41.66226585530804
MWM Growth,2021,XLG,226.49331639868672
MWM Growth,2021,XLV,49.14797278224915
MWM Growth,2022,AVUV,118.58898458625674
MWM Growth,2022,FBTC,147.21923392903204
MWM Growth,2022,FIKQX,114.5445705690527
MWM Growth,2022,FIWDX,219.8065959746619
MWM Growth,2022,IMCB,89.37198163236745
MWM Growth,2022,JBND,96.61537498966098
MWM Growth,2022,JPIE,259.02851652896237
MWM Growth,2022,PIMIX,483.4814504707548
MWM Growth,2022,VEU,426.7094090818902
MWM Growth,2022,VOO,465.54649381551076
MWM Growth,2022,XLF,41.630874746121535
MWM Growth,2022,XLG,297.85388015563973
MWM Growth,2022,XLV,50.79925442016029
MWM Growth,2023,AVUV,119.28771973245584
MWM Growth,2023,FBTC,161.88146126070106
MWM Growth,2023,FIKQX,149.4514185127975
MWM Growth,2023,FIWDX,243.0587178524155
MWM Growth,2023,IMCB,93.19872015648164
MWM Growth,2023,JBND,138.4125880971526
MWM Growth,2023,JPIE,295.35634087173895
MWM Growth,2023,PIMIX,436.381412100209
MWM Growth,2023,VEU,502.6684812348974
MWM Growth,2023,VOO,507.69727439283207
MWM Growth,2023,XLF,35.6983881180971
MWM Growth,2023,XLG,325.91374870597593
MWM Growth,2023,XLV,47.1554127885507
MWM Growth,2024,AVUV,124.27379201980209
MWM Growth,2024,FBTC,184.9500591852145
MWM Growth,2024,FIKQX,187.6958822086541
MWM Growth,2024,FIWDX,267.3033842726831
MWM Growth,2024,IMCB,101.94381353158461
MWM Growth,2024,JBND,182.29527298196373
MWM Growth,2024,JPIE,360.94201915869786
MWM Growth,2024,PIMIX,486.93052881962353
MWM Growth,2024,VEU,528.9275652383292
MWM Growth,2024,VOO,517.2786056954069
MWM Growth,2024,XLF,41.60896804221547
MWM Growth,2024,XLG,282.97958204221794
MWM Growth,2024,XLV,59.652061676918514
MWM Growth,2025,AVUV,138.86400015381835
MWM Growth,2025,FBTC,142.15808965039918
MWM Growth,2025,FIKQX,219.21001486351037
MWM Growth,2025,FIWDX,318.76838987950396
MWM Growth,2025,IMCB,112.4410097163041
MWM Growth,2025,JBND,208.98407420916985
MWM Growth,2025,JPIE,376.0031915356053
MWM Growth,2025,PIMIX,544.6866425110543
MWM Growth,2025,VEU,721.1665708370095
MWM Growth,2025,VOO,514.657107855475
MWM Growth,2025,XLF,39.39931195337878
MWM Growth,2025,XLG,263.93849178692926
MWM Growth,2025,XLV,74.1100165816504
MWM Growth,2026,AVUV,106.28717377300765
MWM Growth,2026,FBTC,0.0
MWM Growth,2026,FIKQX,156.56003862877176
MWM Growth,2026,FIWDX,203.97201568884714
MWM Growth,2026,IMCB,86.10677326200454
MWM Growth,2026,JBND,146.4259931688664
MWM Growth,2026,JPIE,264.23481405901583
MWM Growth,2026,PIMIX,338.6928014146389
MWM Growth,2026,VEU,196.6612628040058
MWM Growth,2026,VOO,407.58969728717625
MWM Growth,2026,XLF,35.256958796103746
MWM Growth,2026,XLG,203.27030627154306
MWM Growth,2026,XLV,57.666792954091434
MWM Growth Plus,2011,AVUV,177.09746639778348
MWM Growth Plus,2011,IMCB,85.72915465248236
MWM Growth Plus,2011,JBND,141.83665770898045
MWM Growth Plus,2011,PIMIX,825.5378168775119
MWM Growth Plus,2011,VEU,570.5367148964158
MWM Growth Plus,2011,VOO,747.3607597816199
MWM Growth Plus,2011,XLF,34.024042612878944
MWM Growth Plus,2011,XLG,652.0381436675406
MWM Growth Plus,2011,XLV,80.14636692836976
MWM Growth Plus,2012,AVUV,690.415061330102
MWM Growth Plus,2012,IMCB,85.01224459110495
MWM Growth Plus,2012,JBND,91.63826434292397
MWM Growth Plus,2012,PIMIX,628.4501003417073
MWM Growth Plus,2012,VEU,564.6393378382154
MWM Growth Plus,2012,VOO,760.2335193490592
MWM Growth Plus,2012,XLF,46.13665254201731
MWM Growth Plus,2012,XLG,660.0483301585186
MWM Growth Plus,2012,XLV,72.99130097955202
MWM Growth Plus,2013,AVUV,545.2607772672851
MWM Growth Plus,2013,IMCB,85.77123919123989
MWM Growth Plus,2013,JBND,92.34263050986242
MWM Growth Plus,2013,PIMIX,431.68431409803276
MWM Growth Plus,2013,VEU,484.73248930762145
MWM Growth Plus,2013,VOO,730.400528654272
MWM Growth Plus,2013,XLF,40.72236945502924
MWM Growth Plus,2013,XLG,656.0971730301352
MWM Growth Plus,2013,XLV,66.46982679486466
MWM Growth Plus,2014,AVUV,371.4383946933159
MWM Growth Plus,2014,IMCB,95.90852060791576
MWM Growth Plus,2014,JBND,85.84117462190413
MWM Growth Plus,2014,PIMIX,535.7551890008119
MWM Growth Plus,2014,VEU,576.0888653891543
MWM Growth Plus,2014,VOO,485.1915621312752
MWM Growth Plus,2014,XLF,41.22026349293644
MWM Growth Plus,2014,XLG,615.3129141679368
MWM Growth Plus,2014,XLV,56.95803680981854
MWM Growth Plus,2015,AVUV,386.1420627046966
MWM Growth Plus,2015,IMCB,80.67756541986121
MWM Growth Plus,2015,JBND,73.01089165026809
MWM Growth Plus,2015,JPIE,278.91527837525075
MWM Growth Plus,2015,PIMIX,549.8009525928139
MWM Growth Plus,2015,VEU,446.4159513421914
MWM Growth Plus,2015,VOO,649.5100496304192
MWM Growth Plus,2015,XLF,39.89947164125432
MWM Growth Plus,2015,XLG,571.3564807837303
MWM Growth Plus,2015,XLV,48.59259069564057
MWM Growth Plus,2016,AVUV,360.60598505816466
MWM Growth Plus,2016,FBTC,206.09613144554655
MWM Growth Plus,2016,IMCB,98.95951742786139
MWM Growth Plus,2016,JBND,72.97081583140212
MWM Growth Plus,2016,JPIE,249.31474317616016
MWM Growth Plus,2016,PIMIX,349.4526154368484
MWM Growth Plus,2016,VEU,432.7268573274922
MWM Growth Plus,2016,VOO,610.3632932806581
MWM Growth Plus,2016,XLF,36.956349694737995
MWM Growth Plus,2016,XLG,516.0536903406971
MWM Growth Plus,2016,XLV,44.05105791379363
MWM Growth Plus,2017,AVUV,369.5356526774392
MWM Growth Plus,2017,FBTC,172.64484407310522
MWM Growth Plus,2017,IMCB,79.31372864504907
MWM Growth Plus,2017,JBND,76.4825858013818
MWM Growth Plus,2017,JPIE,238.25102026250596
MWM Growth Plus,2017,PIMIX,335.3349603054943
MWM Growth Plus,2017,VEU,478.81071417580006
MWM Growth Plus,2017,VOO,599.2281529179315
MWM Growth Plus,2017,XLF,34.223766462933966
MWM Growth Plus,2017,XLG,541.2798981672954
MWM Growth Plus,2017,XLV,52.0456324675167
MWM Growth Plus,2018,AVUV,412.0926035553991
MWM Growth Plus,2018,FBTC,192.5182106803541
MWM Growth Plus,2018,IMCB,90.08213434635695
MWM Growth Plus,2018,JBND,81.17818446748764
MWM Growth Plus,2018,JPIE,243.35070340209128
MWM Growth Plus,2018,PIMIX,347.5434682543121
MWM Growth Plus,2018,VEU,434.14280673664854
MWM Growth Plus,2018,VOO,602.4824372738268
MWM Growth Plus,2018,XLF,38.20395925968228
MWM Growth Plus,2018,XLG,506.11334281563643
MWM Growth Plus,2018,XLV,53.996152484800234
MWM Growth Plus,2019,AVUV,54.88964306661077
MWM Growth Plus,2019,FBTC,176.65026754663415
MWM Growth Plus,2019,FIKQX,87.32325503591517
MWM Growth Plus,2019,FIWDX,188.26433278267442
MWM Growth Plus,2019,IMCB,85.90425337081221
MWM Growth Plus,2019,JBND,84.13137020466496
MWM Growth Plus,2019,JPIE,212.68565797875067
MWM Growth Plus,2019,PIMIX,322.10748422746974
MWM Growth Plus,2019,VEU,501.9254166233147
MWM Growth Plus,2019,VOO,657.7963334262552
MWM Growth Plus,2019,XLF,44.99082856762527
MWM Growth Plus,2019,XLG,478.3739317189863
MWM Growth Plus,2019,XLV,72.93523056573004
MWM Growth Plus,2020,AVUV,90.09051500156447
MWM Growth Plus,2020,FBTC,168.1296929918287
MWM Growth Plus,2020,FIKQX,180.2781042148054
MWM Growth Plus,2020,FIWDX,229.785705368991
MWM Growth Plus,2020,IMCB,77.52467856738235
MWM Growth Plus,2020,JBND,125.55277664777232
MWM Growth Plus,2020,JPIE,228.22054822498876
MWM Growth Plus,2020,PIMIX,314.4147410678287
MWM Growth Plus,2020,VEU,362.94850281685615
MWM Growth Plus,2020,VOO,600.02453008746
MWM Growth Plus,2020,XLF,44.742215259816
MWM Growth Plus,2020,XLG,339.26007127290376
MWM Growth Plus,2020,XLV,58.33307161147704
MWM Growth Plus,2021,AVUV,144.31999900533867
MWM Growth Plus,2021,FBTC,231.67861650957693
MWM Growth Plus,2021,FIKQX,63.9841852596524
MWM Growth Plus,2021,FIWDX,246.51855449962414
MWM Growth Plus,2021,IMCB,92.21558942211574
MWM Growth Plus,2021,JBND,89.84010377274757
MWM Growth Plus,2021,JPIE,189.19712600403278
MWM Growth Plus,2021,PIMIX,276.14790033565606
MWM Growth Plus,2021,VEU,604.9323390632728
MWM Growth Plus,2021,VOO,596.1313751328229
MWM Growth Plus,2021,XLF,55.52638556534162
MWM Growth Plus,2021,XLG,301.8644079033967
MWM Growth Plus,2021,XLV,65.5031412823267
MWM Growth Plus,2022,AVUV,159.70528307640484
MWM Growth Plus,2022,FBTC,198.26200140727317
MWM Growth Plus,2022,FIKQX,108.88843739776598
MWM Growth Plus,2022,FIWDX,208.95269541365374
MWM Growth Plus,2022,IMCB,120.35837624796235
MWM Growth Plus,2022,JBND,91.84457333035542
MWM Growth Plus,2022,JPIE,246.23786414474054
MWM Growth Plus,2022,PIMIX,459.60746450944885
MWM Growth Plus,2022,VEU,574.6549496696368
MWM Growth Plus,2022,VOO,626.9573421126192
MWM Growth Plus,2022,XLF,56.064824732618305
MWM Growth Plus,2022,XLG,401.123581685299
MWM Growth Plus,2022,XLV,68.41199741735721
MWM Growth Plus,2023,AVUV,159.83165893401187
MWM Growth Plus,2023,FBTC,216.9023145214845
MWM Growth Plus,2023,FIKQX,141.35117939273752
MWM Growth Plus,2023,FIWDX,229.88498049741585
MWM Growth Plus,2023,IMCB,124.8754363529363
MWM Growth Plus,2023,JBND,130.91065153495654
MWM Growth Plus,2023,JPIE,279.3480820643308
MWM Growth Plus,2023,PIMIX,412.7296206302045
MWM Growth Plus,2023,VEU,673.5172524867562
MWM Growth Plus,2023,VOO,680.2552499492898
MWM Growth Plus,2023,XLF,47.83168466110958
MWM Growth Plus,2023,XLG,436.6864857666131
MWM Growth Plus,2023,XLV,63.18276408180455
MWM Growth Plus,2024,AVUV,167.70433291544364
MWM Growth Plus,2024,FBTC,249.5854177635934
MWM Growth Plus,2024,FIKQX,178.7935315394518
MWM Growth Plus,2024,FIWDX,254.62527735921034
MWM Growth Plus,2024,IMCB,137.57059284427876
MWM Growth Plus,2024,JBND,173.6490713374376
MWM Growth Plus,2024,JPIE,343.8226642320469
MWM Growth Plus,2024,PIMIX,463.83558252627097
MWM Growth Plus,2024,VEU,713.7743449137654
MWM Growth Plus,2024,VOO,698.0543692249779
MWM Growth Plus,2024,XLF,56.15024789545191
MWM Growth Plus,2024,XLG,381.8737745406475
MWM Growth Plus,2024,XLV,80.49894549741006
MWM Growth Plus,2025,AVUV,188.69796555419742
MWM Growth Plus,2025,FBTC,193.17420119244582
MWM Growth Plus,2025,FIKQX,210.26658561248604
MWM Growth Plus,2025,FIWDX,305.76313305250494
MWM Growth Plus,2025,IMCB,152.7925866662636
MWM Growth Plus,2025,JBND,200.45784750623346
MWM Growth Plus,2025,JPIE,360.66284340528824
MWM Growth Plus,2025,PIMIX,522.4642707170074
MWM Growth Plus,2025,VEU,979.9707958283157
MWM Growth Plus,2025,VOO,699.3515173317938
MWM Growth Plus,2025,XLF,53.53849811039943
MWM Growth Plus,2025,XLG,358.65779738786625
MWM Growth Plus,2025,XLV,100.70579373095165
MWM Growth Plus,2026,AVUV,145.03070782364028
MWM Growth Plus,2026,FBTC,0.0
MWM Growth Plus,2026,FIKQX,150.79687857098634
MWM Growth Plus,2026,FIWDX,196.46356472000656
MWM Growth Plus,2026,IMCB,117.49419832414117
MWM Growth Plus,2026,JBND,141.0358793017305
MWM Growth Plus,2026,JPIE,254.50801825851
MWM Growth Plus,2026,PIMIX,326.2251190988431
MWM Growth Plus,2026,VEU,268.3477331598709
MWM Growth Plus,2026,VOO,556.1632716420444
MWM Growth Plus,2026,XLF,48.1087370036589
MWM Growth Plus,2026,XLG,277.3658885788982
MWM Growth Plus,2026,XLV,78.6873477124589
MWM Moderate,2011,AVUV,145.84497232758642
MWM Moderate,2011,IMCB,70.6004803020443
MWM Moderate,2011,JBND,283.6733154179609
MWM Moderate,2011,PIMIX,1651.0756337550238
MWM Moderate,2011,VEU,469.8537652088132
MWM Moderate,2011,VOO,709.9003184713378
MWM Moderate,2011,XLF,28.01979979884164
MWM Moderate,2011,XLG,536.9725889026804
MWM Moderate,2011,XLV,66.00289041159856
MWM Moderate,2012,AVUV,542.6271388659613
MWM Moderate,2012,IMCB,66.81480986549462
MWM Moderate,2012,JBND,174.91175207380445
MWM Moderate,2012,PIMIX,1199.5350297161556
MWM Moderate,2012,VEU,443.7745430872501
MWM Moderate,2012,VOO,689.1697922498006
MWM Moderate,2012,XLF,36.260796103574876
MWM Moderate,2012,XLG,518.7606078829854
MWM Moderate,2012,XLV,57.367028952605
MWM Moderate,2013,AVUV,405.414418161833
MWM Moderate,2013,IMCB,63.77296604022988
MWM Moderate,2013,JBND,166.74317041585226
MWM Moderate,2013,PIMIX,779.4927516583025
MWM Moderate,2013,VEU,360.4101896008082
MWM Moderate,2013,VOO,626.3887882637146
MWM Moderate,2013,XLF,30.278054844735493
MWM Moderate,2013,XLG,487.8239271027697
MWM Moderate,2013,XLV,49.42190467176792
MWM Moderate,2014,AVUV,257.4146146061029
MWM Moderate,2014,IMCB,66.46662063600714
MWM Moderate,2014,JBND,144.47507864851113
MWM Moderate,2014,PIMIX,901.7033306938139
MWM Moderate,2014,VEU,399.24169224739785
MWM Moderate,2014,VOO,387.8355465380489
MWM Moderate,2014,XLF,28.566508989349902
MWM Moderate,2014,XLG,426.42478248236887
MWM Moderate,2014,XLV,39.4731166825805
MWM Moderate,2015,AVUV,253.15458770981843
MWM Moderate,2015,IMCB,52.89218084204441
MWM Moderate,2015,JBND,116.24578742488865
MWM Moderate,2015,JPIE,444.0806765499081
MWM Moderate,2015,PIMIX,875.3768542815877
MWM Moderate,2015,VEU,292.6701259053078
MWM Moderate,2015,VOO,491.1481701581784
MWM Moderate,2015,XLF,26.15807825345863
MWM Moderate,2015,XLG,374.58108892620965
MWM Moderate,2015,XLV,31.857283760133633
MWM Moderate,2016,AVUV,232.487729197862
MWM Moderate,2016,IMCB,63.8005869081979
MWM Moderate,2016,JBND,114.25288841011367
MWM Moderate,2016,JPIE,390.36057369724347
MWM Moderate,2016,PIMIX,547.1498464314407
MWM Moderate,2016,VEU,278.98506567152185
MWM Moderate,2016,VOO,453.88254142180847
MWM Moderate,2016,XLF,23.826276257134047
MWM Moderate,2016,XLG,332.70704198693073
MWM Moderate,2016,XLV,28.400334014116495
MWM Moderate,2017,AVUV,223.35244349734091
MWM Moderate,2017,IMCB,47.938311141035626
MWM Moderate,2017,JBND,112.26588561671022
MWM Moderate,2017,JPIE,349.7196323659314
MWM Moderate,2017,PIMIX,492.2254641691328
MWM Moderate,2017,VEU,289.39979731054774
MWM Moderate,2017,VOO,417.7481517815443
MWM Moderate,2017,XLF,20.685316314664135
MWM Moderate,2017,XLG,327.1570334167061
MWM Moderate,2017,XLV,31.457097849043574
MWM Moderate,2018,AVUV,231.3709403370851
MWM Moderate,2018,IMCB,50.57695273214561
MWM Moderate,2018,JBND,110.68893465826997
MWM Moderate,2018,JPIE,331.81611888236176
MWM Moderate,2018,PIMIX,473.88613703127646
MWM Moderate,2018,VEU,243.75110974719587
MWM Moderate,2018,VOO,390.1632396804914
MWM Moderate,2018,XLF,21.449756443697318
MWM Moderate,2018,XLG,284.15923759392865
MWM Moderate,2018,XLV,30.316342655039563
MWM Moderate,2019,AVUV,29.12883106766889
MWM Moderate,2019,FIKQX,112.54169388376764
MWM Moderate,2019,FIWDX,242.633957020329
MWM Moderate,2019,IMCB,45.58766179980411
MWM Moderate,2019,JBND,108.42801161845266
MWM Moderate,2019,JPIE,274.10801628807377
MWM Moderate,2019,PIMIX,415.13021786337305
MWM Moderate,2019,VEU,266.36173697918383
MWM Moderate,2019,VOO,402.6355002032069
MWM Moderate,2019,XLF,23.87572903963748
MWM Moderate,2019,XLG,253.86343699318428
MWM Moderate,2019,XLV,38.70526189161844
MWM Moderate,2020,AVUV,46.77277849115308
MWM Moderate,2020,FIKQX,227.30446341606034
MWM Moderate,2020,FIWDX,289.72634634178615
MWM Moderate,2020,IMCB,40.248905427691795
MWM Moderate,2020,JBND,158.30378653368683
MWM Moderate,2020,JPIE,287.75291087479656
MWM Moderate,2020,PIMIX,396.4312489295241
MWM Moderate,2020,VEU,188.4339314261181
MWM Moderate,2020,VOO,359.31146142907016
MWM Moderate,2020,XLF,23.229057171163166
MWM Moderate,2020,XLG,176.13548068034433
MWM Moderate,2020,XLV,30.285095352655084
MWM Moderate,2021,AVUV,74.47839285576629
MWM Moderate,2021,FIKQX,80.19130941742496
MWM Moderate,2021,FIWDX,308.96143477943946
MWM Moderate,2021,IMCB,47.5891695104039
MWM Moderate,2021,JBND,112.59650381571635
MWM Moderate,2021,JPIE,237.1205511285016
MWM Moderate,2021,PIMIX,346.0958615152191
MWM Moderate,2021,VEU,312.18395725075777
MWM Moderate,2021,VOO,354.8409428250427
MWM Moderate,2021,XLF,28.65518283327667
MWM Moderate,2021,XLG,155.781430958649
MWM Moderate,2021,XLV,33.8038298457265
MWM Moderate,2022,AVUV,79.45594153645094
MWM Moderate,2022,FIKQX,131.5648098230911
MWM Moderate,2022,FIWDX,252.46777611195293
MWM Moderate,2022,IMCB,59.880223887178005
MWM Moderate,2022,JBND,110.97150544414961
MWM Moderate,2022,JPIE,297.5177029045289
MWM Moderate,2022,PIMIX,555.3222188373438
MWM Moderate,2022,VEU,285.9000604428263
MWM Moderate,2022,VOO,359.7767160156198
MWM Moderate,2022,XLF,27.893150122498707
MWM Moderate,2022,XLG,199.5654197615438
MWM Moderate,2022,XLV,34.036066700341046
MWM Moderate,2023,AVUV,81.00527127486723
MWM Moderate,2023,FIKQX,173.98058685857197
MWM Moderate,2023,FIWDX,282.95146873720836
MWM Moderate,2023,IMCB,63.288891980488906
MWM Moderate,2023,JBND,161.1299748466047
MWM Moderate,2023,JPIE,343.8325981018724
MWM Moderate,2023,PIMIX,508.00383781479763
MWM Moderate,2023,VEU,341.3494429693553
MWM Moderate,2023,VOO,397.6585650610644
MWM Moderate,2023,XLF,24.241871837836477
MWM Moderate,2023,XLG,221.31977780570622
MWM Moderate,2023,XLV,32.022047312013356
MWM Moderate,2024,AVUV,83.52099256347618
MWM Moderate,2024,FIKQX,216.24896991929623
MWM Moderate,2024,FIWDX,307.96670030646146
MWM Moderate,2024,IMCB,68.51362908848205
MWM Moderate,2024,JBND,210.0267972830843
MWM Moderate,2024,JPIE,415.8500385047887
MWM Moderate,2024,PIMIX,561.004450606145
MWM Moderate,2024,VEU,355.4776475787337
MWM Moderate,2024,VOO,400.9854168694316
MWM Moderate,2024,XLF,27.964241325106148
MWM Moderate,2024,XLG,190.18278257412203
MWM Moderate,2024,XLV,40.090507569931205
MWM Moderate,2025,AVUV,92.57787554941837
MWM Moderate,2025,FIKQX,250.53080653721747
MWM Moderate,2025,FIWDX,364.31411158293724
MWM Moderate,2025,IMCB,74.96219173174026
MWM Moderate,2025,JBND,238.8437804616584
MWM Moderate,2025,JPIE,429.72663860561306
MWM Moderate,2025,PIMIX,622.5116308819638
MWM Moderate,2025,VEU,480.78745370575194
MWM Moderate,2025,VOO,395.7523290087072
MWM Moderate,2025,XLF,26.26674008175125
MWM Moderate,2025,XLG,175.96255918225924
MWM Moderate,2025,XLV,49.40767862413261
MWM Moderate,2026,AVUV,70.52716202587844
MWM Moderate,2026,FIKQX,178.09005792009935
MWM Moderate,2026,FIWDX,232.0220945667963
MWM Moderate,2026,IMCB,57.136398812753235
MWM Moderate,2026,JBND,166.5623861161929
MWM Moderate,2026,JPIE,300.57218784837926
MWM Moderate,2026,PIMIX,385.26958187636023
MWM Moderate,2026,VEU,130.4951505777487
MWM Moderate,2026,VOO,311.9512371440722
MWM Moderate,2026,XLF,23.394857133589625
MWM Moderate,2026,XLG,134.8806005142249
MWM Moderate,2026,XLV,38.2649675008938
MWM Ultra Aggressive,2011,AVUV,359.32819269115475
MWM Ultra Aggressive,2011,IMCB,99.85593003931524
MWM Ultra Aggressive,2011,VEU,664.466951660638
MWM Ultra Aggressive,2011,VOO,188.8535031847134
MWM Ultra Aggressive,2011,XLG,1334.760435272377
MWM Ultra Aggressive,2011,XLV,136.69237659206857
MWM Ultra Aggressive,2012,AVUV,1531.0369084070035
MWM Ultra Aggressive,2012,IMCB,108.22392015313326
MWM Ultra Aggressive,2012,VEU,718.7161080237536
MWM Ultra Aggressive,2012,VOO,209.96080363330836
MWM Ultra Aggressive,2012,XLG,1476.7348282886167
MWM Ultra Aggressive,2012,XLV,136.05923254589453
MWM Ultra Aggressive,2013,AVUV,1321.418998862787
MWM Ultra Aggressive,2013,IMCB,119.32854568130765
MWM Ultra Aggressive,2013,VEU,674.293946950572
MWM Ultra Aggressive,2013,VOO,220.4515598335834
MWM Ultra Aggressive,2013,XLG,1604.1901022314096
MWM Ultra Aggressive,2013,XLV,135.40738296947518
MWM Ultra Aggressive,2014,AVUV,997.4413361000244
MWM Ultra Aggressive,2014,IMCB,147.85095545126245
MWM Ultra Aggressive,2014,VEU,887.9753158311439
MWM Ultra Aggressive,2014,VOO,162.26677959138559
MWM Ultra Aggressive,2014,XLG,1667.0475070894618
MWM Ultra Aggressive,2014,XLV,128.56924383740667
MWM Ultra Aggressive,2015,AVUV,1127.4277796631702
MWM Ultra Aggressive,2015,IMCB,135.22617951575222
MWM Ultra Aggressive,2015,VEU,748.1560068719182
MWM Ultra Aggressive,2015,VOO,236.18010069358883
MWM Ultra Aggressive,2015,XLG,1683.0621559230233
MWM Ultra Aggressive,2015,XLV,119.25955442582496
MWM Ultra Aggressive,2016,AVUV,1115.4527175085536
MWM Ultra Aggressive,2016,FBTC,369.6495693407793
MWM Ultra Aggressive,2016,IMCB,175.72849065450322
MWM Ultra Aggressive,2016,VEU,768.3213993785903
MWM Ultra Aggressive,2016,VOO,235.13780072863003
MWM Ultra Aggressive,2016,XLG,1610.5139873928888
MWM Ultra Aggressive,2016,XLV,114.53971210051583
MWM Ultra Aggressive,2017,AVUV,1220.0691370683905
MWM Ultra Aggressive,2017,FBTC,330.50941715631666
MWM Ultra Aggressive,2017,IMCB,150.32902399242306
MWM Ultra Aggressive,2017,VEU,907.4084083390871
MWM Ultra Aggressive,2017,VOO,246.3973961682291
MWM Ultra Aggressive,2017,XLG,1803.0234383342106
MWM Ultra Aggressive,2017,XLV,144.4421338351462
MWM Ultra Aggressive,2018,AVUV,1456.3641366954519
MWM Ultra Aggressive,2018,FBTC,394.50190258267787
MWM Ultra Aggressive,2018,IMCB,182.759599789562
MWM Ultra Aggressive,2018,VEU,880.6809640463854
MWM Ultra Aggressive,2018,VOO,265.176696821802
MWM Ultra Aggressive,2018,XLG,1804.5724410501368
MWM Ultra Aggressive,2018,XLV,160.40558310585374
MWM Ultra Aggressive,2019,AVUV,204.52724601822084
MWM Ultra Aggressive,2019,FBTC,381.6604805341542
MWM Ultra Aggressive,2019,IMCB,183.75611744858347
MWM Ultra Aggressive,2019,VEU,1073.5216203860812
MWM Ultra Aggressive,2019,VOO,305.25867947348195
MWM Ultra Aggressive,2019,XLG,1798.3724752391186
MWM Ultra Aggressive,2019,XLV,228.44393542169402
MWM Ultra Aggressive,2020,AVUV,341.3344564041909
MWM Ultra Aggressive,2020,FBTC,369.3580855980663
MWM Ultra Aggressive,2020,IMCB,168.61934977003338
MWM Ultra Aggressive,2020,VEU,789.326918629576
MWM Ultra Aggressive,2020,VOO,283.1299913441762
MWM Ultra Aggressive,2020,XLG,1296.8363879977192
MWM Ultra Aggressive,2020,XLV,185.779340061464
MWM Ultra Aggressive,2021,AVUV,557.9977993437528
MWM Ultra Aggressive,2021,FBTC,519.3905568755124
MWM Ultra Aggressive,2021,IMCB,204.6806041398208
MWM Ultra Aggressive,2021,VEU,1342.528810545628
MWM Ultra Aggressive,2021,VOO,287.05410227540483
MWM Ultra Aggressive,2021,XLG,1177.5226129802452
MWM Ultra Aggressive,2021,XLV,212.88722730519854
MWM Ultra Aggressive,2022,AVUV,641.0853559643782
MWM Ultra Aggressive,2022,FBTC,461.4643854422351
MWM Ultra Aggressive,2022,IMCB,277.35708766838627
MWM Ultra Aggressive,2022,VEU,1324.0810462203456
MWM Ultra Aggressive,2022,VOO,313.4370817816931
MWM Ultra Aggressive,2022,XLG,1624.5240524313976
MWM Ultra Aggressive,2022,XLV,230.8396214477592
MWM Ultra Aggressive,2023,AVUV,627.3457185263545
MWM Ultra Aggressive,2023,FBTC,493.64011738012243
MWM Ultra Aggressive,2023,IMCB,281.37630663767595
MWM Ultra Aggressive,2023,VEU,1517.4126473651972
MWM Ultra Aggressive,2023,VOO,332.53077333426086
MWM Ultra Aggressive,2023,XLG,1729.2797695949812
MWM Ultra Aggressive,2023,XLV,208.46073351420142
MWM Ultra Aggressive,2024,AVUV,684.757732787919
MWM Ultra Aggressive,2024,FBTC,590.900012200213
MWM Ultra Aggressive,2024,IMCB,322.46653084079617
MWM Ultra Aggressive,2024,VEU,1672.878653160902
MWM Ultra Aggressive,2024,VOO,354.97496129995614
MWM Ultra Aggressive,2024,XLG,1573.1273200937378
MWM Ultra Aggressive,2024,XLV,276.2894884358892
MWM Ultra Aggressive,2025,AVUV,790.4444529309268
MWM Ultra Aggressive,2025,FBTC,469.1971793360542
MWM Ultra Aggressive,2025,IMCB,367.428463089223
MWM Ultra Aggressive,2025,VEU,2356.2866086324075
MWM Ultra Aggressive,2025,VOO,364.8509392357863
MWM Ultra Aggressive,2025,XLG,1515.7786752367765
MWM Ultra Aggressive,2025,XLV,354.6011209183393
MWM Ultra Aggressive,2026,AVUV,614.2349156332409
MWM Ultra Aggressive,2026,FBTC,0.0
MWM Ultra Aggressive,2026,IMCB,285.6651953744499
MWM Ultra Aggressive,2026,VEU,652.3539669937428
MWM Ultra Aggressive,2026,VOO,293.35442760254534
MWM Ultra Aggressive,2026,XLG,1185.1653886506576
MWM Ultra Aggressive,2026,XLV,280.1308566559527
Tactical Aggressive,2011,AVUV,187.51496442118247
Tactical Aggressive,2011,IMCB,90.77204610262838
Tactical Aggressive,2011,JBND,94.55777180598629
Tactical Aggressive,2011,PIMIX,550.3585445850077
Tactical Aggressive,2011,TACTICAL,1203.4639093850592
Tactical Aggressive,2011,VEU,604.0976981256167
Tactical Aggressive,2011,XLF,36.02545688422495
Tactical Aggressive,2011,XLV,84.86085910062707
Tactical Aggressive,2012,AVUV,749.3071978768394
Tactical Aggressive,2012,IMCB,92.26375603258298
Tactical Aggressive,2012,JBND,62.619797623043084
Tactical Aggressive,2012,PIMIX,429.4430757910557
Tactical Aggressive,2012,TACTICAL,1374.6554334334173
Tactical Aggressive,2012,VEU,612.8028540273976
Tactical Aggressive,2012,XLF,50.072091082537426
Tactical Aggressive,2012,XLV,79.21743060037832
Tactical Aggressive,2013,AVUV,712.0016271100206
Tactical Aggressive,2013,IMCB,112.00010051973646
Tactical Aggressive,2013,JBND,75.92138583334636
Tactical Aggressive,2013,PIMIX,354.9181043238757
Tactical Aggressive,2013,TACTICAL,1242.977690566497
Tactical Aggressive,2013,VEU,632.9637771303242
Tactical Aggressive,2013,XLF,53.17527781306633
Tactical Aggressive,2013,XLV,86.79631252564067
Tactical Aggressive,2014,AVUV,455.49891438618573
Tactical Aggressive,2014,IMCB,117.61365448868308
Tactical Aggressive,2014,JBND,66.27982628504928
Tactical Aggressive,2014,PIMIX,413.66816116734236
Tactical Aggressive,2014,TACTICAL,754.9668061232081
Tactical Aggressive,2014,VEU,706.4639965165438
Tactical Aggressive,2014,XLF,50.54885423798932
Tactical Aggressive,2014,XLV,69.84825560066882
Tactical Aggressive,2015,AVUV,487.5263689218423
Tactical Aggressive,2015,IMCB,101.86002593734247
Tactical Aggressive,2015,JBND,58.03951942871474
Tactical Aggressive,2015,JPIE,221.72183289815317
Tactical Aggressive,2015,PIMIX,437.06058573823134
Tactical Aggressive,2015,TACTICAL,1024.0765740003326
Tactical Aggressive,2015,VEU,563.6255896656588
Tactical Aggressive,2015,XLF,50.375357698435586
Tactical Aggressive,2015,XLV,61.350916117284406
Tactical Aggressive,2016,AVUV,520.5235202280408
Tactical Aggressive,2016,FBTC,297.49335366165167
Tactical Aggressive,2016,IMCB,142.84498457037543
Tactical Aggressive,2016,JBND,66.3195829790762
Tactical Aggressive,2016,JPIE,226.58989912050836
Tactical Aggressive,2016,PIMIX,317.60028256044404
Tactical Aggressive,2016,TACTICAL,1632.2267627376123
Tactical Aggressive,2016,VEU,624.6277555182346
Tactical Aggressive,2016,XLF,53.34534099532705
Tactical Aggressive,2016,XLV,63.58633157838118
Tactical Aggressive,2017,AVUV,553.1363880294828
Tactical Aggressive,2017,FBTC,258.4220081894709
Tactical Aggressive,2017,IMCB,118.72009930843511
Tactical Aggressive,2017,JBND,72.0814648573947
Tactical Aggressive,2017,JPIE,224.54108166384933
Tactical Aggressive,2017,PIMIX,316.0384145416773
Tactical Aggressive,2017,TACTICAL,1291.067468218658
Tactical Aggressive,2017,VEU,716.7038608320693
Tactical Aggressive,2017,XLF,51.227562019830195
Tactical Aggressive,2017,XLV,77.90407487669684
Tactical Aggressive,2018,AVUV,638.5273015454331
Tactical Aggressive,2018,FBTC,298.3022080559036
Tactical Aggressive,2018,IMCB,139.58004017876013
Tactical Aggressive,2018,JBND,79.19707516186517
Tactical Aggressive,2018,JPIE,237.41186224418703
Tactical Aggressive,2018,PIMIX,339.0618595119721
Tactical Aggressive,2018,TACTICAL,1288.0055610356444
Tactical Aggressive,2018,VEU,672.6935462544551
Tactical Aggressive,2018,XLF,59.19609040291185
Tactical Aggressive,2018,XLV,83.66570339406817
Tactical Aggressive,2019,AVUV,86.86327067019708
Tactical Aggressive,2019,FBTC,279.5503695523206
Tactical Aggressive,2019,FIKQX,87.0083322622455
Tactical Aggressive,2019,FIWDX,187.5853758903944
Tactical Aggressive,2019,IMCB,135.9441234335357
Tactical Aggressive,2019,JBND,83.82795865127493
Tactical Aggressive,2019,JPIE,211.91862796706846
Tactical Aggressive,2019,PIMIX,320.94583510764596
Tactical Aggressive,2019,TACTICAL,596.2668787547718
Tactical Aggressive,2019,VEU,794.3007256850522
Tactical Aggressive,2019,XLF,71.19832269274397
Tactical Aggressive,2019,XLV,115.4205478497284
Tactical Aggressive,2020,AVUV,132.04903108693858
Tactical Aggressive,2020,FBTC,246.43396761723352
Tactical Aggressive,2020,FIKQX,166.3735521106744
Tactical Aggressive,2020,FIWDX,212.06271384429328
Tactical Aggressive,2020,IMCB,113.63081551894139
Tactical Aggressive,2020,JBND,115.86909857537994
Tactical Aggressive,2020,JPIE,210.6182746829593
Tactical Aggressive,2020,PIMIX,290.1644519463317
Tactical Aggressive,2020,TACTICAL,645.1516299581175
Tactical Aggressive,2020,VEU,531.9871701320454
Tactical Aggressive,2020,XLF,65.580335217746
Tactical Aggressive,2020,XLV,85.50096074472222
Tactical Aggressive,2021,AVUV,233.03484473564902
Tactical Aggressive,2021,FBTC,374.09361695520846
Tactical Aggressive,2021,FIKQX,65.05072607806575
Tactical Aggressive,2021,FIWDX,250.62772772427618
Tactical Aggressive,2021,IMCB,148.90136995077287
Tactical Aggressive,2021,JBND,91.33763222318045
Tactical Aggressive,2021,JPIE,192.35081869842278
Tactical Aggressive,2021,PIMIX,280.75095977029537
Tactical Aggressive,2021,TACTICAL,1540.015271024875
Tactical Aggressive,2021,VEU,976.789874450928
Tactical Aggressive,2021,XLF,89.65897123151021
Tactical Aggressive,2021,XLV,105.7685314830114
Tactical Aggressive,2022,AVUV,272.13041681160547
Tactical Aggressive,2022,FBTC,337.8292817968493
Tactical Aggressive,2022,FIKQX,116.82202409239052
Tactical Aggressive,2022,FIWDX,224.17694110729022
Tactical Aggressive,2022,IMCB,205.08510716866226
Tactical Aggressive,2022,JBND,98.53634797935106
Tactical Aggressive,2022,JPIE,264.17869872165136
Tactical Aggressive,2022,PIMIX,493.0943594665546
Tactical Aggressive,2022,TACTICAL,2717.237501582355
Tactical Aggressive,2022,VEU,979.1854593916967
Tactical Aggressive,2022,XLF,95.53186863366324
Tactical Aggressive,2022,XLV,116.57087989502126
Tactical Aggressive,2023,AVUV,307.0174002835732
Tactical Aggressive,2023,FBTC,416.6432680735022
Tactical Aggressive,2023,FIKQX,170.9561687709625
Tactical Aggressive,2023,FIWDX,278.03273869142504
Tactical Aggressive,2023,IMCB,239.8706994850371
Tactical Aggressive,2023,JBND,158.32894733438948
Tactical Aggressive,2023,JPIE,337.8555316510387
Tactical Aggressive,2023,PIMIX,499.1728755597346
Tactical Aggressive,2023,TACTICAL,684.8373870479718
Tactical Aggressive,2023,VEU,1293.7456651813316
Tactical Aggressive,2023,XLF,91.87891544002883
Tactical Aggressive,2023,XLV,121.36649334994874
Tactical Aggressive,2024,AVUV,322.77883400551605
Tactical Aggressive,2024,FBTC,480.3745301627418
Tactical Aggressive,2024,FIKQX,216.66947193246864
Tactical Aggressive,2024,FIWDX,308.5655499449939
Tactical Aggressive,2024,IMCB,264.78072915452213
Tactical Aggressive,2024,JBND,210.43520011205732
Tactical Aggressive,2024,JPIE,416.6586702334616
Tactical Aggressive,2024,PIMIX,562.0953390435191
Tactical Aggressive,2024,TACTICAL,1437.2963289909565
Tactical Aggressive,2024,VEU,1373.7942651158532
Tactical Aggressive,2024,XLF,108.07181442326183
Tactical Aggressive,2024,XLV,154.93550652283074
Tactical Aggressive,2025,AVUV,359.7291676450684
Tactical Aggressive,2025,FBTC,368.262553342159
Tactical Aggressive,2025,FIKQX,252.38518294147153
Tactical Aggressive,2025,FIWDX,367.01068811016825
Tactical Aggressive,2025,IMCB,291.28003506749707
Tactical Aggressive,2025,JBND,240.61165195384143
Tactical Aggressive,2025,JPIE,432.9073849175118
Tactical Aggressive,2025,PIMIX,627.1193312108666
Tactical Aggressive,2025,TACTICAL,2163.7061325431014
Tactical Aggressive,2025,VEU,1868.1922598606081
Tactical Aggressive,2025,XLF,102.06447804382674
Tactical Aggressive,2025,XLV,191.98305211969188
Tactical Aggressive,2026,AVUV,282.9796040404052
Tactical Aggressive,2026,FBTC,0.0
Tactical Aggressive,2026,FIKQX,185.25616828459954
Tactical Aggressive,2026,FIWDX,241.3583593537632
Tactical Aggressive,2026,IMCB,229.2511856126428
Tactical Aggressive,2026,JBND,173.26463808591566
Tactical Aggressive,2026,JPIE,312.66681848512945
Tactical Aggressive,2026,PIMIX,400.7723245676438
Tactical Aggressive,2026,TACTICAL,1917.110513396607
Tactical Aggressive,2026,VEU,523.5921165541106
Tactical Aggressive,2026,XLF,93.86833693685104
Tactical Aggressive,2026,XLV,153.5324127752194
Tactical Balanced,2011,AVUV,104.17498023399027
Tactical Balanced,2011,IMCB,50.42891450146021
Tactical Balanced,2011,JBND,472.78885902993477
Tactical Balanced,2011,PIMIX,2751.792722925039
Tactical Balanced,2011,TACTICAL,722.8686269952831
Tactical Balanced,2011,VEU,335.6098322920093
Tactical Balanced,2011,XLF,20.01414271345831
Tactical Balanced,2011,XLV,47.14492172257059
Tactical Balanced,2012,AVUV,334.98355160869875
Tactical Balanced,2012,IMCB,41.247222458462446
Tactical Balanced,2012,JBND,251.95196364588523
Tactical Balanced,2012,PIMIX,1727.8724992216992
Tactical Balanced,2012,TACTICAL,664.4407229882011
Tactical Balanced,2012,VEU,273.95823376540613
Tactical Balanced,2012,XLF,22.38511381557501
Tactical Balanced,2012,XLV,35.41476223239489
Tactical Balanced,2013,AVUV,241.43072984707996
Tactical Balanced,2013,IMCB,37.97781491199871
Tactical Balanced,2013,JBND,231.6958192979367
Tactical Balanced,2013,PIMIX,1083.1340874822627
Tactical Balanced,2013,TACTICAL,455.6944148784497
Tactical Balanced,2013,VEU,214.62999642236056
Tactical Balanced,2013,XLF,18.0310629125094
Tactical Balanced,2013,XLV,29.43152976511752
Tactical Balanced,2014,AVUV,117.58800085484391
Tactical Balanced,2014,IMCB,30.36221178088501
Tactical Balanced,2014,JBND,153.99248650967874
Tactical Balanced,2014,PIMIX,961.1037369664068
Tactical Balanced,2014,TACTICAL,210.71833630286176
Tactical Balanced,2014,VEU,182.37516359012244
Tactical Balanced,2014,XLF,13.049292825116634
Tactical Balanced,2014,XLV,18.031473796921723
Tactical Balanced,2015,AVUV,98.38028058591767
Tactical Balanced,2015,IMCB,20.554822407587807
Tactical Balanced,2015,JBND,105.4086530167927
Tactical Balanced,2015,JPIE,402.6807937118392
Tactical Balanced,2015,PIMIX,793.7689368014344
Tactical Balanced,2015,TACTICAL,223.42984739458035
Tactical Balanced,2015,VEU,113.73670675359963
Tactical Balanced,2015,XLF,10.165484660753956
Tactical Balanced,2015,XLV,12.380295152382114
Tactical Balanced,2016,AVUV,89.39837339543722
Tactical Balanced,2016,IMCB,24.533203154188534
Tactical Balanced,2016,JBND,102.51172811549753
Tactical Balanced,2016,JPIE,350.24529843150344
Tactical Balanced,2016,PIMIX,490.9221734025856
Tactical Balanced,2016,TACTICAL,303.08787579613744
Tactical Balanced,2016,VEU,107.27796756717021
Tactical Balanced,2016,XLF,9.16190436719917
Tactical Balanced,2016,XLV,10.920764177572266
Tactical Balanced,2017,AVUV,78.60281539553306
Tactical Balanced,2017,IMCB,16.870584274746513
Tactical Balanced,2017,JBND,92.1874889885404
Tactical Balanced,2017,JPIE,287.17338825332365
Tactical Balanced,2017,PIMIX,404.19250521831697
Tactical Balanced,2017,TACTICAL,198.35978154895338
Tactical Balanced,2017,VEU,101.84638451818185
Tactical Balanced,2017,XLF,7.2796342597394075
Tactical Balanced,2017,XLV,11.070469686341442
Tactical Balanced,2018,AVUV,73.18555270970981
Tactical Balanced,2018,IMCB,15.998129387736473
Tactical Balanced,2018,JBND,81.69538771821877
Tactical Balanced,2018,JPIE,244.9011418073471
Tactical Balanced,2018,PIMIX,349.75774063217614
Tactical Balanced,2018,TACTICAL,159.61085896796232
Tactical Balanced,2018,VEU,77.10155676622085
Tactical Balanced,2018,XLF,6.784829065108967
Tactical Balanced,2018,XLV,9.589442347917906
Tactical Balanced,2019,AVUV,8.535230015476424
Tactical Balanced,2019,FIKQX,76.94535458454247
Tactical Balanced,2019,FIWDX,165.89012669794744
Tactical Balanced,2019,IMCB,13.357940056885877
Tactical Balanced,2019,JBND,74.13280814393423
Tactical Balanced,2019,JPIE,187.409108392614
Tactical Balanced,2019,PIMIX,283.8267375400039
Tactical Balanced,2019,TACTICAL,63.34590546068186
Tactical Balanced,2019,VEU,78.04840115821051
Tactical Balanced,2019,XLF,6.995984104789015
Tactical Balanced,2019,XLV,11.341282878353992
Tactical Balanced,2020,AVUV,12.600474248660452
Tactical Balanced,2020,FIKQX,142.88231254674324
Tactical Balanced,2020,FIWDX,182.12035852221683
Tactical Balanced,2020,IMCB,10.842958505754094
Tactical Balanced,2020,JBND,99.50887353864869
Tactical Balanced,2020,JPIE,180.87986804109042
Tactical Balanced,2020,PIMIX,249.1944626233056
Tactical Balanced,2020,TACTICAL,66.55984192492475
Tactical Balanced,2020,VEU,50.763648795372575
Tactical Balanced,2020,XLF,6.257852241154876
Tactical Balanced,2020,XLV,8.158731989409993
Tactical Balanced,2021,AVUV,20.892379003671135
Tactical Balanced,2021,FIKQX,52.48820118320869
Tactical Balanced,2021,FIWDX,202.2267757487474
Tactical Balanced,2021,IMCB,13.349522294429203
Tactical Balanced,2021,JBND,73.69860883604733
Tactical Balanced,2021,JPIE,155.2042394958287
Tactical Balanced,2021,PIMIX,226.53264225087491
Tactical Balanced,2021,TACTICAL,149.2763026529574
Tactical Balanced,2021,VEU,87.572587211698
Tactical Balanced,2021,XLF,8.03823655716755
Tactical Balanced,2021,XLV,9.482514294853667
Tactical Balanced,2022,AVUV,21.99126101419718
Tactical Balanced,2022,FIKQX,84.96504318446097
Tactical Balanced,2022,FIWDX,163.0446281865259
Tactical Balanced,2022,IMCB,16.57323049261692
Tactical Balanced,2022,JBND,71.66581067524915
Tactical Balanced,2022,JPIE,192.13803835095317
Tactical Balanced,2022,PIMIX,358.6291529494113
Tactical Balanced,2022,TACTICAL,237.4102454274651
Tactical Balanced,2022,VEU,79.12942357229005
Tactical Balanced,2022,XLF,7.720071438215242
Tactical Balanced,2022,XLV,9.420265020211865
Tactical Balanced,2023,AVUV,24.57863428779964
Tactical Balanced,2023,FIKQX,123.1748504425308
Tactical Balanced,2023,FIWDX,200.32410209382437
Tactical Balanced,2023,IMCB,19.203127228476056
Tactical Balanced,2023,JBND,114.07686864324086
Tactical Balanced,2023,JPIE,243.42675015168405
Tactical Balanced,2023,PIMIX,359.6567747982992
Tactical Balanced,2023,TACTICAL,59.276292186467956
Tactical Balanced,2023,VEU,103.57231067863808
Tactical Balanced,2023,XLF,7.355473205343806
Tactical Balanced,2023,XLV,9.716135476640154
Tactical Balanced,2024,AVUV,24.529364926202256
Tactical Balanced,2024,FIKQX,148.19088449825156
Tactical Balanced,2024,FIWDX,211.0431218768553
Tactical Balanced,2024,IMCB,20.12183714235178
Tactical Balanced,2024,JBND,143.92696006520015
Tactical Balanced,2024,JPIE,284.97331130712473
Tactical Balanced,2024,PIMIX,384.44458613516815
Tactical Balanced,2024,TACTICAL,118.09360572893146
Tactical Balanced,2024,VEU,104.40059047358334
Tactical Balanced,2024,XLF,8.212846367056692
Tactical Balanced,2024,XLV,11.774221786362725
Tactical Balanced,2025,AVUV,26.130803122493898
Tactical Balanced,2025,FIKQX,164.9998195221904
Tactical Balanced,2025,FIWDX,239.93760883710664
Tactical Balanced,2025,IMCB,21.158643597596054
Tactical Balanced,2025,JBND,157.3027334038334
Tactical Balanced,2025,JPIE,283.01835927419376
Tactical Balanced,2025,PIMIX,409.98673243296207
Tactical Balanced,2025,TACTICAL,169.9316177135166
Tactical Balanced,2025,VEU,135.70588244751625
Tactical Balanced,2025,XLF,7.413985357436447
Tactical Balanced,2025,XLV,13.945689671583484
Tactical Balanced,2026,AVUV,19.790492419076116
Tactical Balanced,2026,FIKQX,116.60486012094287
Tactical Balanced,2026,FIWDX,151.91698064395996
Tactical Balanced,2026,IMCB,16.032935894148057
Tactical Balanced,2026,JBND,109.05709145876557
Tactical Balanced,2026,JPIE,196.80030614640216
Tactical Balanced,2026,PIMIX,252.256112599517
Tactical Balanced,2026,TACTICAL,144.95974800972638
Tactical Balanced,2026,VEU,36.61799530920463
Tactical Balanced,2026,XLF,6.564786239063297
Tactical Balanced,2026,XLV,10.737459547355204
Tactical Conservative,2011,AVUV,62.504988140394154
Tactical Conservative,2011,IMCB,30.25734870087613
Tactical Conservative,2011,JBND,661.9044026419087
Tactical Conservative,2011,PIMIX,3852.5098120950543
Tactical Conservative,2011,TACTICAL,433.72117619717005
Tactical Conservative,2011,VEU,201.36589937520557
Tactical Conservative,2011,XLF,12.008485628074986
Tactical Conservative,2011,XLV,28.286953033542076
Tactical Conservative,2012,AVUV,170.13407784288827
Tactical Conservative,2012,IMCB,20.948963382979294
Tactical Conservative,2012,JBND,298.5811328428934
Tactical Conservative,2012,PIMIX,2047.6527380862185
Tactical Conservative,2012,TACTICAL,337.46137427938163
Tactical Conservative,2012,VEU,139.1400599978995
Tactical Conservative,2012,XLF,11.3691274635171
Tactical Conservative,2012,XLV,17.986727663189342
Tactical Conservative,2013,AVUV,98.72070464645984
Tactical Conservative,2013,IMCB,15.529078056550842
Tactical Conservative,2013,JBND,221.06026286785124
Tactical Conservative,2013,PIMIX,1033.414874836679
Tactical Conservative,2013,TACTICAL,186.33284076451582
Tactical Conservative,2013,VEU,87.76192035911559
Tactical Conservative,2013,XLF,7.372877667126456
Tactical Conservative,2013,XLV,12.03451341540469
Tactical Conservative,2014,AVUV,39.02777512012014
Tactical Conservative,2014,IMCB,10.0773001064677
Tactical Conservative,2014,JBND,119.25788524331992
Tactical Conservative,2014,PIMIX,744.3168284893015
Tactical Conservative,2014,TACTICAL,69.93798502506955
Tactical Conservative,2014,VEU,60.530809439279736
Tactical Conservative,2014,XLF,4.331095538259334
Tactical Conservative,2014,XLV,5.984694860994431
Tactical Conservative,2015,AVUV,27.018816959945024
Tactical Conservative,2015,IMCB,5.6451046995111716
Tactical Conservative,2015,JBND,67.54781749029776
Tactical Conservative,2015,JPIE,258.0453120500674
Tactical Conservative,2015,PIMIX,508.66183883394444
Tactical Conservative,2015,TACTICAL,61.36199362503889
Tactical Conservative,2015,VEU,31.236252256047447
Tactical Conservative,2015,XLF,2.7918132345452493
Tactical Conservative,2015,XLV,3.4000810593356334
Tactical Conservative,2016,AVUV,21.63212153555837
Tactical Conservative,2016,IMCB,5.936408148507061
Tactical Conservative,2016,JBND,57.87884253493654
Tactical Conservative,2016,JPIE,197.75095834575234
Tactical Conservative,2016,PIMIX,277.1781111646432
Tactical Conservative,2016,TACTICAL,73.33951968203148
Tactical Conservative,2016,VEU,25.95852636194785
Tactical Conservative,2016,XLF,2.216946698702808
Tactical Conservative,2016,XLV,2.6425458202181393
Tactical Conservative,2017,AVUV,16.97952169207932
Tactical Conservative,2017,IMCB,3.644328135190304
Tactical Conservative,2017,JBND,46.46608915129437
Tactical Conservative,2017,JPIE,144.74658553848826
Tactical Conservative,2017,PIMIX,203.72878345882683
Tactical Conservative,2017,TACTICAL,42.84902769319856
Tactical Conservative,2017,VEU,22.00052105620373
Tactical Conservative,2017,XLF,1.5725226533129175
Tactical Conservative,2017,XLV,2.39140645579753
Tactical Conservative,2018,AVUV,13.86159363350572
Tactical Conservative,2018,IMCB,3.030100344376124
Tactical Conservative,2018,JBND,36.104566044675984
Tactical Conservative,2018,JPIE,108.23192955883445
Tactical Conservative,2018,PIMIX,154.57239140411028
Tactical Conservative,2018,TACTICAL,30.230841806775764
Tactical Conservative,2018,VEU,14.603298176119829
Tactical Conservative,2018,XLF,1.2850697971276133
Tactical Conservative,2018,XLV,1.81627313147465
Tactical Conservative,2019,AVUV,1.4825978482949738
Tactical Conservative,2019,FIKQX,31.186549495654553
Tactical Conservative,2019,FIWDX,67.23655606033495
Tactical Conservative,2019,IMCB,2.3203186264555273
Tactical Conservative,2019,JBND,30.04660259109539
Tactical Conservative,2019,JPIE,75.9583663806635
Tactical Conservative,2019,PIMIX,115.03717990870979
Tactical Conservative,2019,TACTICAL,11.003394514736055
Tactical Conservative,2019,VEU,13.557266928976468
Tactical Conservative,2019,XLF,1.2152257129167794
Tactical Conservative,2019,XLV,1.9700185656230997
Tactical Conservative,2020,AVUV,2.1629202525817623
Tactical Conservative,2020,FIKQX,57.228039995702474
Tactical Conservative,2020,FIWDX,72.94388630595171
Tactical Conservative,2020,IMCB,1.861235862014672
Tactical Conservative,2020,JBND,39.85586244577399
Tactical Conservative,2020,JPIE,72.4470379725027
Tactical Conservative,2020,PIMIX,99.80878962221952
Tactical Conservative,2020,TACTICAL,11.425254896526228
Tactical Conservative,2020,VEU,8.713777109312504
Tactical Conservative,2020,XLF,1.074184596781901
Tactical Conservative,2020,XLV,1.4004779746411056
Tactical Conservative,2021,AVUV,3.441466246567594
Tactical Conservative,2021,FIKQX,20.17409647768769
Tactical Conservative,2021,FIWDX,77.7268489367107
Tactical Conservative,2021,IMCB,2.1989803256013563
Tactical Conservative,2021,JBND,28.326420250908164
Tactical Conservative,2021,JPIE,59.65350746934444
Tactical Conservative,2021,PIMIX,87.06892743690862
Tactical Conservative,2021,TACTICAL,24.589318282149243
Tactical Conservative,2021,VEU,14.425264971533329
Tactical Conservative,2021,XLF,1.3240866341050452
Tactical Conservative,2021,XLV,1.561993149396677
Tactical Conservative,2022,AVUV,3.4287909090364384
Tactical Conservative,2022,FIKQX,30.910635703289095
Tactical Conservative,2022,FIWDX,59.31631311373994
Tactical Conservative,2022,IMCB,2.5840329033321203
Tactical Conservative,2022,JBND,26.072319663913873
Tactical Conservative,2022,JPIE,69.9006166020179
Tactical Conservative,2022,PIMIX,130.4707757910701
Tactical Conservative,2022,TACTICAL,37.01607155261714
Tactical Conservative,2022,VEU,12.337548447394784
Tactical Conservative,2022,XLF,1.203683169754358
Tactical Conservative,2022,XLV,1.4687706649092886
Tactical Conservative,2023,AVUV,3.790852410516337
Tactical Conservative,2023,FIKQX,44.32798167618091
Tactical Conservative,2023,FIWDX,72.09233942650918
Tactical Conservative,2023,IMCB,2.96176835096387
Tactical Conservative,2023,JBND,41.05381354007006
Tactical Conservative,2023,JPIE,87.6040561969316
Tactical Conservative,2023,PIMIX,129.43274431180834
Tactical Conservative,2023,TACTICAL,9.14239873909851
Tactical Conservative,2023,VEU,15.974335229592263
Tactical Conservative,2023,XLF,1.134461459675436
Tactical Conservative,2023,XLV,1.49855501169189
Tactical Conservative,2024,AVUV,3.668748411490066
Tactical Conservative,2024,FIKQX,51.7165924209831
Tactical Conservative,2024,FIWDX,73.65116386417112
Tactical Conservative,2024,IMCB,3.0095340125747954
Tactical Conservative,2024,JBND,50.228541096067794
Tactical Conservative,2024,JPIE,99.45178910044483
Tactical Conservative,2024,PIMIX,134.16590390781147
Tactical Conservative,2024,TACTICAL,17.662737283603626
Tactical Conservative,2024,VEU,15.614733671699852
Tactical Conservative,2024,XLF,1.2283590363468981
Tactical Conservative,2024,XLV,1.761018175774576
Tactical Conservative,2025,AVUV,3.802107264155539
Tactical Conservative,2025,FIKQX,56.018549782567874
Tactical Conservative,2025,FIWDX,81.46043386152982
Tactical Conservative,2025,IMCB,3.0786437043279142
Tactical Conservative,2025,JBND,53.40533721572679
Tactical Conservative,2025,JPIE,96.08663872659506
Tactical Conservative,2025,PIMIX,139.19325637746806
Tactical Conservative,2025,TACTICAL,24.725540776130597
Tactical Conservative,2025,VEU,19.7455975242561
Tactical Conservative,2025,XLF,1.0787562652288507
Tactical Conservative,2025,XLV,2.029138092519732
Tactical Conservative,2026,AVUV,2.814383281703167
Tactical Conservative,2026,FIKQX,38.691902043726714
Tactical Conservative,2026,FIWDX,50.409193302562095
Tactical Conservative,2026,IMCB,2.2800254678663223
Tactical Conservative,2026,JBND,36.1873964388765
Tactical Conservative,2026,JPIE,65.30240814743189
Tactical Conservative,2026,PIMIX,83.7037906353854
Tactical Conservative,2026,TACTICAL,20.614559894691265
Tactical Conservative,2026,VEU,5.207403212886885
Tactical Conservative,2026,XLF,0.9335707393195458
Tactical Conservative,2026,XLV,1.5269618359223722
Tactical Growth,2011,AVUV,166.67996837438443
Tactical Growth,2011,IMCB,80.68626320233636
Tactical Growth,2011,JBND,189.1155436119733
Tactical Growth,2011,PIMIX,1100.717089170016
Tactical Growth,2011,TACTICAL,1069.7456972311636
Tactical Growth,2011,VEU,536.9757316672149
Tactical Growth,2011,XLF,32.0226283415333
Tactical Growth,2011,XLV,75.43187475611269
Tactical Growth,2012,AVUV,628.7414891351004
Tactical Growth,2012,IMCB,77.41824918470715
Tactical Growth,2012,JBND,118.22420239178727
Tactical Growth,2012,PIMIX,810.7749790840984
Tactical Growth,2012,TACTICAL,1153.4693737276034
Tactical Growth,2012,VEU,514.2010914604277
Tactical Growth,2012,XLF,42.01534590959261
Tactical Growth,2012,XLV,66.47111548143008
Tactical Growth,2013,AVUV,556.872896949831
Tactical Growth,2013,IMCB,87.59786222435184
Tactical Growth,2013,JBND,133.6047012173321
Tactical Growth,2013,PIMIX,624.5766823711717
Tactical Growth,2013,TACTICAL,972.1615246854174
Tactical Growth,2013,VEU,495.05557124296354
Tactical Growth,2013,XLF,41.589611419944994
Tactical Growth,2013,XLV,67.88539823554008
Tactical Growth,2014,AVUV,332.6215407977779
Tactical Growth,2014,IMCB,85.88568213735728
Tactical Growth,2014,JBND,108.89975542096352
Tactical Growth,2014,PIMIX,679.6692764827702
Tactical Growth,2014,TACTICAL,551.3036680719135
Tactical Growth,2014,VEU,515.8851879068615
Tactical Growth,2014,XLF,36.91257487377278
Tactical Growth,2014,XLV,51.00568555962295
Tactical Growth,2015,AVUV,334.03583132993685
Tactical Growth,2015,IMCB,69.79088847750883
Tactical Growth,2015,JBND,89.47491008902739
Tactical Growth,2015,JPIE,341.8109119201551
Tactical Growth,2015,PIMIX,673.7815370855449
Tactical Growth,2015,TACTICAL,701.6610619405385
Tactical Growth,2015,VEU,386.1763268705919
Tactical Growth,2015,XLF,34.51541405760867
Tactical Growth,2015,XLV,42.03547864172171
Tactical Growth,2016,AVUV,340.7161194206072
Tactical Growth,2016,FBTC,194.7285320913341
Tactical Growth,2016,IMCB,93.50122891698098
Tactical Growth,2016,JBND,97.67347232403674
Tactical Growth,2016,JPIE,333.71473773645033
Tactical Growth,2016,PIMIX,467.7520728464294
Tactical Growth,2016,TACTICAL,1068.3973864827108
Tactical Growth,2016,VEU,408.8590364741638
Tactical Growth,2016,XLF,34.917956378098246
Tactical Growth,2016,XLV,41.62134332390322
Tactical Growth,2017,AVUV,346.1930508359012
Tactical Growth,2017,FBTC,161.73932027318492
Tactical Growth,2017,IMCB,74.30368759781837
Tactical Growth,2017,JBND,101.50612259003583
Tactical Growth,2017,JPIE,316.2018780689589
Tactical Growth,2017,PIMIX,445.0496963830353
Tactical Growth,2017,TACTICAL,808.044083394811
Tactical Growth,2017,VEU,448.56549215868654
Tactical Growth,2017,XLF,32.06194053822597
Tactical Growth,2017,XLV,48.758045823364895
Tactical Growth,2018,AVUV,380.0166632813997
Tactical Growth,2018,FBTC,177.53322290294028
Tactical Growth,2018,IMCB,83.07043567445955
Tactical Growth,2018,JBND,106.05101518225842
Tactical Growth,2018,JPIE,317.91286427999285
Tactical Growth,2018,PIMIX,454.0300804964974
Tactical Growth,2018,TACTICAL,766.5507401296697
Tactical Growth,2018,VEU,400.35055077493934
Tactical Growth,2018,XLF,35.23028803901195
Tactical Growth,2018,XLV,49.79326860097098
Tactical Growth,2019,AVUV,49.85613742330868
Tactical Growth,2019,FBTC,160.45103452360712
Tactical Growth,2019,FIKQX,112.36364354845175
Tactical Growth,2019,FIWDX,242.25008988704158
Tactical Growth,2019,IMCB,78.02663712177045
Tactical Growth,2019,JBND,108.25646947118172
Tactical Growth,2019,JPIE,273.6743545709932
Tactical Growth,2019,PIMIX,414.47344727516224
Tactical Growth,2019,TACTICAL,342.23398703273546
Tactical Growth,2019,VEU,455.897709465076
Tactical Growth,2019,XLF,40.86506682388162
Tactical Growth,2019,XLV,66.24690333061525
Tactical Growth,2020,AVUV,75.30657348346963
Tactical Growth,2020,FBTC,140.5394461317317
Tactical Growth,2020,FIKQX,213.48357920800598
Tactical Growth,2020,FIWDX,272.10999941821973
Tactical Growth,2020,IMCB,64.80280308327195
Tactical Growth,2020,JBND,148.67837808152643
Tactical Growth,2020,JPIE,270.2565555372797
Tactical Growth,2020,PIMIX,372.32688113327725
Tactical Growth,2020,TACTICAL,367.9251428769232
Tactical Growth,2020,VEU,303.3882989526502
Tactical Growth,2020,XLF,37.39997402854292
Tactical Growth,2020,XLV,48.76055757645415
Tactical Growth,2021,AVUV,130.6049107790014
Tactical Growth,2021,FBTC,209.66162172379492
Tactical Growth,2021,FIKQX,82.03011288564434
Tactical Growth,2021,FIWDX,316.0459849875077
Tactical Growth,2021,IMCB,83.45211274885702
Tactical Growth,2021,JBND,115.1783651574231
Tactical Growth,2021,JPIE,242.5577748746759
Tactical Growth,2021,PIMIX,354.03191188169814
Tactical Growth,2021,TACTICAL,863.1050746881483
Tactical Growth,2021,VEU,547.4441152661647
Tactical Growth,2021,XLF,50.24957512904119
Tactical Growth,2021,XLV,59.278214952081136
Tactical Growth,2022,AVUV,148.80300465981836
Tactical Growth,2022,FBTC,184.72764927355155
Tactical Growth,2022,FIKQX,143.7281576160737
Tactical Growth,2022,FIWDX,275.8087695850541
Tactical Growth,2022,IMCB,112.14211375277745
Tactical Growth,2022,JBND,121.23097389656485
Tactical Growth,2022,JPIE,325.02362412968927
Tactical Growth,2022,PIMIX,606.6625224791156
Tactical Growth,2022,TACTICAL,1485.8063620639293
Tactical Growth,2022,VEU,535.4261393630261
Tactical Growth,2022,XLF,52.23756043153905
Tactical Growth,2022,XLV,63.74185358421924
Tactical Growth,2023,AVUV,167.20663563122918
Tactical Growth,2023,FBTC,226.9106540822274
Tactical Growth,2023,FIKQX,209.4873549086762
Tactical Growth,2023,FIWDX,340.6975216233004
Tactical Growth,2023,IMCB,130.63745771528713
Tactical Growth,2023,JBND,194.0141301773841
Tactical Growth,2023,JPIE,414.0035552718939
Tactical Growth,2023,PIMIX,611.6796258066818
Tactical Growth,2023,TACTICAL,372.9735035766961
Tactical Growth,2023,VEU,704.5947879099128
Tactical Growth,2023,XLF,50.038741524043175
Tactical Growth,2023,XLV,66.09815278437358
Tactical Growth,2024,AVUV,173.3966167194531
Tactical Growth,2024,FBTC,258.0569402732053
Tactical Growth,2024,FIKQX,261.88812957415576
Tactical Growth,2024,FIWDX,372.9628083060158
Tactical Growth,2024,IMCB,142.24006586230928
Tactical Growth,2024,JBND,254.35277273896116
Tactical Growth,2024,JPIE,503.61483251459487
Tactical Growth,2024,PIMIX,679.4039588112294
Tactical Growth,2024,TACTICAL,772.1148179934958
Tactical Growth,2024,VEU,738.0015432969979
Tactical Growth,2024,XLF,58.05612081554875
Tactical Growth,2024,XLV,83.23127110718296
Tactical Growth,2025,AVUV,190.90487099966077
Tactical Growth,2025,FBTC,195.43345817639138
Tactical Growth,2025,FIKQX,301.3614728295113
Tactical Growth,2025,FIWDX,438.23048652860626
Tactical Growth,2025,IMCB,154.57956296221818
Tactical Growth,2025,JBND,287.303244063923
Tactical Growth,2025,JPIE,516.9146841229873
Tactical Growth,2025,PIMIX,748.8141858842453
Tactical Growth,2025,TACTICAL,1148.2584045613692
Tactical Growth,2025,VEU,991.4319839728556
Tactical Growth,2025,XLF,54.164654320800594
Tactical Growth,2025,XLV,101.8835921450565
Tactical Growth,2026,AVUV,148.6442162100659
Tactical Growth,2026,FBTC,0.0
Tactical Growth,2026,FIKQX,218.95157624090896
Tactical Growth,2026,FIWDX,285.2579415236623
Tactical Growth,2026,IMCB,120.42162160829781
Tactical Growth,2026,JBND,204.77896076011834
Tactical Growth,2026,JPIE,369.5363743051145
Tactical Growth,2026,PIMIX,473.6669930634273
Tactical Growth,2026,TACTICAL,1007.0244836840841
Tactical Growth,2026,VEU,275.0337433076711
Tactical Growth,2026,XLF,49.307388842512935
Tactical Growth,2026,XLV,80.64788003786352
Tactical Growth Plus,2011,AVUV,177.09746639778348
Tactical Growth Plus,2011,IMCB,85.72915465248236
Tactical Growth Plus,2011,JBND,141.83665770898045
Tactical Growth Plus,2011,PIMIX,825.5378168775119
Tactical Growth Plus,2011,TACTICAL,1136.6048033081115
Tactical Growth Plus,2011,VEU,570.5367148964158
Tactical Growth Plus,2011,XLF,34.024042612878944
Tactical Growth Plus,2011,XLV,80.14636692836976
Tactical Growth Plus,2012,AVUV,687.8584262115298
Tactical Growth Plus,2012,IMCB,84.69744078365098
Tactical Growth Plus,2012,JBND,91.29892411420306
Tactical Growth Plus,2012,PIMIX,626.1229239998289
Tactical Growth Plus,2012,TACTICAL,1261.9234483585699
Tactical Growth Plus,2012,VEU,562.5484553512902
Tactical Growth Plus,2012,XLF,45.96580663678019
Tactical Growth Plus,2012,XLV,72.72101121635494
Tactical Growth Plus,2013,AVUV,631.4223174032662
Tactical Growth Plus,2013,IMCB,99.32472107769915
Tactical Growth Plus,2013,JBND,106.93451680840207
Tactical Growth Plus,2013,PIMIX,499.8986198136232
Tactical Growth Plus,2013,TACTICAL,1102.3062644445067
Tactical Growth Plus,2013,VEU,561.3294124202836
Tactical Growth Plus,2013,XLF,47.15727586406257
Tactical Growth Plus,2013,XLV,76.97331959682354
Tactical Growth Plus,2014,AVUV,390.5494298210434
Tactical Growth Plus,2014,IMCB,100.843150771552
Tactical Growth Plus,2014,JBND,90.25782547718018
Tactical Growth Plus,2014,PIMIX,563.3205575333534
Tactical Growth Plus,2014,TACTICAL,647.3162643264805
Tactical Growth Plus,2014,VEU,605.7294590930851
Tactical Growth Plus,2014,XLF,43.34110483524873
Tactical Growth Plus,2014,XLV,59.88860903345094
Tactical Growth Plus,2015,AVUV,405.1100619738991
Tactical Growth Plus,2015,IMCB,84.64059392601816
Tactical Growth Plus,2015,JBND,76.59731921986749
Tactical Growth Plus,2015,JPIE,292.6161032979089
Tactical Growth Plus,2015,PIMIX,576.8081737019077
Tactical Growth Plus,2015,TACTICAL,850.9564831883006
Tactical Growth Plus,2015,VEU,468.3447134654067
Tactical Growth Plus,2015,XLF,41.85940613694703
Tactical Growth Plus,2015,XLV,50.97954698407899
Tactical Growth Plus,2016,AVUV,422.8703950442499
Tactical Growth Plus,2016,FBTC,241.6819357765583
Tactical Growth Plus,2016,IMCB,116.04646612107192
Tactical Growth Plus,2016,JBND,85.57039815173627
Tactical Growth Plus,2016,JPIE,292.3629343541077
Tactical Growth Plus,2016,PIMIX,409.79121717902444
Tactical Growth Plus,2016,TACTICAL,1326.0118882971249
Tactical Growth Plus,2016,VEU,507.44409323882434
Tactical Growth Plus,2016,XLF,43.33745651028668
Tactical Growth Plus,2016,XLV,51.65717995256905
Tactical Growth Plus,2017,AVUV,439.516421724726
Tactical Growth Plus,2017,FBTC,205.33944031232335
Tactical Growth Plus,2017,IMCB,94.33375631050744
Tactical Growth Plus,2017,JBND,90.96646613694912
Tactical Growth Plus,2017,JPIE,283.3697780967451
Tactical Growth Plus,2017,PIMIX,398.838977416135
Tactical Growth Plus,2017,TACTICAL,1025.868784113368
Tactical Growth Plus,2017,VEU,569.4854346346438
Tactical Growth Plus,2017,XLF,40.70488805274013
Tactical Growth Plus,2017,XLV,61.901767753084016
Tactical Growth Plus,2018,AVUV,494.9125148722424
Tactical Growth Plus,2018,FBTC,231.20937135118817
Tactical Growth Plus,2018,IMCB,108.18630392724651
Tactical Growth Plus,2018,JBND,97.49289135728466
Tactical Growth Plus,2018,JPIE,292.25787499597124
Tactical Growth Plus,2018,PIMIX,417.39067970929955
Tactical Growth Plus,2018,TACTICAL,998.3129458031915
Tactical Growth Plus,2018,VEU,521.3942362516677
Tactical Growth Plus,2018,XLF,45.88196291842503
Tactical Growth Plus,2018,XLV,64.84797686033946
Tactical Growth Plus,2019,AVUV,66.1281074527345
Tactical Growth Plus,2019,FBTC,212.8187982512857
Tactical Growth Plus,2019,FIKQX,105.20238918533182
Tactical Growth Plus,2019,FIWDX,226.810803135703
Tactical Growth Plus,2019,IMCB,103.49285184198156
Tactical Growth Plus,2019,JBND,101.35697698541057
Tactical Growth Plus,2019,JPIE,256.23231011734816
Tactical Growth Plus,2019,PIMIX,388.05787646451387
Tactical Growth Plus,2019,TACTICAL,453.9317933181468
Tactical Growth Plus,2019,VEU,604.6929079762099
Tactical Growth Plus,2019,XLF,54.2025449554665
Tactical Growth Plus,2019,XLV,87.86846651721847
Tactical Growth Plus,2020,AVUV,100.20628820212531
Tactical Growth Plus,2020,FBTC,187.0080604043774
Tactical Growth Plus,2020,FIKQX,200.5205505503866
Tactical Growth Plus,2020,FIWDX,255.58709056701366
Tactical Growth Plus,2020,IMCB,86.22950244168698
Tactical Growth Plus,2020,JBND,139.65041404331257
Tactical Growth Plus,2020,JPIE,253.84619045282545
Tactical Growth Plus,2020,PIMIX,349.71865970454627
Tactical Growth Plus,2020,TACTICAL,489.5776185066501
Tactical Growth Plus,2020,VEU,403.7020131937773
Tactical Growth Plus,2020,XLF,49.766074897549345
Tactical Growth Plus,2020,XLV,64.88297447864933
Tactical Growth Plus,2021,AVUV,175.31438541065677
Tactical Growth Plus,2021,FBTC,281.4342748482504
Tactical Growth Plus,2021,FIKQX,77.72552793866505
Tactical Growth Plus,2021,FIWDX,299.4612608944543
Tactical Growth Plus,2021,IMCB,112.01995216353656
Tactical Growth Plus,2021,JBND,109.13430353866781
Tactical Growth Plus,2021,JPIE,229.82939367698168
Tactical Growth Plus,2021,PIMIX,335.45385091083574
Tactical Growth Plus,2021,TACTICAL,1158.5685010712477
Tactical Growth Plus,2021,VEU,734.8485446842718
Tactical Growth Plus,2021,XLF,67.45131808865195
Tactical Growth Plus,2021,XLV,79.57069730823461
Tactical Growth Plus,2022,AVUV,202.2342639400783
Tactical Growth Plus,2022,FBTC,251.05850695436646
Tactical Growth Plus,2022,FIKQX,137.88506281402982
Tactical Growth Plus,2022,FIWDX,264.59609689342096
Tactical Growth Plus,2022,IMCB,152.40940788342522
Tactical Growth Plus,2022,JBND,116.30247494986686
Tactical Growth Plus,2022,JPIE,311.8101809172136
Tactical Growth Plus,2022,PIMIX,581.9993897256766
Tactical Growth Plus,2022,TACTICAL,2019.320488026569
Tactical Growth Plus,2022,VEU,727.6836340496212
Tactical Growth Plus,2022,XLF,70.99469938828649
Tactical Growth Plus,2022,XLV,86.62988271809914
Tactical Growth Plus,2023,AVUV,227.7033760118015
Tactical Growth Plus,2023,FBTC,309.00880095167213
Tactical Growth Plus,2023,FIKQX,201.37525297328295
Tactical Growth Plus,2023,FIWDX,327.50449130531865
Tactical Growth Plus,2023,IMCB,177.90316779637467
Tactical Growth Plus,2023,JBND,186.5012070150695
Tactical Growth Plus,2023,JPIE,397.9718523395376
Tactical Growth Plus,2023,PIMIX,587.9931962438568
Tactical Growth Plus,2023,TACTICAL,507.91839454666695
Tactical Growth Plus,2023,VEU,959.5229957335574
Tactical Growth Plus,2023,XLF,68.14317107328024
Tactical Growth Plus,2023,XLV,90.01300983257566
Tactical Growth Plus,2024,AVUV,237.7629939803005
Tactical Growth Plus,2024,FBTC,353.849987950021
Tactical Growth Plus,2024,FIKQX,253.48471696652638
Tactical Growth Plus,2024,FIWDX,360.99525418055066
Tactical Growth Plus,2024,IMCB,195.0408523719692
Tactical Growth Plus,2024,JBND,246.19115311650873
Tactical Growth Plus,2024,JPIE,487.4549430235202
Tactical Growth Plus,2024,PIMIX,657.6033838770729
Tactical Growth Plus,2024,TACTICAL,1058.730754359019
Tactical Growth Plus,2024,VEU,1011.9543265384305
Tactical Growth Plus,2024,XLF,79.60707287801559
Tactical Growth Plus,2024,XLV,114.12746445478813
Tactical Growth Plus,2025,AVUV,263.3757743589376
Tactical Growth Plus,2025,FBTC,269.6234942215989
Tactical Growth Plus,2025,FIKQX,293.48024312213624
Tactical Growth Plus,2025,FIWDX,426.76984726148794
Tactical Growth Plus,2025,IMCB,213.26072971345346
Tactical Growth Plus,2025,JBND,279.7896662967264
Tactical Growth Plus,2025,JPIE,503.3962893313825
Tactical Growth Plus,2025,PIMIX,729.2311364928148
Tactical Growth Plus,2025,TACTICAL,1584.1578314994708
Tactical Growth Plus,2025,VEU,1367.7972968197998
Tactical Growth Plus,2025,XLF,74.72652583416954
Tactical Growth Plus,2025,XLV,140.56042590826354
Tactical Growth Plus,2026,AVUV,206.12789341736936
Tactical Growth Plus,2026,FBTC,0.0
Tactical Growth Plus,2026,FIKQX,214.32318286379902
Tactical Growth Plus,2026,FIWDX,279.2279051567929
Tactical Growth Plus,2026,IMCB,166.99105970556474
Tactical Growth Plus,2026,JBND,200.45016074860098
Tactical Growth Plus,2026,JPIE,361.72478538303574
Tactical Growth Plus,2026,PIMIX,463.6541984022092
Tactical Growth Plus,2026,TACTICAL,1396.4608965892453
Tactical Growth Plus,2026,VEU,381.3947664575507
Tactical Growth Plus,2026,XLF,68.37553758334509
Tactical Growth Plus,2026,XLV,111.83602056395242
Tactical Moderate,2011,AVUV,145.84497232758642
Tactical Moderate,2011,IMCB,70.6004803020443
Tactical Moderate,2011,JBND,283.6733154179609
Tactical Moderate,2011,PIMIX,1651.0756337550238
Tactical Moderate,2011,TACTICAL,1012.0160777933966
Tactical Moderate,2011,VEU,469.8537652088132
Tactical Moderate,2011,XLF,28.01979979884164
Tactical Moderate,2011,XLV,66.00289041159856
Tactical Moderate,2012,AVUV,540.974429537617
Tactical Moderate,2012,IMCB,66.61130832340987
Tactical Moderate,2012,JBND,174.37901372810805
Tactical Moderate,2012,PIMIX,1195.8815398862314
Tactical Moderate,2012,TACTICAL,1073.024151048406
Tactical Moderate,2012,VEU,442.42291454803836
Tactical Moderate,2012,XLF,36.15035460207014
Tactical Moderate,2012,XLV,57.1923030365966
Tactical Moderate,2013,AVUV,465.88494992581707
Tactical Moderate,2013,IMCB,73.2851713192237
Tactical Moderate,2013,JBND,191.61413634936832
Tactical Moderate,2013,PIMIX,895.7598084952717
Tactical Moderate,2013,TACTICAL,879.3460956341004
Tactical Moderate,2013,VEU,414.1680108374949
Tactical Moderate,2013,XLF,34.794248633653375
Tactical Moderate,2013,XLV,56.793543968271074
Tactical Moderate,2014,AVUV,269.6345565341953
Tactical Moderate,2014,IMCB,69.62191252015839
Tactical Moderate,2014,JBND,151.3335745184637
Tactical Moderate,2014,PIMIX,944.5088347803123
Tactical Moderate,2014,TACTICAL,483.18659003976984
Tactical Moderate,2014,VEU,418.1944246010055
Tactical Moderate,2014,XLF,29.922613348352016
Tactical Moderate,2014,XLV,41.346977629908835
Tactical Moderate,2015,AVUV,264.5135546513467
Tactical Moderate,2015,IMCB,55.265436405316265
Tactical Moderate,2015,JBND,121.4616994429035
Tactical Moderate,2015,JPIE,464.0064372083877
Tactical Moderate,2015,PIMIX,914.6547391467884
Tactical Moderate,2015,TACTICAL,600.732410982858
Tactical Moderate,2015,VEU,305.80214265051484
Tactical Moderate,2015,XLF,27.33178301947904
Tactical Moderate,2015,XLV,33.286710089523474
Tactical Moderate,2016,AVUV,268.95013781704034
Tactical Moderate,2016,IMCB,73.80680563645714
Tactical Moderate,2016,JBND,132.17183629396294
Tactical Moderate,2016,JPIE,451.5831027144725
Tactical Moderate,2016,PIMIX,632.9625529572324
Tactical Moderate,2016,TACTICAL,911.82336847983
Tactical Moderate,2016,VEU,322.73992317845676
Tactical Moderate,2016,XLF,27.56309034086435
Tactical Moderate,2016,XLV,32.854524294682015
Tactical Moderate,2017,AVUV,261.83977857117054
Tactical Moderate,2017,IMCB,56.19887822894619
Tactical Moderate,2017,JBND,131.6111620302275
Tactical Moderate,2017,JPIE,409.98213257414767
Tactical Moderate,2017,PIMIX,577.0440856926277
Tactical Moderate,2017,TACTICAL,660.7712588518215
Tactical Moderate,2017,VEU,339.2681882490245
Tactical Moderate,2017,XLF,24.249739822393124
Tactical Moderate,2017,XLV,36.87767819465685
Tactical Moderate,2018,AVUV,273.8293791531672
Tactical Moderate,2018,IMCB,59.858232610911294
Tactical Moderate,2018,JBND,131.0012493895776
Tactical Moderate,2018,JPIE,392.7070603343486
Tactical Moderate,2018,PIMIX,560.8480758366355
Tactical Moderate,2018,TACTICAL,597.196315380183
Tactical Moderate,2018,VEU,288.48140977742236
Tactical Moderate,2018,XLF,25.38596023081834
Tactical Moderate,2018,XLV,35.87963672244093
Tactical Moderate,2019,AVUV,34.5824046209259
Tactical Moderate,2019,FIKQX,133.61203494817408
Tactical Moderate,2019,FIWDX,288.06050119074905
Tactical Moderate,2019,IMCB,54.12269934280336
Tactical Moderate,2019,JBND,128.72817866672688
Tactical Moderate,2019,JPIE,325.4272135772362
Tactical Moderate,2019,PIMIX,492.8519490251272
Tactical Moderate,2019,TACTICAL,256.6601872179235
Tactical Moderate,2019,VEU,316.23065623017277
Tactical Moderate,2019,XLF,28.345803521954075
Tactical Moderate,2019,XLV,45.95175908656782
Tactical Moderate,2020,AVUV,51.656016120175714
Tactical Moderate,2020,FIKQX,251.035824793449
Tactical Moderate,2020,FIWDX,319.97476523447733
Tactical Moderate,2020,IMCB,44.45102845420077
Tactical Moderate,2020,JBND,174.83124186466065
Tactical Moderate,2020,JPIE,317.7952963728141
Tactical Moderate,2020,PIMIX,437.82002365154017
Tactical Moderate,2020,TACTICAL,272.8640366687607
Tactical Moderate,2020,VEU,208.1070766659019
Tactical Moderate,2020,XLF,25.65424998040364
Tactical Moderate,2020,XLV,33.44696261809018
Tactical Moderate,2021,AVUV,89.10691475922759
Tactical Moderate,2021,FIKQX,95.94192219651396
Tactical Moderate,2021,FIWDX,369.64546598226815
Tactical Moderate,2021,IMCB,56.93629935380219
Tactical Moderate,2021,JBND,134.71191687935698
Tactical Moderate,2021,JPIE,283.6941014286749
Tactical Moderate,2021,PIMIX,414.073575544003
Tactical Moderate,2021,TACTICAL,636.6699921407912
Tactical Moderate,2021,VEU,373.50093364411146
Tactical Moderate,2021,XLF,34.28343223087121
Tactical Moderate,2021,XLV,40.44334026422775
Tactical Moderate,2022,AVUV,98.80866648306778
Tactical Moderate,2022,FIKQX,163.60945655340743
Tactical Moderate,2022,FIWDX,313.9602124798136
Tactical Moderate,2022,IMCB,74.46497966782361
Tactical Moderate,2022,JBND,138.00033400302328
Tactical Moderate,2022,JPIE,369.98274654659804
Tactical Moderate,2022,PIMIX,690.5795444707431
Tactical Moderate,2022,TACTICAL,1066.7050763920026
Tactical Moderate,2022,VEU,355.53544736266883
Tactical Moderate,2022,XLF,34.68695876382944
Tactical Moderate,2022,XLV,42.326077798053944
Tactical Moderate,2023,AVUV,111.62560416116277
Tactical Moderate,2023,FIKQX,239.7459796721554
Tactical Moderate,2023,FIWDX,389.9083127430835
Tactical Moderate,2023,IMCB,87.21235905797815
Tactical Moderate,2023,JBND,222.03778232769943
Tactical Moderate,2023,JPIE,473.80276480021803
Tactical Moderate,2023,PIMIX,700.0314228916096
Tactical Moderate,2023,TACTICAL,269.2074689858796
Tactical Moderate,2023,VEU,470.38096659461024
Tactical Moderate,2023,XLF,33.40540124498719
Tactical Moderate,2023,XLV,44.12651573688207
Tactical Moderate,2024,AVUV,114.77356322816948
Tactical Moderate,2024,FIKQX,297.1667847840272
Tactical Moderate,2024,FIWDX,423.2042084860401
Tactical Moderate,2024,IMCB,94.15062128484556
Tactical Moderate,2024,JBND,288.61634850974445
Tactical Moderate,2024,JPIE,571.4562198418824
Tactical Moderate,2024,PIMIX,770.9257015114306
Tactical Moderate,2024,TACTICAL,552.5631815071428
Tactical Moderate,2024,VEU,488.49319205074175
Tactical Moderate,2024,XLF,38.42813071714383
Tactical Moderate,2024,XLV,55.091902816287565
Tactical Moderate,2025,AVUV,125.5878944007874
Tactical Moderate,2025,FIKQX,339.86129287169456
Tactical Moderate,2025,FIWDX,494.21572813875235
Tactical Moderate,2025,IMCB,101.69107644117378
Tactical Moderate,2025,JBND,324.0070837755584
Tactical Moderate,2025,JPIE,582.95206484403
Tactical Moderate,2025,PIMIX,844.47741426874
Tactical Moderate,2025,TACTICAL,816.712519730748
Tactical Moderate,2025,VEU,652.2193732236794
Tactical Moderate,2025,XLF,35.63253704044013
Tactical Moderate,2025,XLV,67.02472149864096
Tactical Moderate,2026,AVUV,97.26888653844338
Tactical Moderate,2026,FIKQX,245.61631490430293
Tactical Moderate,2026,FIWDX,319.9977163769705
Tactical Moderate,2026,IMCB,78.80075893729716
Tactical Moderate,2026,JBND,229.71770550988037
Tactical Moderate,2026,JPIE,414.5398906836495
Tactical Moderate,2026,PIMIX,531.3519241351955
Tactical Moderate,2026,TACTICAL,712.4670262478317
Tactical Moderate,2026,VEU,179.97488670686408
Tactical Moderate,2026,XLF,32.26546537169952
Tactical Moderate,2026,XLV,52.77386293916033
Tactical Ultra Aggressive,2011,AVUV,359.32819269115475
Tactical Ultra Aggressive,2011,IMCB,99.85593003931524
Tactical Ultra Aggressive,2011,TACTICAL,1247.515582133923
Tactical Ultra Aggressive,2011,VEU,664.466951660638
Tactical Ultra Aggressive,2011,XLV,136.69237659206857
Tactical Ultra Aggressive,2012,AVUV,1517.576761748048
Tactical Ultra Aggressive,2012,IMCB,107.2724670370984
Tactical Ultra Aggressive,2012,TACTICAL,1506.0596152133687
Tactical Ultra Aggressive,2012,VEU,712.3974986113789
Tactical Ultra Aggressive,2012,XLV,134.86306463229525
Tactical Ultra Aggressive,2013,AVUV,1525.067512100756
Tactical Ultra Aggressive,2013,IMCB,137.7186860801977
Tactical Ultra Aggressive,2013,TACTICAL,1440.2204199228918
Tactical Ultra Aggressive,2013,VEU,778.2117503876518
Tactical Ultra Aggressive,2013,XLV,156.27548933612297
Tactical Ultra Aggressive,2014,AVUV,1054.1686351881667
Tactical Ultra Aggressive,2014,IMCB,156.25965585979486
Tactical Ultra Aggressive,2014,TACTICAL,945.1661258623337
Tactical Ultra Aggressive,2014,VEU,938.4769739246376
Tactical Ultra Aggressive,2014,XLV,135.88133897998205
Tactical Ultra Aggressive,2015,AVUV,1194.755283662884
Tactical Ultra Aggressive,2015,IMCB,143.3015891397131
Tactical Ultra Aggressive,2015,TACTICAL,1357.5968697804656
Tactical Ultra Aggressive,2015,VEU,792.834235893495
Tactical Ultra Aggressive,2015,XLV,126.38147236367078
Tactical Ultra Aggressive,2016,AVUV,1317.9206003141985
Tactical Ultra Aggressive,2016,FBTC,436.74534535144835
Tactical Ultra Aggressive,2016,IMCB,207.6252935337127
Tactical Ultra Aggressive,2016,TACTICAL,2235.563084897101
Tactical Ultra Aggressive,2016,VEU,907.7808355382056
Tactical Ultra Aggressive,2016,XLV,135.33002677916713
Tactical Ultra Aggressive,2017,AVUV,1465.3562880198351
Tactical Ultra Aggressive,2017,FBTC,396.956236302723
Tactical Ultra Aggressive,2017,IMCB,180.55171947754442
Tactical Ultra Aggressive,2017,TACTICAL,1850.1949355151496
Tactical Ultra Aggressive,2017,VEU,1089.8371055895477
Tactical Ultra Aggressive,2017,XLV,173.48130744370235
Tactical Ultra Aggressive,2018,AVUV,1762.3638150817915
Tactical Ultra Aggressive,2018,FBTC,477.39151258571695
Tactical Ultra Aggressive,2018,IMCB,221.15959698018
Tactical Ultra Aggressive,2018,TACTICAL,1923.0535643753774
Tactical Ultra Aggressive,2018,VEU,1065.7226613588755
Tactical Ultra Aggressive,2018,XLV,194.10873165573375
Tactical Ultra Aggressive,2019,AVUV,247.7448187584992
Tactical Ultra Aggressive,2019,FBTC,462.3071420459655
Tactical Ultra Aggressive,2019,IMCB,222.58465265311955
Tactical Ultra Aggressive,2019,TACTICAL,919.9551089464144
Tactical Ultra Aggressive,2019,VEU,1300.3618073075038
Tactical Ultra Aggressive,2019,XLV,276.7152175533812
Tactical Ultra Aggressive,2020,AVUV,378.6936262016728
Tactical Ultra Aggressive,2020,FBTC,409.78445093280726
Tactical Ultra Aggressive,2020,IMCB,187.07479369316354
Tactical Ultra Aggressive,2020,TACTICAL,1000.8572107137151
Tactical Ultra Aggressive,2020,VEU,875.7190124411854
Tactical Ultra Aggressive,2020,XLV,206.11295063021862
Tactical Ultra Aggressive,2021,AVUV,673.7018922682142
Tactical Ultra Aggressive,2021,FBTC,627.0892132635645
Tactical Ultra Aggressive,2021,IMCB,247.1223192667998
Tactical Ultra Aggressive,2021,TACTICAL,2408.4047625732646
Tactical Ultra Aggressive,2021,VEU,1620.9099769800207
Tactical Ultra Aggressive,2021,XLV,257.0306335328228
Tactical Ultra Aggressive,2022,AVUV,806.3891941464148
Tactical Ultra Aggressive,2022,FBTC,580.4529622178911
Tactical Ultra Aggressive,2022,IMCB,348.87360370174173
Tactical Ultra Aggressive,2022,TACTICAL,4355.647841283611
Tactical Ultra Aggressive,2022,VEU,1665.4953009182354
Tactical Ultra Aggressive,2022,XLV,290.3616103292573
Tactical Ultra Aggressive,2023,AVUV,913.7733844160555
Tactical Ultra Aggressive,2023,FBTC,719.0217250570491
Tactical Ultra Aggressive,2023,IMCB,409.8444803524991
Tactical Ultra Aggressive,2023,TACTICAL,1102.6064349021337
Tactical Ultra Aggressive,2023,VEU,2210.2187827083635
Tactical Ultra Aggressive,2023,XLV,303.6377938923051
Tactical Ultra Aggressive,2024,AVUV,970.6900398406722
Tactical Ultra Aggressive,2024,FBTC,837.6404221814405
Tactical Ultra Aggressive,2024,IMCB,457.1179479707778
Tactical Ultra Aggressive,2024,TACTICAL,2338.1877895596367
Tactical Ultra Aggressive,2024,VEU,2371.4177565750806
Tactical Ultra Aggressive,2024,XLV,391.65889145271706
Tactical Ultra Aggressive,2025,AVUV,1083.579705343284
Tactical Ultra Aggressive,2025,FBTC,643.1983163999627
Tactical Ultra Aggressive,2025,IMCB,503.6888098748508
Tactical Ultra Aggressive,2025,TACTICAL,3525.664903991538
Tactical Ultra Aggressive,2025,VEU,3230.1122989971122
Tactical Ultra Aggressive,2025,XLV,486.1044652718553
Tactical Ultra Aggressive,2026,AVUV,855.9223846660605
Tactical Ultra Aggressive,2026,FBTC,0.0
Tactical Ultra Aggressive,2026,IMCB,398.0679525339623
Tactical Ultra Aggressive,2026,TACTICAL,3136.7791725815414
Tactical Ultra Aggressive,2026,VEU,909.0404157503932
Tactical Ultra Aggressive,2026,XLV,390.35597740372674
VOO Benchmark,2011,VOO,2697.9071883530482
VOO Benchmark,2012,VOO,3225.6596906278437
VOO Benchmark,2013,VOO,3535.0318471337578
VOO Benchmark,2014,VOO,2802.547770700637
VOO Benchmark,2015,VOO,4471.110100090992
VOO Benchmark,2016,VOO,4706.551410373067
VOO Benchmark,2017,VOO,4968.152866242038
VOO Benchmark,2018,VOO,5387.852593266606
VOO Benchmark,2019,VOO,6336.442220200182
VOO Benchmark,2020,VOO,6031.619654231119
VOO Benchmark,2021,VOO,6184.03093721565
VOO Benchmark,2022,VOO,6764.10373066424
VOO Benchmark,2023,VOO,7230.4367606915375
VOO Benchmark,2024,VOO,7626.251137397634
VOO Benchmark,2025,VOO,8039.126478616925
VOO Benchmark,2026,VOO,6434.258416742493
