Asset,Periods,Avg_Trading_Days,Median_Trading_Days,Min_Trading_Days,Max_Trading_Days,Avg_Return,Best_Return,Worst_Return,Pct_Time
JIVE,39,9.512820512820513,3.0,1,47,0.008050885986483724,0.09914403636798652,-0.06145986642752821,0.09520143700282269
MGK,23,118.08695652173913,69.0,6,423,0.0917086201244832,0.40193861554485566,-0.0477329231837712,0.6969463690017963
MGV,44,18.40909090909091,6.0,1,70,0.009275549619015756,0.08757958608537564,-0.09705393009767016,0.20785219399538107
