Asset,Periods,Avg_Trading_Days,Median_Trading_Days,Min_Trading_Days,Max_Trading_Days,Avg_Return,Best_Return,Worst_Return,Pct_Time
MGK,102,28.245098039215687,10.0,3,230,0.0276162330832354,0.3946909470410118,-0.07455602138500905,0.6183730414251986
MGV,103,17.262135922330096,7.0,1,137,0.005980660328874355,0.15795882861293542,-0.2305876943015811,0.38162695857480144
