Asset,Periods,Avg_Trading_Days,Median_Trading_Days,Min_Trading_Days,Max_Trading_Days,Avg_Return,Best_Return,Worst_Return,Pct_Time
JIVE,26,14.5,7.5,5,47,0.010451682663242753,0.08913119212775,-0.0857083087878705,0.09674108288426995
MGK,23,118.08695652173913,69.0,6,423,0.0917086605932171,0.40193749510281296,-0.04773263042574083,0.6969463690017963
MGV,32,25.125,15.5,2,70,0.014518340961488532,0.08435739968225353,-0.09705394157504066,0.2063125481139338
