Asset,Periods,Avg_Trading_Days,Median_Trading_Days,Min_Trading_Days,Max_Trading_Days,Avg_Return,Best_Return,Worst_Return,Pct_Time
MGK,85,28.28235294117647,10.0,3,230,0.01878287600619765,0.35673959068454497,-0.10446009389671362,0.6160943106099436
MGV,86,17.41860465116279,6.0,3,137,0.008225256213617173,0.15154371906669817,-0.09178158777487877,0.38390568939005637
