Asset,Periods,Avg_Trading_Days,Median_Trading_Days,Min_Trading_Days,Max_Trading_Days,Avg_Return,Best_Return,Worst_Return,Pct_Time
MGK,102,28.245098039215687,10.0,3,230,0.02761622983751671,0.3946913386306514,-0.07455592168948999,0.6183730414251986
MGV,103,17.262135922330096,7.0,1,137,0.005973317631196781,0.15795868195699936,-0.2305878936592186,0.38162695857480144
