Asset,Periods,Avg_Trading_Days,Median_Trading_Days,Min_Trading_Days,Max_Trading_Days,Avg_Return,Best_Return,Worst_Return,Pct_Time
MGK,33,76.81818181818181,49.0,2,374,0.067411564597942,0.598026140304081,-0.06317867719644621,0.6481718230631552
MGV,33,41.696969696969695,15.0,2,278,0.01665890255979131,0.15810332193664833,-0.062318619214907556,0.3518281769368448
