Asset,Periods,Avg_Trading_Days,Median_Trading_Days,Min_Trading_Days,Max_Trading_Days,Avg_Return,Best_Return,Worst_Return,Pct_Time
MGK,33,76.84848484848484,49.0,2,374,0.06556154102012801,0.5876640419947508,-0.0474238875878219,0.6489252814738997
MGV,33,41.57575757575758,15.0,2,278,0.018355416770590893,0.149716316385472,-0.0671477495107633,0.3510747185261003
