Asset,Periods,Avg_Trading_Days,Median_Trading_Days,Min_Trading_Days,Max_Trading_Days,Avg_Return,Best_Return,Worst_Return,Pct_Time
MGK,33,76.81818181818181,49.0,2,374,0.067411564597942,0.598026140304081,-0.06317867719644621,0.6486693961105425
MGV,33,41.60606060606061,15.0,2,278,0.016216067493655898,0.14348976475417974,-0.062318619214907556,0.3513306038894575
