Asset,Periods,Avg_Trading_Days,Median_Trading_Days,Min_Trading_Days,Max_Trading_Days,Avg_Return,Best_Return,Worst_Return,Pct_Time
MGK,42,56.80952380952381,14.0,2,389,0.0431968017622789,0.6015175300889588,-0.10306242638398111,0.6106987458407985
MGV,41,37.09756097560975,7.0,3,278,0.014610268209083002,0.13455742791820335,-0.0646796932970567,0.3893012541592014
