Asset,Periods,Avg_Trading_Days,Median_Trading_Days,Min_Trading_Days,Max_Trading_Days,Avg_Return,Best_Return,Worst_Return,Pct_Time
JIVE,22,18.181818181818183,11.5,5,49,0.02079643347274784,0.11508435780135695,-0.11240733348009946,0.10261672652642381
MGK,23,118.08695652173913,69.0,6,423,0.09170866471726292,0.401938503609089,-0.04773299372146178,0.6967675731144176
MGV,27,28.962962962962962,18.0,4,70,0.010221104981424136,0.07550221527619083,-0.09705382331738277,0.20061570035915854
