Asset,Periods,Avg_Trading_Days,Median_Trading_Days,Min_Trading_Days,Max_Trading_Days,Avg_Return,Best_Return,Worst_Return,Pct_Time
JIVE,39,9.512820512820513,3.0,1,47,0.008050885551882292,0.09914404625194839,-0.061459954631437275,0.09520143700282269
MGK,23,118.08695652173913,69.0,6,423,0.09170860373957475,0.4019378759011245,-0.04773306425914203,0.6969463690017963
MGV,44,18.40909090909091,6.0,1,70,0.009275536646837057,0.08757899996900198,-0.09705393009767016,0.20785219399538107
