Asset,Periods,Avg_Trading_Days,Median_Trading_Days,Min_Trading_Days,Max_Trading_Days,Avg_Return,Best_Return,Worst_Return,Pct_Time
JIVE,22,18.181818181818183,11.5,5,49,0.020796424520442894,0.11508425666261557,-0.11240750470050653,0.10256410256410256
MGK,23,118.08695652173913,69.0,6,423,0.0917086618525687,0.4019384586177994,-0.047733060723390675,0.6964102564102564
MGV,27,29.037037037037038,18.0,4,70,0.009856343346292842,0.07550231438329025,-0.09705415513556226,0.20102564102564102
