Asset,Periods,Avg_Trading_Days,Median_Trading_Days,Min_Trading_Days,Max_Trading_Days,Avg_Return,Best_Return,Worst_Return,Pct_Time
JIVE,39,9.512820512820513,3.0,1,47,0.008050898134484674,0.09914392679109074,-0.061459954631437386,0.09520143700282269
MGK,23,118.08695652173913,69.0,6,423,0.09170860485061341,0.4019380778192947,-0.0477329972572087,0.6969463690017963
MGV,44,18.40909090909091,6.0,1,70,0.009275522864484846,0.08757916937963617,-0.09705432104459322,0.20785219399538107
