Asset,Periods,Avg_Trading_Days,Median_Trading_Days,Min_Trading_Days,Max_Trading_Days,Avg_Return,Best_Return,Worst_Return,Pct_Time
MGK,82,29.25609756097561,11.0,3,230,0.029929336042575833,0.39469115575645386,-0.07455619605140407,0.614812916453101
MGV,83,18.10843373493976,6.0,3,137,0.010934413167422309,0.1579584819786639,-0.08069614846059503,0.385187083546899
