Asset,Periods,Avg_Trading_Days,Median_Trading_Days,Min_Trading_Days,Max_Trading_Days,Avg_Return,Best_Return,Worst_Return,Pct_Time
JIVE,22,18.181818181818183,11.5,5,49,0.020796384218501274,0.11508436944084521,-0.11240758521254557,0.10264305876315115
MGK,23,118.08695652173913,69.0,6,423,0.09170865840701058,0.4019383466820452,-0.04773299018571542,0.6969463690017963
MGV,27,28.925925925925927,18.0,4,70,0.010179901274458102,0.07550259778962576,-0.097053586802067,0.2004105722350526
