Asset,Periods,Avg_Trading_Days,Median_Trading_Days,Min_Trading_Days,Max_Trading_Days,Avg_Return,Best_Return,Worst_Return,Pct_Time
MGK,84,28.642857142857142,11.0,3,230,0.028426777675552198,0.3831868594655288,-0.07800580818448366,0.6166068682726806
MGV,85,17.6,6.0,3,137,0.008333517179183179,0.14197963764613086,-0.08727886164031606,0.3833931317273193
