Asset,Periods,Avg_Trading_Days,Median_Trading_Days,Min_Trading_Days,Max_Trading_Days,Avg_Return,Best_Return,Worst_Return,Pct_Time
MGK,33,76.81818181818181,49.0,2,374,0.067411564597942,0.598026140304081,-0.06317867719644621,0.6485034535686877
MGV,33,41.63636363636363,15.0,2,278,0.016438010244001378,0.15081387551558056,-0.062318619214907556,0.35149654643131234
