Asset,Periods,Avg_Trading_Days,Median_Trading_Days,Min_Trading_Days,Max_Trading_Days,Avg_Return,Best_Return,Worst_Return,Pct_Time
JIVE,39,9.512820512820513,3.0,1,47,0.008050881156323051,0.09914414594490428,-0.061459954631437386,0.09520143700282269
MGK,23,118.08695652173913,69.0,6,423,0.0917085169515123,0.4019379658835531,-0.04773320179870977,0.6969463690017963
MGV,44,18.40909090909091,6.0,1,70,0.009275500558074934,0.08757877313718132,-0.09705382331738277,0.20785219399538107
