Asset,Periods,Avg_Trading_Days,Median_Trading_Days,Min_Trading_Days,Max_Trading_Days,Avg_Return,Best_Return,Worst_Return,Pct_Time
JIVE,22,18.181818181818183,11.5,5,49,0.020796347888501352,0.11508447057959703,-0.11240759540885148,0.102590407796871
MGK,23,118.08695652173913,69.0,6,423,0.09170856201570769,0.4019381447637922,-0.04773306425914203,0.696588868940754
MGV,27,29.0,18.0,4,70,0.010198231918754241,0.07550211616910962,-0.09705391862030244,0.20082072326237496
