Asset,Periods,Avg_Trading_Days,Median_Trading_Days,Min_Trading_Days,Max_Trading_Days,Avg_Return,Best_Return,Worst_Return,Pct_Time
JIVE,39,9.512820512820513,3.0,1,47,0.008050885430924283,0.09914424563785995,-0.06145970086168184,0.09520143700282269
MGK,23,118.08695652173913,69.0,6,423,0.09170860365526756,0.401938234746291,-0.04773306425914203,0.6969463690017963
MGV,44,18.40909090909091,6.0,1,70,0.009275509906560064,0.08757901361105835,-0.09705396627174534,0.20785219399538107
