Asset,Periods,Avg_Trading_Days,Median_Trading_Days,Min_Trading_Days,Max_Trading_Days,Avg_Return,Best_Return,Worst_Return,Pct_Time
MGK,49,51.3469387755102,12.0,1,374,0.04356300452870479,0.598026140304081,-0.08851113716295422,0.643972357307397
MGV,48,28.979166666666668,5.0,2,278,0.012583898140235241,0.15145079227347602,-0.062318619214907556,0.356027642692603
