Asset,Periods,Avg_Trading_Days,Median_Trading_Days,Min_Trading_Days,Max_Trading_Days,Avg_Return,Best_Return,Worst_Return,Pct_Time
JIVE,21,19.523809523809526,15.0,5,49,0.018557675618941425,0.11508435780135695,-0.07829058354471408,0.10520913523222993
MGK,23,118.08695652173913,69.0,6,423,0.09170861994349705,0.4019378089566046,-0.04773313479681174,0.6969463690017963
MGV,26,29.653846153846153,22.0,4,70,0.013721145610640537,0.07118526340869491,-0.09705370505972488,0.19784449576597382
