Asset,Periods,Avg_Trading_Days,Median_Trading_Days,Min_Trading_Days,Max_Trading_Days,Avg_Return,Best_Return,Worst_Return,Pct_Time
JIVE,39,9.512820512820513,3.0,1,47,0.008050912461649724,0.09914403636798652,-0.06145987726953106,0.09520143700282269
MGK,23,118.08695652173913,69.0,6,423,0.09170866002730514,0.40193830169077827,-0.04773305718763976,0.6969463690017963
MGV,44,18.40909090909091,6.0,1,70,0.009275516183158167,0.08757926772707192,-0.09705410748413601,0.20785219399538107
