Asset,Periods,Avg_Trading_Days,Median_Trading_Days,Min_Trading_Days,Max_Trading_Days,Avg_Return,Best_Return,Worst_Return,Pct_Time
JIVE,39,9.512820512820513,3.0,1,47,0.00805089819624725,0.09914404625194861,-0.061459954631437386,0.09520143700282269
MGK,23,118.08695652173913,69.0,6,423,0.09170866137180514,0.40193861554485566,-0.04773299372146178,0.6969463690017963
MGV,44,18.40909090909091,6.0,1,70,0.009275537529134887,0.08757901361105835,-0.09705376418855383,0.20785219399538107
