Asset,Periods,Avg_Trading_Days,Median_Trading_Days,Min_Trading_Days,Max_Trading_Days,Avg_Return,Best_Return,Worst_Return,Pct_Time
JIVE,39,9.512820512820513,3.0,1,47,0.008050914348762182,0.09914403636798652,-0.06146004283534645,0.09520143700282269
MGK,23,118.08695652173913,69.0,6,423,0.09170861089393444,0.40193771897422126,-0.04773320887023291,0.6969463690017963
MGV,44,18.40909090909091,6.0,1,70,0.009275544456673142,0.08757942349568593,-0.09705398922649211,0.20785219399538107
