Asset,Periods,Avg_Trading_Days,Median_Trading_Days,Min_Trading_Days,Max_Trading_Days,Avg_Return,Best_Return,Worst_Return,Pct_Time
JIVE,26,14.5,7.5,5,47,0.010451707904351007,0.08913119212775,-0.0857083944024083,0.09674108288426995
MGK,23,118.08695652173913,69.0,6,423,0.09170863577400368,0.40193803282806284,-0.04773313479681174,0.6969463690017963
MGV,32,25.125,15.5,2,70,0.014518332637215744,0.08435701237408377,-0.09705363445356041,0.2063125481139338
