Asset,Periods,Avg_Trading_Days,Median_Trading_Days,Min_Trading_Days,Max_Trading_Days,Avg_Return,Best_Return,Worst_Return,Pct_Time
JIVE,39,9.512820512820513,3.0,1,47,0.00805089108034065,0.09914393667504084,-0.06145987184852919,0.09520143700282269
MGK,23,118.08695652173913,69.0,6,423,0.09170864439743229,0.4019378089566046,-0.04773306425914203,0.6969463690017963
MGV,44,18.40909090909091,6.0,1,70,0.009275464160943108,0.08757869525289852,-0.09705419130957993,0.20785219399538107
