Asset,Periods,Avg_Trading_Days,Median_Trading_Days,Min_Trading_Days,Max_Trading_Days,Avg_Return,Best_Return,Worst_Return,Pct_Time
JIVE,39,9.512820512820513,3.0,1,47,0.008050904784196912,0.09914414594490428,-0.06146004283534634,0.09520143700282269
MGK,23,118.08695652173913,69.0,6,423,0.09170855236173238,0.40193769702087545,-0.047732919648029726,0.6969463690017963
MGV,44,18.40909090909091,6.0,1,70,0.00927551092650376,0.08757895618984368,-0.09705376418855383,0.20785219399538107
