Asset,Periods,Avg_Trading_Days,Median_Trading_Days,Min_Trading_Days,Max_Trading_Days,Avg_Return,Best_Return,Worst_Return,Pct_Time
JIVE,39,9.512820512820513,3.0,1,47,0.008050866702370789,0.09914393667504084,-0.061459954631437386,0.09520143700282269
MGK,23,118.08695652173913,69.0,6,423,0.09170864031720477,0.40193827973755547,-0.04773299018571542,0.6969463690017963
MGV,44,18.40909090909091,6.0,1,70,0.00927552386488151,0.08757924726392496,-0.09705403687793235,0.20785219399538107
