Asset,Periods,Avg_Trading_Days,Median_Trading_Days,Min_Trading_Days,Max_Trading_Days,Avg_Return,Best_Return,Worst_Return,Pct_Time
JIVE,22,17.90909090909091,10.5,5,49,0.02237442732061765,0.11508436944084521,-0.08037732332209202,0.10110341288170388
MGK,23,118.08695652173913,69.0,6,423,0.09170858456743916,0.4019383916733221,-0.0477329972572087,0.6969463690017963
MGV,27,29.14814814814815,18.0,4,70,0.01096403435180153,0.07379413210780128,-0.09705415513556226,0.20195021811649988
