Asset,Periods,Avg_Trading_Days,Median_Trading_Days,Min_Trading_Days,Max_Trading_Days,Avg_Return,Best_Return,Worst_Return,Pct_Time
JIVE,22,18.181818181818183,11.5,5,49,0.020796421039114808,0.1150841438844088,-0.11240750470050653,0.10264305876315115
MGK,23,118.08695652173913,69.0,6,423,0.0917086285092947,0.4019377639654078,-0.0477329231837712,0.6969463690017963
MGV,27,28.925925925925927,18.0,4,70,0.010179846185210308,0.07550220831869314,-0.09705403687793235,0.2004105722350526
