Asset,Periods,Avg_Trading_Days,Median_Trading_Days,Min_Trading_Days,Max_Trading_Days,Avg_Return,Best_Return,Worst_Return,Pct_Time
MGK,77,33.4025974025974,13.0,2,227,0.020286272809584407,0.3161559888579386,-0.08693045563549151,0.6583056053237778
MGV,76,17.56578947368421,6.0,3,102,0.006312892369063324,0.14871553146358707,-0.10322936792713222,0.34169439467622215
