Asset,Periods,Avg_Trading_Days,Median_Trading_Days,Min_Trading_Days,Max_Trading_Days,Avg_Return,Best_Return,Worst_Return,Pct_Time
JIVE,24,16.166666666666668,9.0,5,49,0.015557801419027332,0.11508447057959703,-0.0697280753773365,0.09956376700025661
MGK,23,118.08695652173913,69.0,6,423,0.09170858510031286,0.4019381897550365,-0.04773299372146178,0.6969463690017963
MGV,29,27.344827586206897,17.0,4,70,0.013783572458612002,0.08435770191977432,-0.09705448695358487,0.20348986399794713
