Asset,Periods,Avg_Trading_Days,Median_Trading_Days,Min_Trading_Days,Max_Trading_Days,Avg_Return,Best_Return,Worst_Return,Pct_Time
MGK,77,33.38961038961039,13.0,1,227,0.020485098480430196,0.3161559888579386,-0.08693045563549151,0.6582181259600615
MGV,76,17.56578947368421,6.0,3,102,0.006312892369063324,0.14871553146358707,-0.10322936792713222,0.34178187403993854
