Asset,Periods,Avg_Trading_Days,Median_Trading_Days,Min_Trading_Days,Max_Trading_Days,Avg_Return,Best_Return,Worst_Return,Pct_Time
JIVE,34,10.882352941176471,4.0,2,47,0.010629022349372803,0.09914424563785995,-0.06145986642752821,0.0949448293559148
MGK,23,118.08695652173913,69.0,6,423,0.09170849679509398,0.40193769702087545,-0.04773313479681174,0.6969463690017963
MGV,39,20.794871794871796,7.0,1,70,0.010197083247160895,0.08435750826558919,-0.09705421426437721,0.20810880164228893
