Asset,Periods,Avg_Trading_Days,Median_Trading_Days,Min_Trading_Days,Max_Trading_Days,Avg_Return,Best_Return,Worst_Return,Pct_Time
MGK,102,28.245098039215687,10.0,3,230,0.02761622054658571,0.39469086206422155,-0.07455596468548387,0.6183730414251986
MGV,103,17.262135922330096,7.0,1,137,0.005977613220416139,0.15795904859690957,-0.23058774968814066,0.38162695857480144
