Asset,Periods,Avg_Trading_Days,Median_Trading_Days,Min_Trading_Days,Max_Trading_Days,Avg_Return,Best_Return,Worst_Return,Pct_Time
MGK,85,28.211764705882352,10.0,3,230,0.019089868609631726,0.35673959068454497,-0.10446009389671362,0.6188387096774194
MGV,85,17.376470588235293,6.0,3,137,0.007891925711526285,0.15154371906669817,-0.09178158777487877,0.38116129032258067
