Asset,Periods,Avg_Trading_Days,Median_Trading_Days,Min_Trading_Days,Max_Trading_Days,Avg_Return,Best_Return,Worst_Return,Pct_Time
JIVE,39,9.512820512820513,3.0,1,47,0.008050900862859978,0.09914424563785995,-0.061459954631437386,0.09520143700282269
MGK,23,118.08695652173913,69.0,6,423,0.0917086404409473,0.4019383466820452,-0.04773277503689599,0.6969463690017963
MGV,44,18.40909090909091,6.0,1,70,0.009275514291262034,0.08757900679002972,-0.09705388244621171,0.20785219399538107
