Asset,Periods,Avg_Trading_Days,Median_Trading_Days,Min_Trading_Days,Max_Trading_Days,Avg_Return,Best_Return,Worst_Return,Pct_Time
JIVE,26,14.5,7.5,5,47,0.010451744203228752,0.08913119212775,-0.08570857365721007,0.09674108288426995
MGK,23,118.08695652173913,69.0,6,423,0.09170852395535892,0.4019373381759699,-0.04773299018571542,0.6969463690017963
MGV,32,25.125,15.5,2,70,0.014518361512204168,0.08435731461144025,-0.0970540254005533,0.2063125481139338
