Asset,Periods,Avg_Trading_Days,Median_Trading_Days,Min_Trading_Days,Max_Trading_Days,Avg_Return,Best_Return,Worst_Return,Pct_Time
MGK,84,28.642857142857142,11.0,3,230,0.019553831858873612,0.3568806760278853,-0.10467028463070305,0.6166068682726806
MGV,85,17.6,6.0,3,137,0.008473245101580701,0.14871556275999587,-0.09178157381784013,0.3833931317273193
