Asset,Periods,Avg_Trading_Days,Median_Trading_Days,Min_Trading_Days,Max_Trading_Days,Avg_Return,Best_Return,Worst_Return,Pct_Time
JIVE,39,9.512820512820513,3.0,1,47,0.008050916793393478,0.09914413606093242,-0.06145986642752832,0.09520143700282269
MGK,23,118.08695652173913,69.0,6,423,0.09170865114880888,0.401938234746291,-0.047732633961461324,0.6969463690017963
MGV,44,18.40909090909091,6.0,1,70,0.009275524489195563,0.08757885784248054,-0.09705391862030244,0.20785219399538107
