Asset,Periods,Avg_Trading_Days,Median_Trading_Days,Min_Trading_Days,Max_Trading_Days,Avg_Return,Best_Return,Worst_Return,Pct_Time
MGK,102,28.245098039215687,10.0,3,230,0.02761621394517031,0.3946905258836968,-0.07455601224930697,0.6183730414251986
MGV,103,17.262135922330096,7.0,1,137,0.005969075832776204,0.15795928189215713,-0.2305877164901785,0.38162695857480144
