Asset,Periods,Avg_Trading_Days,Median_Trading_Days,Min_Trading_Days,Max_Trading_Days,Avg_Return,Best_Return,Worst_Return,Pct_Time
JIVE,39,9.512820512820513,3.0,1,47,0.008050898894887392,0.09914403636798652,-0.06146004283534645,0.09520143700282269
MGK,23,118.08695652173913,69.0,6,423,0.09170873911824158,0.40193897439043114,-0.04773284203886219,0.6969463690017963
MGV,44,18.40909090909091,6.0,1,70,0.009275488018643556,0.08757909149534715,-0.09705376418855383,0.20785219399538107
