Asset,Periods,Avg_Trading_Days,Median_Trading_Days,Min_Trading_Days,Max_Trading_Days,Avg_Return,Best_Return,Worst_Return,Pct_Time
JIVE,22,18.454545454545453,11.0,10,49,0.01968614491429981,0.11508458335785932,-0.06679263587892514,0.1041827046445984
MGK,22,121.4090909090909,73.5,10,417,0.09014909945061059,0.37154655974190876,-0.04607638870403341,0.6853990248909417
MGV,26,31.53846153846154,24.0,10,70,0.014019840303864871,0.07550221527619083,-0.09705398922649211,0.21041827046445985
