Asset,Periods,Avg_Trading_Days,Median_Trading_Days,Min_Trading_Days,Max_Trading_Days,Avg_Return,Best_Return,Worst_Return,Pct_Time
JIVE,39,9.512820512820513,3.0,1,47,0.008050923348929784,0.09914414594490428,-0.061459954631437275,0.09520143700282269
MGK,23,118.08695652173913,69.0,6,423,0.0917085654766244,0.401937607038517,-0.047732919648029726,0.6969463690017963
MGV,44,18.40909090909091,6.0,1,70,0.00927543199070966,0.0875789220847254,-0.0970540960067473,0.20785219399538107
