Asset,Periods,Avg_Trading_Days,Median_Trading_Days,Min_Trading_Days,Max_Trading_Days,Avg_Return,Best_Return,Worst_Return,Pct_Time
JIVE,22,18.181818181818183,11.5,5,49,0.020796404111844677,0.11508435780135717,-0.11240759540885148,0.10253781081773904
MGK,23,118.08695652173913,69.0,6,423,0.09170857109945382,0.4019374501116615,-0.04773306425914203,0.6962317354524481
MGV,27,29.074074074074073,18.0,4,70,0.009989376721002974,0.07550212312659887,-0.09705397774911739,0.20123045372981288
