Asset,Periods,Avg_Trading_Days,Median_Trading_Days,Min_Trading_Days,Max_Trading_Days,Avg_Return,Best_Return,Worst_Return,Pct_Time
JIVE,39,9.512820512820513,3.0,1,47,0.0080509144202348,0.09914414594490428,-0.061460037414330815,0.09520143700282269
MGK,23,118.08695652173913,69.0,6,423,0.09170864122304072,0.4019383916733221,-0.04773277503689599,0.6969463690017963
MGV,44,18.40909090909091,6.0,1,70,0.009275565928620406,0.08757927454812298,-0.09705404835531406,0.20785219399538107
