Asset,Periods,Avg_Trading_Days,Median_Trading_Days,Min_Trading_Days,Max_Trading_Days,Avg_Return,Best_Return,Worst_Return,Pct_Time
MGK,33,76.81818181818181,49.0,2,374,0.067411564597942,0.598026140304081,-0.06317867719644621,0.6483375959079284
MGV,33,41.666666666666664,15.0,2,278,0.01652164905024823,0.15357395612172664,-0.062318619214907556,0.3516624040920716
