Asset,Periods,Avg_Trading_Days,Median_Trading_Days,Min_Trading_Days,Max_Trading_Days,Avg_Return,Best_Return,Worst_Return,Pct_Time
MGK,45,55.77777777777778,16.0,2,374,0.04412767936506399,0.58843537414966,-0.10306242638398111,0.6424366521627848
MGV,44,31.75,6.5,3,278,0.012185051402814145,0.13455742791820335,-0.06873192266707262,0.3575633478372153
