Asset,Periods,Avg_Trading_Days,Median_Trading_Days,Min_Trading_Days,Max_Trading_Days,Avg_Return,Best_Return,Worst_Return,Pct_Time
JIVE,21,19.19047619047619,12.0,5,49,0.02370549158812511,0.11508435780135717,-0.028576924484961075,0.10341288170387478
MGK,23,118.08695652173913,69.0,6,423,0.0917086168814506,0.40193794284562956,-0.047732919648029726,0.6969463690017963
MGV,26,29.923076923076923,20.5,4,70,0.010399884079538884,0.06723960959899644,-0.09705370505972488,0.19964074929432898
