Asset,Periods,Avg_Trading_Days,Median_Trading_Days,Min_Trading_Days,Max_Trading_Days,Avg_Return,Best_Return,Worst_Return,Pct_Time
MGK,85,28.28235294117647,10.0,3,230,0.01878287600619765,0.35673959068454497,-0.10446009389671362,0.6157786885245902
MGV,86,17.441860465116278,6.0,3,137,0.008168527214390174,0.15154371906669817,-0.09178158777487877,0.38422131147540983
