Date,VOO Benchmark,A1V12 Tactical Sleeve,Tactical + SMH Overlay,Overlay_Active
2011-01-03,100000.0,100000.0,100000.0,True
2011-01-04,99920.38216560509,99633.69963369965,99752.33349556403,True
2011-01-05,100454.95905368516,100244.20024420027,100142.47815671303,True
2011-01-06,100284.34940855321,126560.1168776398,119699.39549770165,True
2011-01-07,100079.6178343949,126274.96453018737,119441.35561099993,True
2011-01-10,99988.62602365787,125894.76140025078,119237.78579177766,True
2011-01-11,100318.47133757961,126274.96453018737,119722.32109965984,True
2011-01-12,101205.6414922657,100601.97564957784,101311.85531423113,True
2011-01-13,101069.15377616015,100480.76845000002,101230.7992650489,True
2011-01-14,101797.08826205641,101086.80444788905,102392.99613387237,True
2011-01-18,101967.69790718835,101450.42604662247,102807.07480517284,True
2011-01-19,100955.41401273884,100359.56125042222,101638.08406931954,True
2011-01-20,100830.30027297544,100117.14685126662,101239.94762716634,True
2011-01-21,101057.779799818,99874.73245211101,100955.75762790094,True
2011-01-24,101671.97452229299,100723.18284915565,102157.97224114781,True
2011-01-25,101637.85259326661,127455.16169033405,121927.03992676805,True
2011-01-26,102172.42948134665,127690.84061357801,122269.5554199124,True
2011-01-27,102308.91719745223,128067.92689076836,123084.16546540849,True
2011-01-28,100511.82893539582,126182.49550481666,121102.25164714974,True
2011-01-31,101273.88535031847,127172.3469824413,121844.85334566279,True
2011-02-01,102866.24203821654,129576.27199952971,124323.30606849182,True
2011-02-02,102695.63239308464,129152.04993769056,124072.32225205928,True
2011-02-03,102945.85987261147,129434.86464558331,124186.43392298892,True
2011-02-04,103218.83530482257,129482.0004302321,124676.35717099224,True
2011-02-07,103878.52593266606,130377.58033855917,125237.2503755389,True
2011-02-08,104356.23293903549,130990.34553899345,125668.07115698242,True
2011-02-09,104106.00545950863,130518.98769250554,125262.37753570206,True
2011-02-10,104140.12738853504,130518.98769250554,125406.0404399116,True
2011-02-11,104788.4440400364,131414.56760083258,126262.25327450386,True
2011-02-14,105050.04549590535,131838.7896626717,126728.73861820526,True
2011-02-15,104674.7042766151,131320.296031535,126208.2558962667,True
2011-02-16,105345.76888080074,132215.87593986208,127088.4107554886,True
2011-02-17,105732.48407643312,132592.96221705238,127607.70654915494,True
2011-02-18,105903.09372156506,132970.04849424274,127863.61318081596,True
2011-02-22,103742.0382165605,130848.9381850471,125443.39784350798,True
2011-02-23,103150.59144676979,130566.12347715432,124818.47935717303,True
2011-02-24,103048.22565969062,130189.03719996399,124762.10095143688,True
2011-02-25,104174.24931756144,131226.02446223743,126138.29238764005,True
2011-02-28,104788.4440400364,132357.28329380843,126786.29319578176,True
2011-03-01,103002.72975432209,130330.44455391036,124819.1585796403,True
2011-03-02,103287.07916287534,130330.44455391036,125417.77373397174,True
2011-03-03,105061.4194722475,132545.8264324036,127652.53393392517,True
2011-03-04,104287.98908098272,131461.70338548138,126632.4628138819,True
2011-03-07,103378.07097361235,130566.12347715432,125153.6981785445,True
2011-03-08,104344.85896269334,131885.9254473205,126157.13111668565,True
2011-03-09,104219.74522292991,131980.1970166181,125389.05205373024,True
2011-03-10,102308.91719745223,129293.45729163692,122884.27627877257,True
2011-03-11,103002.72975432209,130189.03719996399,123716.53633230337,True
2011-03-14,102399.90900818926,129293.45729163692,123003.99536561381,True
2011-03-15,101262.51137397635,127832.2479675244,121488.5633055792,False
2011-03-16,99328.93539581438,125428.32295043598,131505.45298918494,False
2011-03-17,100568.69881710646,127172.3469824413,133333.976762428,False
2011-03-18,101000.90991810737,128162.19846006593,134371.78755264706,False
2011-03-21,102536.39672429483,129670.54356882728,135953.21351869515,False
2011-03-22,102172.42948134665,129246.32150698816,135508.43746574412,False
2011-03-23,102502.27479526843,129482.0004302321,135755.53527293913,False
2011-03-24,103457.68880800728,130283.30876926158,136595.66781740217,False
2011-03-25,103776.16014558691,130754.66661574948,137089.86343179218,False
2011-03-28,103548.68061874431,130566.12347715432,136892.1851860362,False
2011-03-29,104219.74522292991,131273.16024688623,137633.47860762122,False
2011-03-30,104924.93175614194,132310.14750915964,138720.70895927926,False
2011-03-31,104788.4440400364,131838.7896626717,138226.51334488922,False
2011-04-01,105277.52502274797,132640.0980017012,139066.64588935228,False
2011-04-04,105323.02092811646,132734.36957099877,139165.4850122303,False
2011-04-05,105323.02092811646,132828.64114029636,139264.32413510827,False
2011-04-06,105641.49226569608,133347.13477143308,139807.9393109373,False
2011-04-07,105448.13466787987,133111.4558481891,139560.8415037423,False
2011-04-08,105050.04549590535,132734.36957099877,139165.4850122303,False
2011-04-11,104697.45222929936,132263.01172451084,138671.28939784027,False
2011-04-12,103924.02183803458,131178.88867758863,137534.6394847432,False
2011-04-13,103958.14376706099,130896.07396969586,137238.12211610918,False
2011-04-14,103980.89171974522,130943.20975434469,137287.54167754823,False
2011-04-15,104344.85896269334,131555.97495477897,137929.99597625525,False
2011-04-18,103196.0873521383,129906.22249207122,136200.31132589016,False
2011-04-19,103844.40400363966,130660.3950464519,136991.0243089142,False
2011-04-20,105243.40309372157,132168.74015521325,138572.45027496226,False
2011-04-21,105709.73612374885,132545.8264324036,138967.8067664743,False
2011-04-25,105607.37033666969,104568.78062112597,109635.24458141596,False
2011-04-26,106528.66242038214,105302.59662548473,110404.61471882937,False
2011-04-27,107211.10100090994,106036.41262984353,111173.98485624284,True
2011-04-28,107552.32029117379,106403.32063202291,106780.4749825122,True
2011-04-29,107870.79162875342,135100.03202018718,127881.27690915883,True
2011-05-02,107631.93812556869,134818.6713148345,127360.51509167672,True
2011-05-03,107279.3448589627,134537.3106094818,127020.592052084,True
2011-05-04,106551.41037306644,133740.12194431582,126530.5974850151,True
2011-05-05,105630.11828935395,132286.4249666602,125575.0834127892,True
2011-05-06,106119.1992720655,132708.46602468926,126010.25680066043,True
2011-05-09,106551.41037306644,133177.4005336104,126196.733107294,True
2011-05-10,107427.20655141037,106043.18984244537,106465.37415150479,True
2011-05-11,106301.18289353958,105068.0800507907,105647.31678531633,True
2011-05-12,106869.88171064605,105677.52367057485,106384.4808124809,True
2011-05-13,105937.21565059145,104702.41387892018,105456.8954684416,True
2011-05-16,105277.52502274797,103849.19281122234,104556.28394172042,True
2011-05-17,105254.7770700637,103727.30408726551,104099.07861887423,True
2011-05-18,106244.31301182893,104702.41387892018,105425.60929073348,True
2011-05-19,106380.8007279345,104946.19132683385,105362.19949633014,True
2011-05-20,105664.24021838035,104458.63643100653,104824.10083446007,True
2011-05-23,104413.10282074613,103117.86046748135,103291.50927098833,True
2011-05-24,104322.1110100091,102995.97174352451,102998.58010139498,True
2011-05-25,104674.7042766151,103361.63791539503,103431.49828696744,True
2011-05-26,105084.16742493176,103849.19281122234,103844.43642448154,True
2011-05-27,105550.50045495907,104336.7477070497,104288.67128205278,True
2011-05-31,106608.28025477707,105433.7462226612,105532.65482161194,True
2011-06-01,104242.4931756142,103117.86046748135,102955.14332681734,True
2011-06-02,104117.37943585077,103117.86046748135,103041.19173639275,True
2011-06-03,103116.4695177434,102020.86195186984,101672.0424013031,True
2011-06-06,102024.56778889902,101045.75216021517,100861.80745807076,True
2011-06-07,101888.08007279344,100923.86343625834,100952.17877038512,True
2011-06-08,101478.6169244768,100436.30854043101,100030.77259837472,True
2011-06-09,102252.04731574158,101167.64088417201,100646.2738643423,True
2011-06-10,100818.92629663332,99461.19874877634,98970.20782113961,True
2011-06-13,100887.17015468609,99339.31002481951,98677.27689448814,True
2011-06-14,102183.80345768883,126597.84428019302,118788.34593224053,True
2011-06-15,100398.0891719745,124463.12989716926,116756.16638162425,True
2011-06-16,100591.44676979071,125112.82557895909,116969.15854253927,True
2011-06-17,100864.42220200182,125762.52126074894,117278.96008289269,True
2011-06-20,101433.12101910828,126180.18277047099,117670.59699479648,True
2011-06-21,102820.74613284804,127479.57413405066,119185.74029412115,True
2011-06-22,102217.92538671519,126737.0647834337,118477.84488752148,True
2011-06-23,101876.7060964513,125948.14859840318,118284.91113570519,True
2011-06-24,100750.68243858052,124555.94356599638,116678.252106382,True
2011-06-27,101603.73066424023,99972.92402380872,99099.8110651534,True
2011-06-28,102900.36396724294,101548.25494782027,100450.3624696525,True
2011-06-29,103821.65605095541,102396.51006074954,101015.25969648507,True
2011-06-30,104811.19199272066,103365.94447552584,102430.731816525,True
2011-07-01,106392.17470427662,104820.09609769036,104042.62766313841,True
2011-07-05,106221.56505914469,105183.63400323148,104013.41338782584,True
2011-07-06,106380.8007279345,105425.99260692556,104164.38133313571,True
2011-07-07,107540.94631483167,106758.96492724301,105769.7758997842,True
2011-07-08,106813.01182893538,106153.0684180078,104909.45348855136,True
2011-07-11,104833.93994540491,104214.19958845514,103109.24995521268,True
2011-07-12,104367.6069153776,103608.30307921996,101810.65774615735,True
2011-07-13,104731.57415832575,103971.84098476106,101895.06802871957,True
2011-07-14,104049.135577798,103244.76517367882,101028.2516295612,True
2011-07-15,104629.20837124658,104093.02028660812,101739.24304269096,True
2011-07-18,103742.0382165605,103487.12377737291,101065.59501699627,True
2011-07-19,105425.38671519561,105547.17190877261,103310.55139802396,True
2011-07-20,105425.38671519561,105304.81330507851,102940.45037681263,True
2011-07-21,106824.38580527753,106516.60632354894,104019.92075923103,True
2011-07-22,106915.37761601458,106880.14422909007,104737.39308801202,True
2011-07-25,106312.55686988171,106516.60632354894,104214.71300762723,True
2011-07-26,105857.59781619652,106274.24771985486,104128.6715580931,True
2011-07-27,103753.41219290264,103850.66168291404,101482.76840236428,True
2011-07-28,103457.68880800728,103850.66168291404,101336.67421606714,True
2011-07-29,102661.51046405824,103123.58587183179,100615.95200320592,True
2011-08-01,102297.54322111011,102760.04796629067,100361.09759179209,True
2011-08-02,99749.77252047315,100215.2826275028,97797.97324044822,True
2011-08-03,100250.22747952686,101063.53774043209,98655.05337084558,True
2011-08-04,95552.77525022748,96337.5449683975,93848.59286738688,True
2011-08-05,95348.04367606915,96095.18636470342,93372.97968212924,True
2011-08-08,89228.84440400364,90157.40057419841,88168.81619660935,True
2011-08-09,93232.48407643312,94277.4968369978,91879.58366420788,True
2011-08-10,89183.34849863511,90278.57987604546,88418.79137998092,True
2011-08-11,93084.62238398545,94156.31753515075,92092.22275218373,True
2011-08-12,93835.30482256597,95246.93125177413,92824.32000402262,True
2011-08-15,95768.88080072793,96701.08287393862,94249.53781907818,True
2011-08-16,94949.95450409464,96095.18636470342,93413.56352738997,True
2011-08-17,95052.32029117379,95852.82776100934,93165.20492691151,True
2011-08-18,91105.55050045495,91611.5521963629,88920.38812018544,True
2011-08-19,89376.70609645132,89793.8626686573,87151.03945538585,True
2011-08-22,89444.94995450409,90157.40057419841,87665.6107879618,True
2011-08-23,92538.67151956324,93065.70381852739,90637.79248482548,True
2011-08-24,93801.18289353958,94519.85544069188,91608.50295333254,True
2011-08-25,92390.80982711556,93065.70381852739,89964.14841635588,True
2011-08-26,93607.82529572338,94641.03474253892,91566.29887915903,True
2011-08-29,96337.5796178344,97185.80008132679,94137.53927035107,True
2011-08-30,96508.18926296632,97549.33798686792,94368.04191620063,True
2011-08-31,96997.2702456779,97912.87589240904,94493.0378670334,True
2011-09-01,96064.60418562329,96943.4414776327,93459.02508888846,True
2011-09-02,93573.703366697,94641.03474253892,91241.65546222116,True
2011-09-06,92936.76069153775,94277.4968369978,90897.51914344756,True
2011-09-07,95552.77525022748,96579.90357209157,93269.0989962602,True
2011-09-08,94551.8653321201,95974.00706285637,92709.07917446006,True
2011-09-09,92060.9645131938,93308.06242222148,90642.66442082834,True
2011-09-12,92720.6551410373,94035.13823330372,91663.68740011237,True
2011-09-13,93494.0855323021,95004.57264808005,92770.746359901,True
2011-09-14,94813.46678798908,96458.72427024454,94382.64038350455,True
2011-09-15,96439.94540491357,98034.05519425607,95879.28232828109,True
2011-09-16,97020.01819836214,98639.95170349129,96455.5396988072,True
2011-09-19,96110.10009099181,98276.41379795014,96014.01272486502,True
2011-09-20,95950.864422202,98034.05519425607,95643.91170365372,True
2011-09-21,93050.50045495905,95368.11055362117,93260.96957293234,True
2011-09-22,90138.76251137398,92338.62800744515,90428.3844284206,True
2011-09-23,90559.59963603276,92823.34521483332,91265.98441805117,True
2011-09-26,92754.77707006369,94641.03474253892,92645.75587809776,True
2011-09-27,93823.93084622383,95610.46915731525,93850.21096208446,True
2011-09-28,91958.59872611464,93671.6003277626,91790.29779962306,True
2011-09-29,92618.28935395816,93671.6003277626,91603.62523709475,True
2011-09-30,90411.73794358507,91248.01429082178,89087.58418796668,True
2011-10-03,87636.48771610555,88824.42825388096,86717.62456406683,True
2011-10-04,89558.68971792539,90763.29708343362,87706.19676743772,True
2011-10-05,91344.40400363968,92702.16591298628,89798.57408929194,False
2011-10-06,93107.3703366697,94277.4968369978,95002.30799252923,False
2011-10-07,92390.80982711556,93792.77962960965,94513.86424963703,False
2011-10-10,95518.6533212011,96943.4414776327,97688.7485784362,False
2011-10-11,95484.5313921747,97306.97938317382,98055.08138560534,False
2011-10-12,96360.32757051865,98034.05519425607,98787.7469999436,False
2011-10-13,96212.46587807097,98155.2344961031,98909.85793566666,False
2011-10-14,97804.82256596905,100094.10332565576,100863.63290723537,False
2011-10-17,95973.61237488626,98155.2344961031,98909.85793566666,False
2011-10-18,97895.81437670608,99730.56542011465,100497.30010006626,False
2011-10-19,96667.42493175613,98034.05519425607,98787.7469999436,False
2011-10-20,97111.01000909918,98276.41379795014,99031.96887138969,False
2011-10-21,98976.34212920837,100094.10332565576,100863.63290723537,False
2011-10-24,100238.85350318471,101548.25494782027,102328.96413591194,False
2011-10-25,98293.90354868062,99730.56542011465,100497.30010006626,False
2011-10-26,99237.94358507734,100336.46192934984,101107.85477868145,False
2011-10-27,102661.51046405824,103365.94447552584,104160.62817175759,False
2011-10-28,102763.8762511374,103729.48238106699,104526.96097892676,False
2011-10-31,100125.1137397634,101669.4342496673,102451.07507163497,False
2011-11-01,97474.97725204732,98882.31030718535,99642.52355000493,False
2011-11-02,99010.46405823475,100457.64123119687,101229.9657144045,False
2011-11-03,100841.67424931756,102275.33075890249,103061.6297502502,False
2011-11-04,100261.60145586898,101669.4342496673,102451.07507163497,False
2011-11-07,100841.67424931756,102275.33075890249,103061.6297502502,False
2011-11-08,102047.31574158325,103729.48238106699,104526.96097892676,False
2011-11-09,98362.14740673339,100094.10332565576,100863.63290723537,False
2011-11-10,99260.6915377616,100699.99983489097,101474.18758585061,False
2011-11-11,101194.26751592358,102638.86866444362,103427.96255741935,False
2011-11-14,100216.10555050045,102032.97215520841,102817.40787880411,False
2011-11-15,100739.30846223839,102760.04796629067,103550.07349314238,False
2011-11-16,99112.82984531391,101063.53774043209,101840.52039301975,False
2011-11-17,97520.47315741582,99367.0275145735,100130.9672928971,False
2011-11-18,97383.98544131029,99003.4896090324,99764.63448572798,False
2011-11-21,95643.76706096451,97306.97938317382,98055.08138560534,False
2011-11-22,95131.9381255687,97185.80008132679,97932.97044988228,False
2011-11-23,93118.74431301183,95246.93125177413,95979.19547831357,False
2011-11-25,92845.76888080072,94883.393346233,95612.86267114444,False
2011-11-28,95621.01910828025,97670.51728871495,98421.4141927745,False
2011-11-29,95905.36851683348,97791.69659056199,98543.52512849752,False
2011-11-30,99829.39035486805,101548.25494782027,102328.96413591194,False
2011-12-01,99761.14649681527,101669.4342496673,102451.07507163497,False
2011-12-02,99704.27661510464,101548.25494782027,102328.96413591194,False
2011-12-05,100796.17834394905,102396.51006074954,103183.74068597323,False
2011-12-06,100875.79617834395,102275.33075890249,103061.6297502502,False
2011-12-07,101217.01546860782,102396.51006074954,103183.74068597323,False
2011-12-08,99033.21201091901,100336.46192934984,101107.85477868145,False
2011-12-09,100705.18653321204,102275.33075890249,103061.6297502502,False
2011-12-12,99260.6915377616,100942.35843858506,101718.40945729669,False
2011-12-13,98316.65150136488,99851.74472196169,100619.41103578928,False
2011-12-14,97213.37579617834,98397.59309979719,99154.07980711274,False
2011-12-15,97577.34303912648,98397.59309979719,99154.07980711274,False
2011-12-16,97645.58689717925,98639.95170349129,99398.30167855884,False
2011-12-19,96656.05095541402,97912.87589240904,98665.63606422057,False
2011-12-20,99533.6669699727,100699.99983489097,101474.18758585061,False
2011-12-21,99829.39035486805,100336.46192934984,101107.85477868145,False
2011-12-22,100773.43039126479,100699.99983489097,101474.18758585061,False
2011-12-23,101569.60873521383,101548.25494782027,102328.96413591194,False
2011-12-27,101671.97452229299,101911.79285336139,102695.29694308106,False
2011-12-28,100432.21110100091,100578.82053304394,101352.07665012758,False
2011-12-29,101342.12920837122,101548.25494782027,102328.96413591194,False
2011-12-30,100955.41401273884,101305.89634412617,102084.74226446582,False
2012-01-03,102445.40491355775,102760.04796629067,103550.07349314238,False
2012-01-04,102627.38853503185,103002.40656998474,103794.29536458846,False
2012-01-05,102957.23384895359,103244.76517367882,104038.51723603456,False
2012-01-06,102752.50227479526,103123.58587183179,103916.40630031152,False
2012-01-09,102911.73794358507,103123.58587183179,103916.40630031152,False
2012-01-10,103787.53412192903,103971.84098476106,104771.18285037283,False
2012-01-11,103889.89990900819,103971.84098476106,104771.18285037283,False
2012-01-12,104117.37943585077,104214.19958845514,105015.40472181892,False
2012-01-13,103685.16833484986,103850.66168291404,104649.07191464979,False
2012-01-17,103958.14376706099,104577.73749399628,105381.73752898804,False
2012-01-18,105118.28935395816,105547.17190877261,106358.62501477242,False
2012-01-19,105686.98817106462,106395.42702170188,107213.40156483372,False
2012-01-20,105686.98817106462,106031.88911616078,106847.06875766459,False
2012-01-23,105789.35395814377,106274.24771985486,107091.29062911066,False
2012-01-24,105630.11828935395,106274.24771985486,107091.29062911066,True
2012-01-25,106562.78434940855,107607.22004017231,103906.26325294728,True
2012-01-26,106016.83348498635,107122.50283278413,103423.9298908041,True
2012-01-27,105880.3457688808,107364.86143647821,103619.66350194596,True
2012-01-30,105527.7525022748,107122.50283278413,103258.72142612534,True
2012-01-31,105470.88262056414,107243.68213463118,103335.94088432669,True
2012-02-01,106471.79253867152,108091.93724756046,104388.59661509043,True
2012-02-02,106687.89808917195,108455.4751531016,104653.28963227125,True
2012-02-03,108200.63694267515,109909.62677526608,106125.07544126087,True
2012-02-06,108041.40127388535,109788.44747341904,105742.22663161973,True
2012-02-07,108371.24658780711,110030.80607711311,105995.78617397141,True
2012-02-08,108598.72611464969,110151.98537896016,106337.32730136994,True
2012-02-09,108723.83985441309,110636.70258634833,106778.3641134163,True
2012-02-10,107984.5313921747,110030.80607711311,105838.84332752794,True
2012-02-13,108814.83166515014,110879.06119004241,106536.30939387741,True
2012-02-14,108655.59599636032,110879.06119004241,106627.16996766397,True
2012-02-15,108177.8889899909,110273.1646808072,106274.12401745265,True
2012-02-16,109360.78252957236,111363.77839743056,107621.63955138008,True
2012-02-17,109622.38398544131,111363.77839743056,107572.07552769037,True
2012-02-21,109690.62784349408,111484.9576992776,107318.88733332233,True
2012-02-22,109315.28662420383,111363.77839743056,107068.20677971032,True
2012-02-23,109849.86351228389,111969.67490666578,107429.50907136878,True
2012-02-24,110009.09918107372,112333.21281220687,107652.90182773754,True
2012-02-27,110202.45677888989,112454.39211405393,107854.02392373272,True
2012-02-28,110589.1719745223,112817.93001959506,108523.4650629446,True
2012-02-29,109986.35122838944,112454.39211405393,107820.98000436777,True
2012-03-01,110714.28571428572,113181.4679251362,108333.84593440458,True
2012-03-02,110407.18835304822,112939.10932144208,107939.86921600718,True
2012-03-05,109940.8553230209,112333.21281220687,106909.48414561701,True
2012-03-06,108212.01091901728,110757.88188819535,105699.15400458836,True
2012-03-07,109076.43312101912,111484.9576992776,106591.98975552664,True
2012-03-08,110134.21292083712,112817.93001959506,107788.30928834413,True
2012-03-09,110555.05004549591,113181.4679251362,108267.76551710529,True
2012-03-12,110600.54595086441,113060.28862328915,107926.22624506438,True
2012-03-13,112590.99181073705,114999.1574528418,109946.42026742359,True
2012-03-14,112500.0,115120.33675468882,109874.95322062861,True
2012-03-15,113080.07279344858,115726.23326392403,110781.44121929785,True
2012-03-16,113239.30846223839,115726.23326392403,110773.17745642016,True
2012-03-19,113717.01546860785,116453.30907500628,111583.4034089462,True
2012-03-20,113398.54413102822,116089.77116946517,111145.24744099707,True
2012-03-21,113216.56050955413,115968.59186761812,111200.19438346723,True
2012-03-22,112340.76433121019,115362.69535838293,110607.60320983068,True
2012-03-23,112784.34940855321,115483.87466022995,110726.1229288441,True
2012-03-26,114308.46223839854,117180.38488608853,112377.1241000084,True
2012-03-27,113989.99090081894,116938.02628239445,112189.6412642408,True
2012-03-28,113444.04003639672,116574.48837685332,111578.02420088103,True
2012-03-29,113250.68243858052,116453.30907500628,111550.3594895813,True
2012-03-30,113626.0236578708,116695.66767870038,111886.52697498757,True
2012-04-02,114535.94176524114,117786.28139532375,112746.6882991869,True
2012-04-03,114092.3566878981,117665.10209347669,112248.19504855676,True
2012-04-04,112898.08917197453,116453.30907500628,110873.03150154819,True
2012-04-05,112863.96724294814,116695.66767870038,111184.40769832148,True
2012-04-09,111612.82984531391,115605.05396207699,109985.5768140327,True
2012-04-10,109667.87989080981,113787.36443437141,108249.1054092928,True
2012-04-11,110566.42402183803,114514.4402454536,109191.49961784789,True
2012-04-12,112090.53685168333,115968.59186761812,110729.36769949447,True
2012-04-13,110748.40764331211,114756.79884914772,109478.0993688492,True
2012-04-16,110623.29390354868,114029.72303806547,109072.61226156614,True
2012-04-17,112318.01637852594,115968.59186761812,110787.18991998897,True
2012-04-18,111931.30118289351,115726.23326392403,110426.24784416835,True
2012-04-19,111203.36669699727,114635.61954730068,109475.22223546721,True
2012-04-20,111373.97634212922,114756.79884914772,109065.08748394046,True
2012-04-23,110429.93630573248,113666.18513252436,107899.3023743742,True
2012-04-24,110828.02547770701,113545.0058306773,107491.67155288822,True
2012-04-25,112386.26023657869,115847.4125657711,109693.96363687697,True
2012-04-26,113159.6906278435,116453.30907500628,110757.38706055918,True
2012-04-27,113387.17015468607,117059.20558424147,111333.46369594376,True
2012-04-30,112898.08917197453,116332.12977315923,110630.61100009861,True
2012-05-01,113637.39763421292,116695.66767870038,111010.94474755319,True
2012-05-02,113284.8043676069,116695.66767870038,111167.88944935429,True
2012-05-03,112454.50409463148,115847.4125657711,109916.98875597738,True
2012-05-04,110623.29390354868,113666.18513252436,107734.09390969544,True
2012-05-07,110702.91173794358,113666.18513252436,107684.53174136335,True
2012-05-08,110236.57870791628,113181.4679251362,107045.25738813433,True
2012-05-09,109611.01000909919,112575.57141590098,106510.48657963467,True
2012-05-10,109804.36760691539,112454.39211405393,106474.569237603,True
2012-05-11,109451.77434030938,112212.03351035985,106452.2967218718,True
2012-05-14,108291.62875341218,111121.41979373648,105294.76980911034,True
2012-05-15,107688.80800727935,110636.70258634833,104729.83221462782,True
2012-05-16,107233.84895359418,110273.1646808072,104233.85031546894,True
2012-05-17,105607.37033666969,108213.11654940751,102285.12333990469,True
2012-05-18,104777.07006369428,107364.86143647821,101232.46760914093,True
2012-05-21,106540.03639672429,109788.44747341904,103478.9315212509,True
2012-05-22,106767.51592356688,109788.44747341904,103338.50877913226,True
2012-05-23,106767.51592356688,110273.1646808072,103573.03501033018,True
2012-05-24,106960.87352138308,110151.98537896016,103322.35445671815,True
2012-05-25,106722.02001819835,109788.44747341904,103239.38444246806,True
2012-05-29,107939.03548680618,111121.41979373648,104642.21270077636,True
2012-05-30,106380.8007279345,109667.26817157202,103228.24911228125,True
2012-05-31,106119.1992720655,109182.55096418383,102679.83347748118,True
2012-06-01,103525.93266606005,106395.42702170188,99755.66280792399,True
2012-06-04,103491.81073703367,106758.96492724301,99995.57381325998,True
2012-06-05,104094.63148316651,107122.50283278413,100731.09908048641,True
2012-06-06,106574.15832575067,109546.08886972495,103200.59367776963,True
2012-06-07,106562.78434940855,109546.08886972495,102985.83046618928,True
2012-06-08,107438.5805277525,110273.1646808072,103771.27997294333,True
2012-06-11,106141.94722474976,108576.65445494864,102145.06081362389,True
2012-06-12,107370.33666969973,110030.80607711311,103757.26936473216,True
2012-06-13,106665.15013648772,136162.83636092377,121163.9329781635,True
2012-06-14,107848.04367606912,138129.08670548585,122422.88561790444,True
2012-06-15,108803.45768880802,139259.68065360904,123640.965151321,True
2012-06-18,109030.93721565059,138817.27432608258,123612.5517400921,True
2012-06-19,110145.58689717927,140341.1183431182,124940.60042928692,True
2012-06-20,109963.60327570517,140046.18079143387,124951.20394249549,True
2012-06-21,107552.32029117379,137293.43030904696,122089.49607580452,True
2012-06-22,108325.75068243856,138374.8679985561,123123.19338392898,True
2012-06-25,106608.28025477707,136015.36758508164,120539.86725381124,True
2012-06-26,107120.1091901729,137096.80527459076,121281.04613511472,True
2012-06-27,108075.52320291173,138030.77418825772,122275.7265188017,True
2012-06-28,107825.29572338489,138030.77418825772,122089.57770498998,True
2012-06-29,110509.55414012738,141225.93099817113,125360.87070017803,True
2012-07-02,110805.27752502274,141619.18106708353,125594.92977361861,True
2012-07-03,111533.21201091901,142012.43113599595,126183.56617002959,True
2012-07-05,111055.50500454959,141422.55603262733,125495.63049677867,True
2012-07-06,110031.84713375795,140095.33705004794,123921.1758600527,True
2012-07-09,109883.98544131029,139849.55575697767,123451.34554410893,True
2012-07-10,108871.70154686079,138915.58684331068,122438.9289274052,True
2012-07-11,108894.44949954504,139063.05561915284,122344.98781767198,True
2012-07-12,108325.75068243856,138964.74310192472,121878.71589745047,True
2012-07-13,110168.33484986353,141078.46222232896,123655.3626574889,False
2012-07-16,109918.10737033667,140930.99344648683,134616.4659396939,False
2012-07-17,110702.91173794358,142110.74365322405,135743.35648121906,False
2012-07-18,111499.09008189263,142897.24379104888,136494.61684223585,False
2012-07-19,111783.43949044587,142405.68120490835,136025.07911660036,False
2012-07-20,110759.78161965423,141127.61848094303,134804.2810299481,False
2012-07-23,109656.50591446769,140095.33705004794,133818.25180611358,False
2012-07-24,108792.08371246589,138915.58684331068,132691.3612645884,False
2012-07-25,108712.46587807097,139013.89936053878,132785.26880971552,False
2012-07-26,110486.80618744313,141373.3997740133,135039.04989276585,False
2012-07-27,112625.1137397634,143732.90018748777,137292.83097581618,False
2012-07-30,112568.24385805278,143536.27515303154,137105.01588556197,False
2012-07-31,111840.3093721565,115366.10170557415,110197.02991550032,False
2012-08-01,111715.19563239306,114878.81088527605,109731.57255577276,False
2012-08-02,110930.39126478617,114391.52006497794,109266.11519604518,False
2012-08-03,113102.82074613284,116584.32875631939,111360.67331481923,False
2012-08-06,113398.54413102822,116949.79687154295,111709.76633461486,False
2012-08-07,113910.37306642401,117558.9103969156,112291.58803427432,False
2012-08-08,114035.48680618744,117315.26498676652,112058.85935441055,False
2012-08-09,114160.60054595087,117558.9103969156,112291.58803427432,False
2012-08-10,114342.58416742494,117802.55580706462,112524.31671413811,False
2012-08-13,114251.59235668792,117802.55580706462,112524.31671413811,False
2012-08-14,114308.46223839854,117924.37851213916,112640.68105407,False
2012-08-15,114433.57597816196,118168.02392228818,112873.40973393379,False
2012-08-16,115207.00636942676,119264.4282679589,113920.68879332078,False
2012-08-17,115479.98180163786,119751.71908825698,114386.14615304836,False
2012-08-20,115445.85987261147,119751.71908825698,114386.14615304836,False
2012-08-21,115081.89262966336,119142.60556288439,113804.32445338891,False
2012-08-22,115104.6405823476,119508.07367810796,114153.4174731846,False
2012-08-23,114194.72247497726,118655.31474258628,113338.86709366135,False
2012-08-24,114911.2829845314,119386.25097303344,114037.0531332527,False
2012-08-27,114911.2829845314,119386.25097303344,114037.0531332527,False
2012-08-28,114797.54322111011,119386.25097303344,114037.0531332527,False
2012-08-29,114911.2829845314,119508.07367810796,114153.4174731846,False
2012-08-30,114035.48680618744,118533.49203751175,113222.50275372945,False
2012-08-31,114638.3075523203,119142.60556288439,113804.32445338891,False
2012-09-04,114342.58416742494,118898.96015273534,113571.59577352511,False
2012-09-05,114342.58416742494,118777.1374476608,113455.23143359325,False
2012-09-06,116719.74522292994,121091.76884407678,115666.15389229915,False
2012-09-07,117197.45222929936,121579.05966437487,116131.6112520267,False
2012-09-10,116503.63967242949,120604.47802377868,115200.69653257159,False
2012-09-11,116822.11101000907,120848.12343392773,115433.42521243538,False
2012-09-12,117197.45222929936,121213.59154915127,115782.51823223104,False
2012-09-13,119062.78434940855,123040.93212526914,117527.9833312094,False
2012-09-14,119551.86533212013,123650.04565064177,118109.80503086885,False
2012-09-17,119199.2720655141,123528.22294556725,117993.44069093699,False
2012-09-18,119074.15832575067,123528.22294556725,117993.44069093699,False
2012-09-19,119165.15013648769,123893.69106079082,118342.53371073262,False
2012-09-20,119153.7761601456,123528.22294556725,117993.44069093699,False
2012-09-21,119074.15832575067,123406.40024049272,117877.07635100509,False
2012-09-24,118926.296633303,123040.93212526914,117527.9833312094,False
2012-09-25,117709.28116469517,121579.05966437487,116131.6112520267,False
2012-09-26,116958.59872611465,120848.12343392773,115433.42521243538,False
2012-09-27,118107.37033666969,122188.17318974747,116713.43295168615,False
2012-09-28,117572.79344858963,121579.05966437487,116131.6112520267,False
2012-10-01,117777.52502274794,121700.88236944938,116247.9755919586,False
2012-10-02,117936.76069153775,121822.70507452391,116364.3399318905,False
2012-10-03,118425.84167424933,122553.64130497107,117062.52597148185,False
2012-10-04,119335.75978161965,123162.75483034366,117644.3476711413,False
2012-10-05,119301.63785259327,122797.2867151201,117295.25465134563,False
2012-10-08,118937.67060964512,122188.17318974747,116713.43295168615,False
2012-10-09,117777.52502274794,150181.74565500292,143452.73068983995,False
2012-10-10,116981.34667879889,149009.59544501264,142333.09962104118,False
2012-10-11,117049.59053685168,149204.95381334436,142519.7047991743,False
2012-10-12,116640.12738853502,148179.32237960288,141540.0276139754,False
2012-10-15,117618.28935395816,149400.31218167607,142706.30997730745,False
2012-10-16,118812.55686988171,150914.3395362468,144152.50010783915,False
2012-10-17,119369.88171064605,152037.65015415417,145225.4798821046,False
2012-10-18,119062.78434940855,152526.04607498343,145691.99282743744,False
2012-10-19,117026.84258416742,150328.2644312517,143592.6845734398,False
2012-10-22,117106.46041856232,149937.54769458825,143219.47421717353,False
2012-10-23,115388.98999090081,147690.92645877358,141073.51466864257,False
2012-10-24,115138.76251137398,147251.37013002724,140653.65301784305,False
2012-10-25,115468.60782529574,147935.1244191882,141306.77114130897,False
2012-10-26,115377.61601455869,147642.08686669066,141026.8633741093,False
2012-10-31,115263.8762511374,147739.76605085653,141120.16596317588,False
2012-11-01,116617.37943585077,149107.27462917852,142426.40221010777,False
2012-11-02,115570.97361237489,147886.2848271053,141260.11984677572,False
2012-11-05,115832.57506824387,147837.44523502237,141213.46855224244,True
2012-11-06,116696.99727024567,148960.75585292972,130117.6739081128,True
2012-11-07,114137.85259326658,145346.62603879307,126926.87913141992,True
2012-11-08,112625.1137397634,143832.5986842223,125687.9271446546,True
2012-11-09,112750.22747952683,143734.91950005645,125698.1556710548,True
2012-11-12,112909.46314831664,143832.5986842223,125810.67966490632,True
2012-11-13,112500.0,143051.16521089544,124995.47854836166,True
2012-11-14,111123.74886260237,141097.58152757835,123283.22729638497,True
2012-11-15,110702.91173794358,140755.70438299785,122884.67337226254,True
2012-11-16,111271.61055505004,141439.45867215883,123379.63259060399,True
2012-11-19,113535.03184713377,143490.7215396418,125251.61365539521,True
2012-11-20,113660.14558689718,143979.11746047108,125304.34376107746,True
2012-11-21,113910.37306642401,144174.4758288028,125482.17956727558,True
2012-11-23,115354.86806187443,146030.38032795404,127327.40338251503,True
2012-11-26,115218.38034576888,145639.66359129062,127122.81456845968,True
2012-11-27,114661.05550500457,144760.55093379793,126619.98848737137,True
2012-11-28,115514.10373066424,145883.86155170528,127777.08297186015,True
2012-11-29,116037.30664240217,146372.25747253455,128056.43409378275,True
2012-11-30,115923.56687898088,146518.77624878334,128220.49801807063,True
2012-12-03,115514.10373066424,145688.50318337354,127523.7131894571,True
2012-12-04,115297.99818016379,145541.98440712478,127539.05173736282,True
2012-12-05,115548.22565969062,146762.97420919797,128308.23508934304,True
2012-12-06,115912.19290263875,147104.85135377847,128876.74947352752,True
2012-12-07,116264.78616924476,148032.80360335408,129591.6339329827,True
2012-12-10,116333.03002729753,148032.80360335408,129648.28812661915,True
2012-12-11,117083.71246587808,149009.59544501264,130867.93334051859,True
2012-12-12,117174.7042766151,149497.9913658419,131128.39831733087,True
2012-12-13,116458.14376706096,148521.19952418335,130154.24541885115,True
2012-12-14,116082.8025477707,148277.00156376872,129868.21760942753,True
2012-12-17,117481.80163785261,149888.70810250533,131078.05492468228,True
2012-12-18,118676.06915377616,151500.41464124195,132571.15260388283,True
2012-12-19,117800.2729754322,150328.2644312517,131966.82181130646,True
2012-12-20,118528.20746132848,151402.7354570761,132666.36348116133,True
2012-12-21,117424.93175614194,149937.54769458825,131365.65152094865,True
2012-12-24,117083.71246587808,149253.79340542728,130802.3479987127,True
2012-12-26,116526.38762511374,149058.43503709557,130517.36910831142,True
2012-12-27,116424.02183803458,148667.71830043214,130217.53516334528,True
2012-12-28,115127.38853503185,146860.6533933638,128797.027084161,True
2012-12-31,117106.46041856232,149156.1142212614,130920.33465502995,True
2013-01-02,119995.45040946313,153014.4419958127,134734.98276414888,True
2013-01-03,119881.71064604184,152770.2440353981,134407.702354103,True
2013-01-04,120393.53958143765,153795.87546913954,134900.53442245437,True
2013-01-07,120063.69426751594,153258.63995622736,134454.49196652818,True
2013-01-08,119711.10100090991,152721.40444331514,133776.9208537344,True
2013-01-09,120063.69426751594,153112.12117997857,133661.92979401635,True
2013-01-10,120950.864422202,154381.95057413468,135765.11458628226,True
2013-01-11,120996.36032757051,154333.1109820518,135886.8097041225,True
2013-01-14,120893.99454049137,154430.79016621763,135807.41822677417,True
2013-01-15,120950.864422202,154968.02567912985,135828.97946030844,True
2013-01-16,120950.864422202,154723.82771871518,136022.6448907565,True
2013-01-17,121690.1728844404,155554.10078412498,137368.8628511857,True
2013-01-18,122042.7661510464,155993.65711287133,137267.2322290038,True
2013-01-22,122634.21292083712,156726.25099411525,137689.53668137323,True
2013-01-23,122816.1965423112,156823.9301782811,137880.26691901404,True
2013-01-24,122884.44040036396,157458.84487535915,138053.96745291486,True
2013-01-25,123566.87898089172,158386.79712493476,138954.19275697344,True
2013-01-28,123419.01728844404,158142.59916452016,138858.4494871843,True
2013-01-29,123930.84622383985,159558.94733492506,139863.34656788493,True
2013-01-30,123441.7652411283,158826.35345368113,139431.39862289155,True
2013-01-31,123157.41583257506,158533.31590118355,139090.75141276763,True
2013-02-01,124340.3093721565,159949.66407158846,140693.77832935812,True
2013-02-04,122975.43221110101,158386.79712493476,139233.9600854339,True
2013-02-05,124237.94358507734,159803.14529533967,140692.28371232946,True
2013-02-06,124340.3093721565,159900.82447950554,140680.41365012742,True
2013-02-07,124181.07370336671,159412.42855867627,140170.56884481435,True
2013-02-08,124863.51228389445,159900.82447950554,140940.89187249262,True
2013-02-11,124806.6424021838,160145.02243992017,141162.05568842328,True
2013-02-12,125000.0,160877.61632116407,141786.94983639912,True
2013-02-13,125113.73976342131,161072.97468949578,141917.5734610923,True
2013-02-14,125295.72338489535,161170.65387366165,142281.94170799467,True
2013-02-15,125136.48771610555,160877.61632116407,141796.59969156497,True
2013-02-19,125989.53594176524,162342.80408365192,143248.98404566495,True
2013-02-20,124431.30118289354,160535.7391765836,141307.53436768128,True
2013-02-21,123839.85441310282,159607.78692700795,140050.3577397663,True
2013-02-22,124920.38216560509,161024.13509741286,141527.97471445176,True
2013-02-25,122565.96906278434,157947.24079618845,138776.0624132367,True
2013-02-26,123384.89535941766,158875.19304576406,139628.05328739694,True
2013-02-27,124931.75614194722,160975.29550532994,141553.19885164805,True
2013-02-28,124795.26842584167,160389.22040033483,141122.74128198877,True
2013-03-01,125113.73976342131,160926.45591324705,141481.95624989504,True
2013-03-04,125818.92629663332,161854.40816282266,142054.17979559477,True
2013-03-05,126888.08007279347,163075.39796489585,143410.8208799056,True
2013-03-06,127126.93357597815,163759.15225405683,143877.64281726116,True
2013-03-07,127354.41310282073,164198.70858280317,144161.90672189143,True
2013-03-08,127866.24203821654,164687.10450363246,144363.04947917743,True
2013-03-11,128332.57506824385,165273.1796086276,144861.04755160867,True
2013-03-12,128036.85168334849,165077.82124029586,144749.71303301078,True
2013-03-13,128218.83530482257,165175.50042446173,144911.49794684857,True
2013-03-14,128901.27388535031,166152.29226612032,145834.74202699828,True
2013-03-15,128719.29026387625,166152.29226612032,145236.60794941385,True
2013-03-18,128025.47770700636,165077.82124029586,144103.35300891715,True
2013-03-19,127718.3803457689,164833.62327988123,143872.5435795152,True
2013-03-20,128594.17652411283,165712.73593737395,144682.2350548781,True
2013-03-21,127559.1446769791,164491.74613530075,143393.12598995006,True
2013-03-22,128480.43676069155,165566.21716112515,144372.02990643322,True
2013-03-25,128127.84349408555,164980.14205613002,143931.92672330263,True
2013-03-26,129083.25750682436,166347.650634452,145232.17813957797,True
2013-03-27,129003.63967242948,166201.1318582032,145201.73395705168,True
2013-03-28,129299.36305732485,166689.5277790325,145730.88695608565,True
2013-04-01,128935.39581437672,166445.32981861784,145027.36823693535,True
2013-04-02,129572.33848953595,166982.56533153006,145116.4614898524,True
2013-04-03,128264.33121019107,165322.01920071052,143379.09612450385,True
2013-04-04,128776.16014558691,166201.1318582032,144179.1377447009,True
2013-04-05,128264.33121019107,165761.57552945687,143856.29774872737,True
2013-04-08,129060.50955414012,166591.84859486663,144594.7402597954,True
2013-04-09,129526.84258416742,167422.1216602764,145468.2489304763,True
2013-04-10,131119.1992720655,169375.70534359352,147498.01647181393,True
2013-04-11,131551.4103730664,169815.2616723399,147772.6305212783,True
2013-04-12,131267.0609645132,169180.3469752618,147222.69167827306,True
2013-04-15,128264.33121019107,165615.05675320807,144095.97952288485,True
2013-04-16,130072.79344858963,167617.48002860812,146004.05406722962,True
2013-04-17,128161.9654231119,165468.5379769593,143853.29791043358,True
2013-04-18,127115.55959963604,164833.62327988123,143505.94876303477,True
2013-04-19,128469.06278434941,166591.84859486663,145067.44954954373,True
2013-04-22,129049.135577798,167226.76329194472,145762.09804478582,True
2013-04-23,130414.01273885352,168984.9886069301,147670.9002999853,True
2013-04-24,130448.13466787987,168984.9886069301,148027.83253621616,True
2013-04-25,131028.20746132848,169571.06371192524,148699.47922214534,True
2013-04-26,130743.85805277523,169522.2241198423,148338.81731591866,True
2013-04-29,131585.53230209282,170499.01596150085,149397.11483059745,True
2013-04-30,132006.3694267516,170401.336777335,149679.09600355226,True
2013-05-01,130812.10191082805,168643.11146234963,148358.77372907673,True
2013-05-02,131983.62147406733,169961.78044858863,149693.89913771424,True
2013-05-03,133234.75887170155,171378.1286189936,150920.6983494368,True
2013-05-06,133644.2220200182,171768.845355657,151355.59209147384,True
2013-05-07,134338.03457688808,139744.20105103552,130122.0883095493,True
2013-05-08,135031.84713375795,140501.6221949436,131067.56026684736,True
2013-05-09,134645.13193812556,140249.14848030754,131010.40862695665,True
2013-05-10,135111.46496815287,140880.3327668976,131681.87627574595,True
2013-05-13,135088.7170154686,140880.3327668976,131238.2486104629,True
2013-05-14,136521.83803457688,141763.99076812368,131891.35910303687,True
2013-05-15,137295.26842584167,142268.9381973957,132543.69471914796,True
2013-05-16,136658.32575068244,174435.01687264437,153939.75505491474,True
2013-05-17,137966.33303002728,176127.62169397585,155488.197883116,True
2013-05-20,137966.33303002728,176175.98183172816,155407.61815084433,True
2013-05-21,138136.94267515923,176417.78252048977,155485.92640370218,True
2013-05-22,137215.65059144676,175353.8594899386,154248.6852953592,True
2013-05-23,136737.94358507733,175063.69866342464,153977.29896977596,True
2013-05-24,136555.95996360327,174966.97838791998,153902.56813639306,True
2013-05-28,137522.74795268427,176224.34196948048,155072.2539948418,True
2013-05-29,136476.34212920835,175063.69866342464,154420.8089083525,True
2013-05-30,137079.16287534122,175934.18114296652,155357.6054487086,True
2013-05-31,135077.34303912648,173177.65329108387,153043.73529927846,True
2013-06-03,135782.52957233848,174435.01687264437,154175.67024628725,True
2013-06-04,135361.6924476797,173661.25466860711,153823.14434442177,True
2013-06-05,133291.6287534122,171339.96805649542,151586.0736601173,True
2013-06-06,134338.03457688808,172984.21274007458,152592.3078300704,True
2013-06-07,136214.7406733394,175112.05880117696,154368.524726803,True
2013-06-10,136157.87079162875,175063.69866342464,154534.0450470415,True
2013-06-11,134770.24567788898,173467.81411759782,152786.68354504154,True
2013-06-12,133723.8398544131,172452.25122479894,151676.44915381548,True
2013-06-13,135646.04185623294,174918.61825016767,153964.28693412177,True
2013-06-14,134815.7415832575,173661.25466860711,152983.33488833415,True
2013-06-17,135907.6433121019,174966.97838791998,154166.78302739543,True
2013-06-18,136954.04913557778,176272.70210723282,155567.26467874766,True
2013-06-19,135122.838944495,173854.69521961646,153425.3152946399,True
2013-06-20,131699.27206551412,169550.64295965934,149415.60098417013,True
2013-06-21,132108.73521383075,170469.48557695354,149998.17658288844,True
2013-06-24,130448.13466787987,168486.71992910813,148017.94443288064,True
2013-06-25,131744.76797088262,170082.60447493492,149812.4810902304,True
2013-06-26,132984.53139217471,172017.009985028,151326.00433041604,True
2013-06-27,133871.70154686077,172790.77218906523,152037.09128507573,True
2013-06-28,133041.40127388533,171775.2092962664,151530.7677541957,True
2013-07-01,134030.9372156506,172645.6917758083,152024.07924942157,True
2013-07-02,133837.5796178344,172548.97150030363,151949.34426713095,True
2013-07-03,133962.6933575978,172403.89108704662,152077.86806979554,True
2013-07-05,135452.68425841673,174241.57632163508,153799.7363021436,True
2013-07-08,136157.87079162875,175595.66017870023,153940.1203490698,True
2013-07-09,137192.90263876252,176901.38389801307,155104.69925577266,True
2013-07-10,137227.0245677889,176707.94334700375,155247.7521796391,True
2013-07-11,139171.974522293,178932.5096836108,157702.61491900828,True
2013-07-12,139206.09645131938,179029.22995911547,157900.0123583516,True
2013-07-15,139706.55141037307,179948.07257640967,158529.7651868736,True
2013-07-16,139183.34849863514,179271.0306478771,158299.15979491788,True
2013-07-17,139535.94176524112,179706.27188764804,158649.6212139483,True
2013-07-18,140332.12010919017,181060.3557447132,158780.57064469534,True
2013-07-19,140582.347588717,181495.59698448415,158932.8594859777,True
2013-07-22,140832.57506824384,181979.19836200745,159193.27336529546,True
2013-07-23,140548.22565969062,182124.2787752644,159319.5256885463,True
2013-07-24,140025.0227479527,181011.99560696087,158125.12584775817,False
2013-07-25,140275.25022747953,181205.4361579702,172126.40261217917,False
2013-07-26,140457.2338489536,181398.8767089795,172310.15110709477,False
2013-07-29,140047.77070063693,180818.55505595158,171758.90562234801,False
2013-07-30,140059.14467697908,180866.9151937039,171804.8427460769,False
2013-07-31,140093.26660600546,180818.55505595158,171758.90562234801,False
2013-08-01,141799.36305732484,182559.52001503535,173412.64207658832,False
2013-08-02,142015.46860782529,182704.60042829235,173550.453447775,False
2013-08-05,141924.47679708825,182366.07946402606,173228.89358167275,False
2013-08-06,141071.42857142858,181350.51657122717,172264.2139833659,False
2013-08-07,140582.347588717,180915.2753314562,171850.77986980576,False
2013-08-08,141071.42857142858,181640.67739774115,172539.8367257393,False
2013-08-09,140673.33939945407,181060.3557447132,171988.59124099248,False
2013-08-12,140491.35577797997,180770.19491819927,171712.96849861916,False
2013-08-13,141037.3066424022,181108.71588246556,172034.52836472142,False
2013-08-14,140241.12829845314,180238.23340292365,171207.66013760128,False
2013-08-15,138193.81255686987,177626.78596429795,168727.05545624078,False
2013-08-16,137784.34940855321,177094.82444902236,168221.74709522288,False
2013-08-19,136919.9272065514,175547.30004094788,166751.75913589817,False
2013-08-20,137465.87807097362,143231.94212013067,136055.51499460117,False
2013-08-21,136760.6915377616,142593.65360800884,135449.2069955165,False
2013-08-22,137954.95905368516,143997.8883346768,136783.08459350278,False
2013-08-23,138409.91810737032,144253.20373952552,137025.60779313667,False
2013-08-26,137966.33303002728,144253.20373952552,137025.60779313667,False
2013-08-27,135702.9117379436,142083.02279831143,134964.16059624875,False
2013-08-28,136157.87079162875,142593.65360800884,135449.2069955165,False
2013-08-29,136373.9763421292,142976.62671528192,135812.9917949673,False
2013-08-30,135771.15559599636,142210.6805007358,135085.4221960657,False
2013-09-03,136578.70791628753,143487.25752497936,136298.03819423504,False
2013-09-04,137716.10555050045,144891.49225164732,137631.91579222132,False
2013-09-05,137681.98362147406,145019.14995407168,137753.17739203825,False
2013-09-06,137920.83712465878,145402.12306134476,138116.9621914891,False
2013-09-09,139274.34030937217,146934.01549043704,139572.10138929228,False
2013-09-10,140332.12010919017,147699.9617049832,140299.67098819392,True
2013-09-11,140764.3312101911,147955.27710983192,135787.19007462682,True
2013-09-12,140423.1119199272,147955.27710983192,135701.87617108529,True
2013-09-13,140707.46132848042,148082.93481225628,136014.282485149,True
2013-09-16,141560.50955414012,148338.250217105,136373.64582917222,True
2013-09-17,142140.5823475887,149231.85413407552,137271.1905378109,True
2013-09-18,143846.6787989081,151146.71967044089,138885.70962269578,True
2013-09-19,143607.8252957234,151402.0350752896,139045.99329792135,True
2013-09-20,142481.8016378526,150636.08886074348,138280.72785910426,True
2013-09-23,141958.59872611464,150125.45805104604,137855.88564423553,True
2013-09-24,141651.50136487716,150125.45805104604,138092.8788984648,True
2013-09-25,141196.542311192,149487.16953892424,137592.62779192193,True
2013-09-26,141765.24112829845,150636.08886074348,138347.08913809023,True
2013-09-27,141162.4203821656,149997.80034862168,137581.40125192387,True
2013-09-30,140377.61601455868,149104.19643165116,136949.30582738933,True
2013-10-01,141458.14376706097,150380.77345589473,138167.8445019886,True
2013-10-02,141276.16014558688,150253.1157534704,138054.52202488284,True
2013-10-03,140013.64877161055,148721.22332437808,136941.1239502007,True
2013-10-04,141037.3066424022,149870.14264619732,137923.1126587211,True
2013-10-07,139831.66515013648,148465.90791952936,136847.20572212132,True
2013-10-08,138205.18653321202,146168.06927589088,134722.07472619513,True
2013-10-09,138205.18653321202,146040.41157346652,134513.943276549,True
2013-10-10,141321.6560509554,149359.51183649988,137574.10595103598,True
2013-10-11,142163.33030027297,150380.77345589473,138376.41090346465,True
2013-10-14,142788.89899909007,151146.71967044089,139132.18127328294,True
2013-10-15,141731.11919927207,150380.77345589473,138385.8851316623,True
2013-10-16,143664.69517743404,152423.29669468448,140075.80894006116,True
2013-10-17,144642.85714285713,153061.58520680628,140699.3042082181,True
2013-10-18,145609.64513193813,154721.13533832293,141963.94251359784,True
2013-10-21,145677.88898999093,154976.45074317168,142275.90970767138,True
2013-10-22,146462.69335759783,155614.73925529345,142652.92915708094,True
2013-10-23,145791.6287534122,154976.45074317168,141024.5696530584,True
2013-10-24,146269.33575978162,155997.71236256656,141883.74498363442,True
2013-10-25,146940.40036396723,156636.00087468832,142469.31833003933,True
2013-10-28,147122.3839854413,156636.00087468832,142649.43286980074,True
2013-10-29,148020.9281164695,157401.94708923448,143746.48803090677,True
2013-10-30,147202.0018198362,156763.65857711268,143094.55757367614,True
2013-10-31,146644.6769790719,156380.6854698396,143010.53602114363,True
2013-11-01,147065.51410373067,156636.00087468832,142962.27413569434,True
2013-11-04,147736.57870791628,156891.31627953704,143046.71813557605,True
2013-11-05,147292.99363057324,156636.00087468832,142791.6379922908,True
2013-11-06,147975.432211101,156636.00087468832,142981.23509657037,True
2013-11-07,146075.97816196544,154338.16223104988,140846.62153612607,True
2013-11-08,148077.79799818015,156125.3700649909,142300.42199395545,True
2013-11-11,148055.05004549588,156125.3700649909,142224.58231861156,True
2013-11-12,147793.44858962693,155870.0546601422,142253.89991582578,True
2013-11-13,148930.84622383985,157529.60479165884,143622.80891746285,True
2013-11-14,149761.14649681526,158550.86641105372,144064.88479036864,True
2013-11-15,150409.46314831666,159061.49722075116,144669.85404947947,True
2013-11-18,149852.13830755232,158167.89330378064,143838.66645166653,True
2013-11-19,149556.41492265696,157657.2624940832,143176.8268144083,True
2013-11-20,149078.70791628753,157018.9739819614,142629.16705343503,True
2013-11-21,150250.22747952683,158295.551006205,144065.75469402844,True
2013-11-22,151012.2838944495,159189.15492317552,144479.8178252098,True
2013-11-25,150921.29208371247,158806.1818159024,144234.65103011232,True
2013-11-26,150853.04822565967,159572.12803044857,144914.58589274698,True
2013-11-27,151262.51137397636,160210.4165425704,145538.07699274374,True
2013-11-29,151046.40582347588,160465.7319474191,145736.2742534009,True
2013-12-02,150807.55232029117,159827.4434352973,145160.19180783458,True
2013-12-03,150227.4795268426,159444.47032802424,145047.73089806817,True
2013-12-04,150045.4959053685,159316.81262559988,144830.13355654484,True
2013-12-05,149476.79708826204,159316.81262559988,144953.36938183842,True
2013-12-06,151171.5195632393,160721.0473522678,146342.12592065224,True
2013-12-09,151512.7388535032,160848.70505469217,146607.13191660595,True
2013-12-10,151000.90991810735,160465.7319474191,146200.79903814246,True
2013-12-11,149283.43949044586,158933.83951832677,144916.768988217,True
2013-12-12,148794.3585077343,158423.20870862936,144150.6378139003,True
2013-12-13,148748.86260236579,158423.20870862936,144084.27653491433,True
2013-12-16,149692.90263876252,159572.12803044857,145066.25690711426,True
2013-12-17,149169.69972702456,159189.15492317552,145133.92304158997,True
2013-12-18,151762.96633303002,161614.65126923833,147135.38326039267,True
2013-12-19,151626.4786169245,161742.3089716627,147115.98734768672,True
2013-12-20,152388.53503184713,162891.22829348192,148173.81156339077,True
2013-12-23,154003.63967242948,164423.12072257424,149538.15372458447,True
2013-12-24,153651.04640582346,164423.12072257424,149644.09585309314,True
2013-12-26,154367.6069153776,165189.06693712037,150317.1282423906,True
2013-12-27,154378.98089171972,164933.75153227165,150147.3620026469,True
2013-12-30,154310.73703366696,164933.75153227165,150349.60113689722,True
2013-12-31,155027.29754322112,165827.35544924217,151126.7652099983,True
2014-01-02,153628.2984531392,164423.12072257424,149769.29488185394,True
2014-01-03,153491.81073703367,163784.83221045244,149219.6802537338,True
2014-01-06,153116.46951774342,163274.20140075497,148620.1212665986,True
2014-01-07,154060.50955414012,164423.12072257424,149518.892656172,True
2014-01-08,154128.7534121929,164550.7784249986,150037.16857204438,True
2014-01-09,154219.74522292995,164423.12072257424,149595.94109798194,True
2014-01-10,154572.33848953593,164933.75153227165,150099.2030793755,True
2014-01-13,152616.01455868973,162508.25518620884,148081.92052434827,True
2014-01-14,154196.99727024566,164806.0938298473,150678.84557645323,True
2014-01-15,155072.79344858963,165827.35544924217,151627.56966136215,True
2014-01-16,154833.9399454049,165699.6977468178,151407.86323076359,True
2014-01-17,154162.87534121927,165189.06693712037,150567.52213175208,True
2014-01-21,154651.95632393085,166210.32855651525,151429.57349288525,True
2014-01-22,154742.94813466788,166465.64396136397,152061.6137108475,True
2014-01-23,153491.81073703367,165316.72463954473,150767.9799984189,True
2014-01-24,150193.3575978162,161614.65126923833,147535.90594483714,True
2014-01-27,149465.42311191992,160210.4165425704,146245.84310389595,True
2014-01-28,150386.7151956324,160848.70505469217,146853.24927357378,True
2014-01-29,148817.10646041855,158678.52411347808,145159.8298419101,True
2014-01-30,150489.08098271154,161104.0204595409,147100.05145064672,True
2014-01-31,149556.41492265696,160210.4165425704,146178.42728037236,True
2014-02-03,146280.70973612377,156763.65857711268,143202.7963584703,True
2014-02-04,147270.24567788898,158295.551006205,144076.93369975928,True
2014-02-05,147020.01819836214,158167.89330378064,143982.41379344088,True
2014-02-06,148999.09008189262,160210.4165425704,145918.3924364041,True
2014-02-07,150921.29208371247,162635.9128886332,148060.87402019213,True
2014-02-10,151160.14558689718,163274.20140075497,148706.80232669483,True
2014-02-11,152832.12010919017,164933.75153227165,150301.45054994622,True
2014-02-12,152968.60782529574,165061.409234696,150607.83387248084,True
2014-02-13,153719.29026387626,166337.9862589396,151890.05786719988,True
2014-02-14,154526.84258416743,166720.9593662127,152452.88848957446,True
2014-02-18,154765.69608735212,167231.59017591013,152879.09786099786,True
2014-02-19,153696.542311192,165955.01315166653,151933.96548837743,True
2014-02-20,154572.33848953593,166593.30166378833,152637.6770001174,True
2014-02-21,154492.72065514105,166337.9862589396,152236.76543494395,True
2014-02-24,155232.02911737942,167486.90558075882,153251.11573947256,True
2014-02-25,155175.1592356688,167486.90558075882,153019.97458220305,True
2014-02-26,155175.1592356688,167486.90558075882,153357.05369982097,True
2014-02-27,156039.5814376706,168635.82490257808,154140.26701524036,True
2014-02-28,156380.8007279345,168635.82490257808,154169.16070193908,True
2014-03-03,155311.64695177434,167486.90558075882,153135.53682451733,True
2014-03-04,157529.57233848952,169912.40192682165,155297.2836448781,True
2014-03-05,157552.3202911738,170167.71733167037,155515.20880789318,True
2014-03-06,158064.1492265696,170295.37503409473,156052.7416240177,True
2014-03-07,158018.6533212011,169784.7442243973,155713.20914453032,True
2014-03-10,158052.77525022748,169784.7442243973,155713.20914453032,True
2014-03-11,157176.9790718835,169146.4557122755,154980.6039460916,True
2014-03-12,157290.7188353048,169274.11341469985,155537.39366246836,True
2014-03-13,155550.50045495905,166848.61706863705,153337.1372097635,True
2014-03-14,155095.5414012739,166210.32855651525,152566.00570633973,True
2014-03-17,156494.5404913558,167869.87868803192,154131.77274737306,True
2014-03-18,157597.81619654232,169146.4557122755,155481.40839745547,True
2014-03-19,156744.76797088262,167869.87868803192,154584.426611786,True
2014-03-20,157631.9381255687,168380.50949772933,155646.2637453,True
2014-03-21,157108.73521383075,167231.59017591013,154429.67013836082,True
2014-03-24,156437.6706096451,166082.6708540909,153521.2536260204,True
2014-03-25,157211.10100090993,166593.30166378833,154323.06842004688,True
2014-03-26,156050.95541401271,164933.75153227165,152776.57078374637,True
2014-03-27,155732.48407643312,164423.12072257424,152196.26036054292,True
2014-03-28,156426.296633303,164933.75153227165,152853.6108892358,True
2014-03-31,157757.0518653321,166082.6708540909,154359.14969948292,True
2014-04-01,158814.83166515012,167997.53639045628,156287.28532806376,True
2014-04-02,159360.78252957235,168380.50949772933,156320.41781237564,True
2014-04-03,159110.55505004548,167742.22098560756,156011.5769598114,True
2014-04-04,157199.7270245678,164806.0938298473,152961.35512612908,True
2014-04-07,155505.00454959052,163018.88599590628,151532.22184052755,True
2014-04-08,156153.3212010919,163912.48991287677,152742.76620514845,True
2014-04-09,157836.66969972703,166337.9862589396,154875.61100248995,True
2014-04-10,154458.59872611467,162252.93978136012,150830.2999326915,True
2014-04-11,153070.9736123749,160593.38964984345,149110.448512519,True
2014-04-14,154310.73703366696,161869.96667408705,150334.88513384058,True
2014-04-15,155379.89080982713,162891.22829348192,151312.50290544826,True
2014-04-16,157017.74340309374,165061.409234696,152659.20226488725,True
2014-04-17,157199.7270245678,165061.409234696,153188.90040294986,True
2014-04-21,157779.79981801638,166082.6708540909,154108.7349693203,True
2014-04-22,158473.61237488626,167231.59017591013,155180.86847908617,True
2014-04-23,158086.89717925387,166210.32855651525,154357.34759109828,True
2014-04-24,158439.49044585988,167103.93247348577,155278.98426585336,True
2014-04-25,157165.6050955414,165061.409234696,152524.37895416052,True
2014-04-28,157654.68607825297,165316.72463954473,152578.57044710923,True
2014-04-29,158405.3685168335,166593.30166378833,153610.38804798614,True
2014-04-30,158905.82347588718,166976.2747710614,154048.01964159982,True
2014-05-01,158905.82347588718,167486.90558075882,154069.74240820218,True
2014-05-02,158655.59599636032,167359.24787833446,154052.2751118539,True
2014-05-05,158985.44131028207,168380.50949772933,154740.9643527946,True
2014-05-06,157597.81619654232,166593.30166378833,153485.18901922528,True
2014-05-07,158530.4822565969,166720.9593662127,153733.79330468285,True
2014-05-08,158337.12465878073,166337.9862589396,153758.44402560816,True
2014-05-09,158621.47406733394,166976.2747710614,153990.24477268299,True
2014-05-12,160111.46496815287,169146.4557122755,156145.9298462448,True
2014-05-13,160259.32666060055,169018.79800985113,155743.23284532767,True
2014-05-14,159485.89626933576,168125.1940928806,154792.71082019433,True
2014-05-15,158052.77525022748,166720.9593662127,153435.23215572955,True
2014-05-16,158666.96997270244,167614.5632831832,154366.49728061067,True
2014-05-19,159212.92083712463,168508.1672001537,155336.2762059962,True
2014-05-20,158166.51501364878,167614.5632831832,154530.21844619638,True
2014-05-21,159531.39217470426,169146.4557122755,155799.22227850076,True
2014-05-22,159974.97725204733,169784.7442243973,156377.73059331963,True
2014-05-23,160634.6678798908,170806.00584379217,157393.87883807265,True
2014-05-27,161578.70791628753,172337.8982728845,159038.47558849936,True
2014-05-28,161419.4722474977,171827.26746318705,158766.35893253557,True
2014-05-29,162340.76433121017,172848.5290825819,159455.0523416365,True
2014-05-30,162545.4959053685,172976.18678500628,159645.87342185676,True
2014-06-02,162772.97543221113,173103.84448743064,159981.1629355708,True
2014-06-03,162670.60964513195,172976.18678500628,160454.8716404603,True
2014-06-04,162966.3330300273,173359.15989227933,160853.98109724914,True
2014-06-05,164069.60873521384,174508.07921409857,161800.91141009395,True
2014-06-06,164854.41310282075,175146.36772622037,162466.10078500904,True
2014-06-09,165013.64877161058,175401.6831310691,162732.1681986546,True
2014-06-10,165047.77070063696,175401.6831310691,162963.32186040483,True
2014-06-11,164513.19381255686,175146.36772622037,162870.59572615058,True
2014-06-12,163296.17834394902,173486.8175947037,161661.17720746802,True
2014-06-13,163808.00727934486,173869.79070197677,162667.03324412942,True
2014-06-16,163944.4949954504,173997.44840440113,162944.52704812548,True
2014-06-17,164376.70609645132,174252.76380924985,163316.5365902797,True
2014-06-18,165605.09554140127,175656.9985359178,164163.57818509432,True
2014-06-19,165809.8271155596,175656.9985359178,164336.93196896632,True
2014-06-20,166139.67242948135,214238.87217872916,190613.8042882658,True
2014-06-23,166060.05459508643,214337.2371338158,190531.8873665988,True
2014-06-24,165081.8926296633,212763.39785242933,189171.12660879633,True
2014-06-25,165787.07916287534,213402.77006049256,189909.45796043598,True
2014-06-26,165707.46132848042,212910.9452850593,189354.3538401427,True
2014-06-27,165991.81073703367,175741.32520491316,164361.4660133883,True
2014-06-30,165946.31483166516,175995.47028836203,164867.93337537945,True
2014-07-01,167106.46041856232,177520.34078905545,166641.68313316104,True
2014-07-02,167231.57415832576,177647.41333077988,166867.00981080247,True
2014-07-03,168073.24840764332,178409.84858112657,167837.60771266712,True
2014-07-07,167527.2975432211,177774.48587250433,167055.12983452016,True
2014-07-08,166446.76979071883,176122.5428300865,165707.17789440736,True
2014-07-09,167140.5823475887,177139.1231638821,166542.41831352244,True
2014-07-10,166492.26569608736,176249.61537181094,165969.7273292635,True
2014-07-11,166719.74522292995,176757.90553870873,166210.60184230382,True
2014-07-14,167538.67151956324,177901.55841422878,167261.86123684523,True
2014-07-15,167254.32211101003,177139.1231638821,166635.43897415447,True
2014-07-16,167891.26478616925,177012.05062215764,167070.54449403836,True
2014-07-17,165923.56687898087,174724.74487111755,164354.09981192346,True
2014-07-18,167675.15923566878,176884.97808043318,166361.51923792058,True
2014-07-21,167311.19199272065,176630.8329969843,166375.95308250678,True
2014-07-22,168061.87443130117,177520.34078905545,167423.05104631805,True
2014-07-23,168459.9636032757,178282.77603940212,166951.84078585485,True
2014-07-24,168459.9636032757,178155.70349767766,166819.52671719991,True
2014-07-25,167652.41128298454,177012.05062215764,165172.94878241108,True
2014-07-28,167732.02911737942,177266.19570560651,165325.94488048155,True
2014-07-29,167015.46860782529,176630.8329969843,164878.34701676166,True
2014-07-30,167015.46860782529,177266.19570560651,165921.26744655173,True
2014-07-31,163660.14558689715,173708.16453732195,162644.49497395594,True
2014-08-01,163262.05641492264,173072.8018286997,162373.6226776395,True
2014-08-04,164410.8280254777,174343.52724594422,163426.96480045738,True
2014-08-05,162738.8535031847,172818.6567452508,161643.9153921062,True
2014-08-06,162841.21929026386,172945.72928697526,161980.86605734148,True
2014-08-07,161965.42311191992,172056.2214949041,160877.9621384674,True
2014-08-08,163842.12920837125,173962.30962077086,162509.12943956084,True
2014-08-11,164308.46223839856,174724.74487111755,163489.01894034955,True
2014-08-12,164115.10464058234,174343.52724594422,163194.4212005229,True
2014-08-13,165263.8762511374,175614.2526631887,164610.53423783093,True
2014-08-14,165991.81073703367,176503.76045525985,165369.27056917668,True
2014-08-15,165946.31483166516,177012.05062215764,166093.84366069332,True
2014-08-18,167322.5659690628,178663.99366457548,167413.88054580643,True
2014-08-19,168209.73612374885,179934.71908181996,168569.53895400307,True
2014-08-20,168676.06915377616,180315.93670699332,169087.39272066296,True
2014-08-21,169153.7761601456,180443.00924871775,169377.83708140496,True
2014-08-22,168880.80072793446,180443.00924871775,169442.95476450556,True
2014-08-25,169767.97088262055,181332.5170407889,169866.81510724695,True
2014-08-26,169904.4585987261,181459.58958251335,169961.90641868717,True
2014-08-27,169870.33666969973,181332.5170407889,169969.13139262577,True
2014-08-28,169745.2229299363,181078.37195734002,169964.9619102501,True
2014-08-29,170154.68607825294,181459.58958251335,170594.4517419721,True
2014-09-02,170109.19017288444,181713.73466596226,170756.73943896662,True
2014-09-03,170040.94631483167,180951.29941561556,170381.47215481766,True
2014-09-04,169767.97088262055,180315.93670699332,170054.7979292612,True
2014-09-05,170575.52320291175,181205.44449906447,170887.94354263155,True
2014-09-08,170143.31210191082,180824.2268738911,170667.75508482955,True
2014-09-09,169040.0363967243,179680.57399837108,169532.7827318712,True
2014-09-10,169711.10100090993,180697.15433216668,170209.8727297854,True
2014-09-11,169858.9626933576,180824.2268738911,170370.08977597166,True
2014-09-12,168858.05277525022,179680.57399837108,168946.7638421933,True
2014-09-15,168744.31301182896,178791.06620629993,167936.8725323057,True
2014-09-16,170006.82438580526,180315.93670699332,169664.1079339486,True
2014-09-17,170245.67788899,180570.08179044223,170151.9759948006,True
2014-09-18,171132.8480436761,181459.58958251335,171403.7105551922,True
2014-09-19,170962.23839854414,181205.44449906447,170655.3959168743,True
2014-09-22,169642.85714285716,179426.42891492217,168914.6833306407,True
2014-09-23,168687.44313011828,178918.1387480244,168357.54018178067,True
2014-09-24,170040.94631483167,180570.08179044223,170031.05638245997,True
2014-09-25,167311.19199272065,177266.19570560651,166972.39769103524,True
2014-09-26,168653.3212010919,179299.35637319772,168782.38133945403,True
2014-09-29,168323.47588717015,179045.2112897488,168685.1911964464,True
2014-09-30,167811.64695177434,178791.06620629993,168243.83749173314,True
2014-10-01,165605.09554140127,176249.61537181094,165486.02875078714,True
2014-10-02,165605.09554140127,176249.61537181094,165262.77674977665,True
2014-10-03,167447.6797088262,178282.77603940212,167007.65479256317,True
2014-10-06,167242.94813466788,177901.55841422878,166536.31135621932,True
2014-10-07,164683.8034576888,175360.1075797398,163918.0175029303,True
2014-10-08,167561.41947224748,178409.84858112657,166944.62386356178,True
2014-10-09,164183.3484986351,174978.88995456643,163539.69472721842,True
2014-10-10,162340.76433121017,172564.51166180192,158904.98035570624,True
2014-10-13,159667.87989080983,169260.62557696624,156069.55756200093,True
2014-10-14,159929.4813466788,169387.6981186907,157048.33709779967,True
2014-10-15,158746.58780709736,202848.105482437,179134.8857208192,True
2014-10-16,158644.22202001818,202897.1974731152,179698.66936674208,True
2014-10-17,160600.5459508644,169309.94757734888,157991.77934054064,True
2014-10-20,162181.52866242037,171577.49151811696,159940.59030466637,True
2014-10-21,165332.12010919017,175230.75675602106,163769.54731205828,True
2014-10-22,164206.09645131938,173845.03545888505,162292.61621773118,True
2014-10-23,166094.17652411282,176490.5033897811,164655.3081255199,True
2014-10-24,167333.9399454049,177372.32603341315,165633.53009633493,True
2014-10-27,167117.83439490446,177120.37670666113,166242.1913295117,True
2014-10-28,169051.4103730664,179261.9459840532,167806.10255039277,True
2014-10-29,168846.67879890808,178884.02199392515,167579.7546660482,True
2014-10-30,169915.83257506823,180143.76862768523,167668.4563499661,True
2014-10-31,171849.4085532302,182285.3379050773,170957.76587068068,True
2014-11-03,171951.77434030938,182411.3125684533,171314.5208419897,True
2014-11-04,171337.5796178344,181529.48992482125,170702.00233821018,True
2014-11-05,172452.22929936307,182159.36324170127,171454.31898912127,True
2014-11-06,173157.4158325751,182789.2365585813,171822.17440286174,True
2014-11-07,173305.27752502274,182789.2365585813,171447.08799239213,True
2014-11-10,173828.4804367607,183167.1605487093,172067.2759989748,True
2014-11-11,173987.7161055505,183671.0592022133,172265.90950072472,True
2014-11-12,173851.22838944494,183797.03386558933,172247.58617829718,True
2014-11-13,174010.46405823476,184174.9578557173,172633.3345251242,True
2014-11-14,174078.70791628753,184174.9578557173,173055.31536093142,True
2014-11-17,174169.69972702456,183923.00852896532,172641.8566898763,True
2014-11-18,175170.60964513192,185308.72982610136,174203.19369144453,True
2014-11-19,174852.13830755232,184930.80583597335,173864.32353648898,True
2014-11-20,175170.60964513192,185182.75516272534,174774.76977369218,True
2014-11-21,176160.14558689718,186316.52713310937,175828.8754869963,True
2014-11-24,176615.10464058234,187450.29910349342,176976.74975914287,True
2014-11-25,176558.2347588717,187576.27376686945,177024.07457382145,True
2014-11-26,176967.69790718835,188206.14708374944,178470.3029103662,True
2014-11-28,176580.98271155596,187954.19775699743,178647.60848103475,True
2014-12-01,175375.34121929025,185938.6031429814,176690.27535215698,True
2014-12-02,176478.61692447678,186820.4257866134,177405.95753331264,True
2014-12-03,177161.05550500454,187576.27376686945,178796.3510655264,True
2014-12-04,176979.07188353047,187450.29910349342,178786.54584948442,True
2014-12-05,177297.5432211101,187576.27376686945,179312.0882850765,True
2014-12-08,176091.9017288444,186064.57780635738,177572.16266154978,True
2014-12-09,175955.41401273882,186316.52713310937,177648.03828730574,True
2014-12-10,173191.53776160147,183419.10987546132,174890.6454785969,True
2014-12-11,173999.09008189262,184174.9578557173,175615.26398037947,True
2014-12-12,171178.3439490446,181655.46458819727,173149.8550180217,True
2014-12-15,169984.076433121,180143.76862768523,171691.24724612213,True
2014-12-16,168676.06915377616,178254.14867704516,169996.91676317703,True
2014-12-17,172076.8880800728,181907.41391494925,173450.78736009932,True
2014-12-18,176182.89353958145,186316.52713310937,177310.46335873965,True
2014-12-19,177001.81983621474,187072.37511336542,177631.8669115831,True
2014-12-22,177786.62420382164,187702.24843024544,178911.61699440458,True
2014-12-23,178048.22565969062,187576.27376686945,178712.96786665262,True
2014-12-24,178036.8516833485,187576.27376686945,178845.76979485012,True
2014-12-26,178616.92447679708,188584.07107387748,179476.9326369896,True
2014-12-29,178867.1519563239,188961.99506400546,179589.11867064214,True
2014-12-30,177888.98999090082,187702.24843024544,178408.86248940704,True
2014-12-31,176046.40582347588,185938.6031429814,177012.6314062085,True
2015-01-02,176046.40582347588,185434.7044894774,176550.0295697781,True
2015-01-05,172952.68425841673,182411.3125684533,173594.1053259469,True
2015-01-06,171246.58780709736,180521.6926178132,171126.5139748323,True
2015-01-07,173384.89535941766,182915.2112219573,173383.21311879234,True
2015-01-08,176433.12101910828,186064.57780635738,176755.9642754165,True
2015-01-09,174954.50409463147,184552.88184584535,175586.30002586747,True
2015-01-12,173646.4968152866,183167.1605487093,173998.70945116994,True
2015-01-13,173191.53776160147,182915.2112219573,173544.48042988192,True
2015-01-14,172179.25386715194,182033.38857832525,172760.9951189889,True
2015-01-15,170564.14922656963,179891.8193009332,171594.0773711454,True
2015-01-16,172679.70882620563,182285.3379050773,173613.6258665029,True
2015-01-20,173111.91992720653,183041.18588533328,174625.3332171285,True
2015-01-21,174010.46405823476,184048.98319234131,175967.935829976,True
2015-01-22,176683.3484986351,187072.37511336542,178468.519465064,True
2015-01-23,175705.186533212,186568.4764598614,177901.5689082286,True
2015-01-26,176057.779799818,187198.3497767414,178335.17797660513,True
2015-01-27,173748.86260236579,184678.85650922134,175595.23675147048,True
2015-01-28,171451.3193812557,183041.18588533328,174056.1716604824,True
2015-01-29,173123.29390354868,184930.80583597335,175613.11020267647,True
2015-01-30,170984.9863512284,183293.13521208533,173438.4846201269,True
2015-02-02,172952.68425841673,185056.78049934935,174720.8825803229,True
2015-02-03,175477.70700636943,187198.3497767414,176874.34459133307,True
2015-02-04,174874.88626023658,186694.4511232374,176895.50816287252,True
2015-02-05,176649.22656960873,188710.04573725347,178764.9370725541,True
2015-02-06,176160.14558689718,187576.27376686945,177451.331286127,True
2015-02-09,175352.59326660598,186946.40044998942,176353.70851839648,True
2015-02-10,177217.9253867152,189339.91905413347,179625.40513331557,True
2015-02-11,177343.0391264786,189843.8177076375,180268.25526113014,True
2015-02-12,178992.26569608736,191607.46299490155,182195.69811548523,True
2015-02-13,179777.07006369426,192741.23496528558,183272.14919494322,True
2015-02-17,180061.4194722475,192993.1842920376,183669.4677422798,True
2015-02-18,180095.5414012739,193371.1082821656,183743.6958737097,True
2015-02-19,179981.8016378526,193623.0576089176,183941.8054412002,True
2015-02-20,181073.70336669698,195008.77890605366,185121.50582870777,True
2015-02-23,181028.20746132848,195134.75356942965,184817.40450982875,True
2015-02-24,181551.41037306644,195260.72823280565,186002.5979007473,True
2015-02-25,181358.05277525022,195260.72823280565,185632.64532394725,True
2015-02-26,181153.32120109192,195512.67755955766,186001.49443002528,True
2015-02-27,180527.7525022748,194756.82957930164,185179.51977338133,True
2015-03-02,181710.6460418562,196394.50020318967,187705.12506916936,True
2015-03-03,180937.21565059145,195512.67755955766,186200.7034098713,True
2015-03-04,180186.5332120109,194756.82957930164,185606.38688249933,True
2015-03-05,180379.8908098271,195008.77890605366,185757.0622619028,True
2015-03-06,177832.12010919017,192363.31097515757,183292.7691478547,True
2015-03-09,178582.8025477707,192993.1842920376,183527.1692363852,True
2015-03-10,175648.31665150137,189717.8430442615,180230.86532773467,True
2015-03-11,175238.8535031847,188710.04573725347,179941.19373786965,True
2015-03-12,177502.27479526843,191229.53900477354,181343.6109865992,True
2015-03-13,176421.74704276616,189969.7923710135,180931.7172251231,True
2015-03-16,178833.03002729753,192615.26030190955,183414.99537783227,True
2015-03-17,178218.83530482257,192615.26030190955,183054.52314526323,True
2015-03-18,180345.76888080072,194756.82957930164,184989.80331286584,True
2015-03-19,179515.4686078253,194504.88025254963,184886.5580631828,True
2015-03-20,181141.94722474975,196268.52553981368,186927.82998217386,True
2015-03-23,180812.10191082803,195386.70289618164,185850.27137362727,True
2015-03-24,179754.32211101,194504.88025254963,184763.2405375828,True
2015-03-25,177138.3075523203,190851.61501464553,179789.56443123613,True
2015-03-26,176694.72247497723,190473.6910245175,179165.13948998856,True
2015-03-27,177058.68971792536,190725.64035126954,180966.3728319127,True
2015-03-30,179276.61510464057,192993.1842920376,182939.04293291073,True
2015-03-31,177695.6323930846,191229.53900477354,181220.29346099918,True
2015-04-01,177115.55959963604,190347.7163611415,180114.27758629358,True
2015-04-02,177650.1364877161,190977.58967802153,180680.6926412341,True
2015-04-06,178889.89990900818,192237.33631178155,181661.73578425666,True
2015-04-07,178412.19290263878,191859.41232165357,181435.72880270123,True
2015-04-08,179060.50955414012,192867.2096286616,182370.4290532591,True
2015-04-09,179845.31392174706,193623.0576089176,183401.11332581277,True
2015-04-10,180834.8498635123,194252.9309257976,184138.25980260773,True
2015-04-13,180015.92356687898,193497.0829455416,183259.37061364573,True
2015-04-14,180345.76888080072,193371.1082821656,182690.76485072722,True
2015-04-15,181164.69517743404,194252.9309257976,184261.58138657428,True
2015-04-16,181107.82529572336,194378.90558917364,184109.25891782079,True
2015-04-17,179003.63967242948,191859.41232165357,181729.7899252552,True
2015-04-20,180630.11828935397,193875.0069356696,183523.3314390573,True
2015-04-21,180459.50864422202,194126.95626242162,184034.47093429675,True
2015-04-22,181346.6787989081,195386.70289618164,185850.27137362727,True
2015-04-23,181813.01182893538,195764.62688630965,185545.07470075926,True
2015-04-24,182176.9790718835,196268.52553981368,185315.2177467763,True
2015-04-27,181460.41856232937,195512.67755955766,185233.14012699926,True
2015-04-28,182017.74340309371,195008.77890605366,184855.9019723128,True
2015-04-29,181278.4349408553,194000.98159904563,183788.38356009123,True
2015-04-30,179481.34667879893,191355.51366814954,181456.8883158741,True
2015-05-01,181358.05277525022,193749.0322722936,184567.32979480329,True
2015-05-04,181915.37761601456,234619.54527492716,212518.31742071325,True
2015-05-05,179799.81801637853,232200.7870762165,209876.60731511185,True
2015-05-06,179071.88353048224,231092.1895684742,209107.37969931078,True
2015-05-07,179799.81801637853,231898.44230137774,210024.36589600256,True
2015-05-08,182154.23111919928,234921.89004976596,212579.95696180328,True
2015-05-11,181278.4349408553,233863.68333783007,211836.1699444985,True
2015-05-12,180755.23202911735,233107.82140073302,210926.42665236894,True
2015-05-13,180812.10191082803,233309.3845839589,211319.55469212504,True
2015-05-14,182700.18198362147,235375.4072120242,213264.18798613202,True
2015-05-15,182882.16560509554,235576.97039525007,213475.2300250258,True
2015-05-18,183450.864422202,236080.87835331482,214275.95243839058,True
2015-05-19,183359.87261146496,236232.05074073418,214288.55893478417,True
2015-05-20,183234.75887170155,236080.87835331482,214339.68331770328,True
2015-05-21,183792.0837124659,236584.78631137952,214785.3403664193,True
2015-05-22,183382.6205641492,235728.14278266949,214243.48875093253,True
2015-05-26,181414.92265696087,192956.63515691497,184525.4962460901,True
2015-05-27,183086.89717925387,195210.50889658043,188012.05904472232,True
2015-05-28,182916.28753412192,194709.64806554368,187740.23771136365,True
2015-05-29,181722.02001819838,193207.06557243335,186942.87384408503,True
2015-06-01,182142.85714285713,193833.14161122934,187183.05814195782,True
2015-06-02,181960.87352138307,193707.92640347013,186327.45556285174,True
2015-06-03,182449.9545040946,194459.21765002527,186472.64267708946,True
2015-06-04,180971.33757961786,192956.63515691497,184815.20682445946,True
2015-06-05,180607.3703366697,192706.2047413966,184489.16729654252,True
2015-06-08,179492.72065514105,191203.6222482863,182523.91685940247,True
2015-06-09,179435.85077343037,190827.9766250087,182320.04989104765,True
2015-06-10,181574.15832575067,193207.06557243335,184733.8210006606,True
2015-06-11,182131.483166515,193707.92640347013,185141.45336682003,True
2015-06-12,180800.7279344859,231471.48271476055,210663.3839797932,True
2015-06-15,179970.42766151045,230470.09191781154,209830.1670357952,True
2015-06-16,181016.83348498636,231821.96949369268,210985.77542864342,True
2015-06-17,181323.9308462238,232122.38673277738,211237.5467187844,True
2015-06-18,183121.01910828025,234175.2378665228,213381.75991363378,True
2015-06-19,182063.23930846222,232923.4993703366,212331.18640844818,True
2015-06-22,183303.0027297543,195450.83698474042,187027.8486929441,True
2015-06-23,183439.49044585988,195701.57571082734,186947.31268648838,True
2015-06-24,182131.483166515,194447.88208039282,185678.29523314355,True
2015-06-25,181562.78434940855,193946.40462821902,185450.81985344196,True
2015-06-26,181562.78434940855,193570.29653908865,183673.99377949015,True
2015-06-29,177718.38034576888,189182.36883256788,179209.8396262834,True
2015-06-30,178184.7133757962,190059.95437387205,180048.45250976417,True
2015-07-01,179538.21656050955,191564.38673039345,181273.07745061407,True
2015-07-02,179401.728844404,191564.38673039345,181580.31454640572,False
2015-07-06,178878.52593266606,191062.90927821965,185718.33089189336,False
2015-07-07,179981.8016378526,192191.2335456107,186815.09268849902,False
2015-07-08,176933.57597816197,188680.89138039408,183402.94487683693,False
2015-07-09,177252.0473157416,189056.99946952442,183768.53214237213,False
2015-07-10,179504.09463148317,191815.12545648037,186449.50542296382,False
2015-07-13,181517.28844404005,194322.51271734937,188886.75385986528,False
2015-07-14,182313.46678798908,195325.467621697,189861.65323462585,False
2015-07-15,182245.22292993628,195325.467621697,189861.65323462585,False
2015-07-16,183632.84804367606,197206.00806734877,191689.589562302,False
2015-07-17,183860.32757051865,198710.44042387017,193151.93862444288,False
2015-07-20,183939.94540491357,199462.65660213088,193883.11315551333,False
2015-07-21,183212.0109190173,198835.80978691363,193273.80104628796,False
2015-07-22,182859.4176524113,197832.854882566,192298.90167152736,False
2015-07-23,181813.01182893538,196579.1612521315,191080.27745307662,False
2015-07-24,179913.55777979983,194573.25144343628,189130.4787035554,False
2015-07-27,178889.89990900818,193570.29653908865,188155.57932879482,False
2015-07-28,181062.32939035486,196077.6837999577,190592.82776569633,False
2015-07-29,182347.58871701546,196955.26934126185,191445.86471861185,False
2015-07-30,182370.33666969973,197080.6387043053,191567.7271404569,False
2015-07-31,182063.23930846222,196704.53061517494,191202.1398749217,False
2015-08-03,181494.54049135576,196203.05316300114,190714.6901875414,False
2015-08-04,181141.94722474975,195701.57571082734,190227.24050016108,False
2015-08-05,181767.51592356688,196077.6837999577,190592.82776569633,False
2015-08-06,180379.8908098271,194071.77399126248,188643.02901617513,False
2015-08-07,179913.55777979983,193695.6659021321,188277.4417506399,False
2015-08-10,182199.72702456778,195952.31443691425,190470.96534385125,False
2015-08-11,180527.7525022748,194071.77399126248,188643.02901617513,False
2015-08-12,180686.98817106462,194322.51271734937,188886.75385986528,False
2015-08-13,180482.25659690629,194197.14335430594,188764.8914380202,False
2015-08-14,181187.4431301183,194698.62080647974,189252.34112540047,False
2015-08-17,182199.72702456778,196203.05316300114,190714.6901875414,False
2015-08-18,181642.40218380344,195576.20634778388,190105.37807831602,False
2015-08-19,180197.90718835304,194322.51271734937,188886.75385986528,False
2015-08-20,176421.74704276616,189558.47692169822,184255.98182975242,False
2015-08-21,170825.75068243858,182913.9006803953,177797.2734719635,False
2015-08-24,163864.87716105548,175391.73889778825,170485.52816125905,False
2015-08-25,161874.4313011829,174012.67590431028,169145.04152096325,False
2015-08-26,168300.72793448588,181534.83768691737,176456.7868316677,False
2015-08-27,172406.73339399454,185797.3960303947,180600.10917440022,False
2015-08-28,172406.73339399454,185922.76539343814,180721.9715962453,False
2015-08-31,170893.99454049135,183916.85558474294,178772.17284672408,True
2015-09-01,165673.33939945404,178776.71169996142,169617.03333684203,True
2015-09-02,169017.28844404002,182412.4232282215,173279.9593211544,True
2015-09-03,169153.7761601456,182161.6845021346,173598.9772727516,True
2015-09-04,166526.38762511374,179779.66660430902,171198.7994429485,True
2015-09-08,170791.6287534122,184167.59431082982,176043.02143957678,True
2015-09-09,168494.08553230207,181785.57641300425,173652.83448050346,True
2015-09-10,169438.1255686988,183039.27004343877,174665.75529068086,True
2015-09-11,170143.31210191082,184292.96367387328,175608.72718049886,True
2015-09-14,169506.3694267516,183415.37813256914,175131.50458746598,True
2015-09-15,171712.92083712466,185672.02666735125,177406.4152390586,True
2015-09-16,173214.2857142857,187051.0896608292,178574.58866488686,True
2015-09-17,172759.32666060052,187051.0896608292,178244.83007963342,True
2015-09-18,169961.32848043676,184418.33303691674,175594.10079307444,True
2015-09-21,170837.1246587807,185045.179852134,175990.6381071755,True
2015-09-22,168607.8252957234,182788.53131735188,173415.9543077699,True
2015-09-23,168312.101910828,182412.4232282215,172810.3028951823,True
2015-09-24,167788.8989990901,181660.20704996082,172278.49898197356,True
2015-09-25,167675.15923566878,180782.62150865665,171941.1742296593,True
2015-09-28,163455.41401273885,175517.1082608317,167319.20601834016,True
2015-09-29,163535.03184713377,175141.00017170137,167393.04496755142,True
2015-09-30,166674.24931756142,178902.08106300488,171570.94193970607,True
2015-10-01,167140.5823475887,179654.2972412656,171753.0140763694,True
2015-10-02,169563.23930846225,182537.79259126497,174494.41096242247,True
2015-10-05,172600.09099181072,185295.91857822088,177260.4251066297,True
2015-10-06,172031.39217470426,184292.96367387328,176787.8380302915,True
2015-10-07,173464.51319381254,185546.6573043078,178410.29600682465,True
2015-10-08,175000.0,224398.9979063334,206097.03447051774,True
2015-10-09,175090.99181073703,224045.53413825412,205265.01698505814,True
2015-10-12,175295.72338489536,224045.53413825412,205342.08375493565,True
2015-10-13,174135.57779799818,185497.13177153788,178036.8139171236,True
2015-10-14,173316.65150136486,184625.66873636958,178939.890711351,True
2015-10-15,175921.29208371244,187738.0367191135,181434.7540788398,True
2015-10-16,176626.47861692446,188609.4997542818,182248.95867949215,True
2015-10-19,176831.2101910828,189231.97335083058,182716.88941062987,True
2015-10-20,176603.73066424023,188609.4997542818,182181.0419779391,True
2015-10-21,175466.3330300273,187489.047280494,181505.66027123007,True
2015-10-22,178491.81073703367,190725.9099825477,185328.2237454772,True
2015-10-23,180436.76069153775,193464.79380736232,187827.57134922178,True
2015-10-26,180015.92356687898,193340.29908805256,186703.61304536223,True
2015-10-27,179663.330300273,193215.8043687428,186287.91527623535,True
2015-10-28,181744.76797088262,195083.22515838916,188108.87922979318,True
2015-10-29,181687.89808917197,195830.1934742477,187236.40730370727,True
2015-10-30,180766.6060054595,195083.22515838916,187080.44885391073,True
2015-11-02,182904.9135577798,197324.13010596478,189120.0798898468,True
2015-11-03,183484.98635122838,198071.09842182332,190091.0263056395,True
2015-11-04,182961.78343949045,197573.1195445843,190097.00528731398,True
2015-11-05,182734.30391264785,197199.63538665502,188442.42007237542,True
2015-11-06,182666.0600545951,196826.15122872576,189232.7946045451,True
2015-11-09,180948.58962693356,194958.7304390794,187518.54562961022,True
2015-11-10,181289.80891719743,194958.7304390794,186674.45999353172,True
2015-11-11,180607.3703366697,194460.75156184036,186350.5768288293,True
2015-11-12,178184.7133757962,192095.351894955,184050.47433908712,True
2015-11-13,176126.02365787077,189356.46807014034,181628.7481947633,True
2015-11-16,178833.03002729753,191846.36245633548,184004.95664410669,True
2015-11-17,178605.55050045496,192095.351894955,184700.52708101465,True
2015-11-18,181483.16651501364,195332.2145970087,187203.59215919208,True
2015-11-19,181392.1747042766,195332.2145970087,187611.0923685104,True
2015-11-20,182063.23930846222,196701.656509416,188758.88489173286,True
2015-11-23,181858.5077343039,196452.66707079648,187985.69299540413,True
2015-11-24,182142.85714285713,196452.66707079648,188538.71476217557,True
2015-11-25,182085.9872611465,196577.16179010624,188702.1676934661,True
2015-11-27,182267.97088262058,196701.656509416,189049.94461015973,True
2015-11-30,181528.66242038217,195332.2145970087,188794.74905971365,True
2015-12-01,183291.6287534122,197075.1406673453,190636.61312354525,True
2015-12-02,181346.6787989081,195332.2145970087,189221.64218124663,True
2015-12-03,178776.1601455869,192219.84661426474,186707.37759978286,True
2015-12-04,182279.3448589627,196203.677632177,190365.72138091642,True
2015-12-07,181130.57324840763,194958.7304390794,189051.49473732657,True
2015-12-08,179981.8016378526,194460.75156184036,188213.3839320424,True
2015-12-09,178628.29845313923,192219.84661426474,186096.13973844593,True
2015-12-10,179037.76160145586,192717.82549150378,186633.47776567517,True
2015-12-11,175466.3330300273,188609.4997542818,182763.17801831357,True
2015-12-14,176524.1128298453,189729.95222806963,183137.79939960822,True
2015-12-15,178366.69699727022,190974.89942116718,184820.71137192583,True
2015-12-16,180868.97179253868,193713.78324598185,187126.01777975916,True
2015-12-17,178230.2092811647,228264.86638722557,210418.02556383403,True
2015-12-18,174920.3821656051,224291.9815128941,206945.89139497207,True
2015-12-21,176467.24294813466,226052.12038126882,209067.57070098293,True
2015-12-22,178059.59963603277,228264.86638722557,210826.27712686395,True
2015-12-23,180197.90718835304,231634.2750781144,213445.33712033488,True
2015-12-24,179879.43585077344,230980.50921271805,213139.13733132667,True
2015-12-28,179492.72065514105,230276.45366536814,212523.91553245788,True
2015-12-29,181494.54049135576,232489.19967132498,214644.93999242134,True
2015-12-30,180163.78525932666,230779.35048490379,212940.9781064959,True
2015-12-31,178378.0709736124,228767.7632067613,210714.56695568832,True
2016-01-04,175875.79617834394,225901.25133540813,208179.63141066328,True
2016-01-05,176194.26751592357,226756.17592861873,208292.29248192935,True
2016-01-06,173953.59417652412,223587.9259655442,204774.66617741538,True
2016-01-07,169722.47497725204,218307.50936042,199577.82918742605,True
2016-01-08,167914.0127388535,215742.73558078826,197036.59476492374,True
2016-01-11,167936.76069153775,215893.60462664894,197571.99975621433,True
2016-01-12,169335.75978161965,217402.29508525584,199028.8345363333,True
2016-01-13,165184.25841674246,212725.35466357443,194367.72770528283,True
2016-01-14,167868.516833485,216597.66017399883,198294.9492530394,True
2016-01-15,164274.34030937217,211669.2713425496,192421.59258923936,True
2016-01-19,164456.32393084624,212071.5887981781,193003.97012442024,True
2016-01-20,162522.74795268424,208752.4697892429,190821.25601220317,True
2016-01-21,163318.92629663332,209959.42215612842,192294.19390723138,True
2016-01-22,166662.8753412193,213328.8308470172,195520.3662344305,True
2016-01-25,164194.72247497726,209959.42215612842,192646.7241057848,True
2016-01-26,166424.02183803456,213228.2514831101,195313.5794264374,True
2016-01-27,164535.94176524112,212172.1681620852,194052.89623263667,True
2016-01-28,165423.1119199272,213077.38243724935,194435.42387117117,True
2016-01-29,169620.10919017287,218659.53713409492,200223.27828093088,True
2016-02-01,169460.8735213831,218156.64031455934,200090.18595150937,True
2016-02-02,166389.89990900818,214083.17607632067,195925.6374349026,True
2016-02-03,167368.0618744313,215290.1284432062,196830.63484069784,True
2016-02-04,167572.79344858963,216094.7633544632,198308.74006416643,True
2016-02-05,164422.20200181982,213882.0173485064,195081.1858308971,True
2016-02-08,162158.7807097361,211870.43007036386,192688.30766753128,True
2016-02-09,162215.65059144679,211669.2713425496,192353.04903720535,True
2016-02-10,162101.9108280255,211065.79515910678,191278.74599609658,True
2016-02-11,160031.84713375795,207897.54519603233,188759.92996788363,True
2016-02-12,163307.55232029117,212373.32688989947,192743.05220748676,False
2016-02-16,166048.6806187443,215390.7078071133,211156.60538740663,False
2016-02-17,168767.0609645132,218458.37840628065,214163.9724031974,False
2016-02-18,168050.50045495905,218156.64031455934,213868.16581148028,False
2016-02-19,168016.37852593267,217653.74349502363,213375.15482528508,False
2016-02-22,170416.28753412195,220620.8347302839,216283.91964383677,False
2016-02-23,168277.97998180162,217704.03317697725,213424.4559239046,False
2016-02-24,169074.1583257507,218307.50936042,214016.06910733884,False
2016-02-25,171110.1000909918,221023.15218591248,216678.32843279297,False
2016-02-26,170791.6287534122,220319.09663856254,215988.1130521197,False
2016-02-29,169267.51592356685,218458.37840628065,214163.9724031974,False
2016-03-01,173430.39126478616,223235.89819186926,218847.57677205186,False
2016-03-02,174169.69972702456,224895.45769633685,220474.51302649602,False
2016-03-03,174806.6424021838,225901.25133540813,221460.53499888646,False
2016-03-04,175375.34121929025,226504.72751885088,222052.14818232073,False
2016-03-07,175557.3248407643,227409.941794015,222939.56795747209,False
2016-03-08,173589.626933576,225096.61642415106,220671.7174209741,False
2016-03-09,174545.04094631484,226353.8584729902,221904.24488646214,False
2016-03-10,174636.03275705184,226102.41006322237,221657.73939336452,False
2016-03-11,177468.15286624205,229622.6877999718,225108.81629673098,False
2016-03-14,177206.55141037307,228918.63225262196,224418.6009160577,False
2016-03-15,176979.07188353047,228616.89416090053,224122.79432434056,False
2016-03-16,178036.8516833485,229421.52907215757,224911.61190225286,False
2016-03-17,179162.8753412193,231231.95762248585,226686.45145255563,False
2016-03-18,179822.56596906277,232137.17189765003,227573.871227707,False
2016-03-21,180106.915377616,232338.33062546432,227771.07562218513,False
2016-03-22,180004.54959053683,232086.88221569647,227524.57012908746,False
2016-03-23,178855.7779799818,230628.4814390431,226094.83826912142,False
2016-03-24,178730.66424021835,230527.902075136,225996.23607188236,False
2016-03-28,178855.7779799818,230326.7433473217,225799.03167740424,False
2016-03-29,180573.2484076433,231885.7234878822,227327.3657346094,False
2016-03-30,181323.9308462238,232992.0964908606,228411.98990423884,False
2016-03-31,180903.09372156506,195061.23383566877,191226.76367405814,False
2016-04-01,182063.23930846222,196711.06860461066,192844.16635965524,False
2016-04-04,181483.16651501364,196330.33750408562,192470.91958605588,False
2016-04-05,179640.5823475887,194426.68200146034,190604.68571805922,False
2016-04-06,181596.90627843494,197091.7997051357,193217.41313325457,False
2016-04-07,179458.59872611464,194807.41310198538,190977.93249165858,False
2016-04-08,179947.6797088262,194934.3234688271,191102.34808285834,False
2016-04-11,179481.34667879893,194172.86126777699,190355.85453565972,False
2016-04-12,181221.5650591447,195949.60640356055,192097.67281245653,False
2016-04-13,183041.40127388536,197726.35153934415,193839.49108925345,False
2016-04-14,183018.6533212011,197726.35153934415,193839.49108925345,False
2016-04-15,182813.92174704274,197472.5308056608,193590.6599068539,False
2016-04-18,184144.6769790719,198614.72410723593,194710.4002276519,False
2016-04-19,184702.0018198362,198107.0826398692,194212.73786285275,False
2016-04-20,184849.8635122839,198233.99300671087,194337.15345405255,False
2016-04-21,183826.20564149227,234879.67624845947,230262.46404061385,False
2016-04-22,183871.70154686077,235327.06610798035,230701.05921021505,False
2016-04-25,183575.97816196544,234829.96626406827,230213.7312439915,False
2016-04-26,183837.5796178344,235476.19606115395,230847.25760008206,False
2016-04-27,184224.29481346678,236669.23568654296,232016.84471901853,False
2016-04-28,182563.6942675159,234581.41634211224,229970.06726087973,False
2016-04-29,181528.66242038217,233090.11681037597,228508.08336220914,False
2016-05-02,182984.5313921747,234730.54629528584,230116.26565074676,False
2016-05-03,181414.92265696087,232543.30698207268,227972.02259936332,False
2016-05-04,180345.76888080072,231002.29746594522,226461.30590407035,False
2016-05-05,180334.3949044586,230952.58748155402,226412.57310744806,False
2016-05-06,180982.71155595998,231598.8172786397,227046.09946353865,False
2016-05-09,181176.06915377616,231250.84738790127,226704.96988718215,False
2016-05-10,183416.7424931756,234134.02648259135,229531.47209127859,False
2016-05-11,181699.2720655141,232642.72695085508,228069.48819260797,False
2016-05-12,181813.01182893538,232841.56688841994,228264.41937909744,False
2016-05-13,180129.66333030027,230505.19762203316,225973.97793784685,False
2016-05-16,181926.75159235668,232642.72695085508,228069.48819260797,False
2016-05-17,180323.02092811646,230753.7475439892,226217.6419209586,False
2016-05-18,180288.89899909007,231101.71743472762,226558.7714973151,False
2016-05-19,179708.8262056415,230455.48763764196,225925.2451412245,False
2016-05-20,180834.8498635123,231549.1072942485,226997.36666691623,False
2016-05-23,180595.99636032758,230902.87749716282,226363.84031082568,False
2016-05-24,182882.16560509554,233686.63662307046,229092.87692167738,False
2016-05-25,184133.30300272975,235724.74598310998,231090.92158319388,True
2016-05-26,184212.92083712466,235376.77609237155,215374.62063078617,True
2016-05-27,184940.85532302092,236420.68576458693,216444.76393653394,True
2016-05-31,184713.37579617836,235923.58592067484,216304.42460734257,True
2016-06-01,185065.96906278437,236520.10573336933,216933.69246419062,True
2016-06-02,185623.29390354868,237017.20557728142,217265.25297393242,True
2016-06-03,185077.34303912648,236271.55581141327,216858.73426249405,True
2016-06-06,185975.88717015466,237762.85534314954,217748.26816517807,True
2016-06-07,186305.73248407643,238160.53521827917,218594.851383089,True
2016-06-08,186919.92720655142,239105.0249217122,219252.566644781,True
2016-06-09,186635.57779799818,238558.21509340891,218877.32411078888,True
2016-06-10,184838.48953594174,236818.36563971662,216727.23666423376,True
2016-06-13,183450.864422202,234730.54629528584,215065.0110117017,True
2016-06-14,183041.40127388536,234233.44645137375,214656.95802594614,True
2016-06-15,182779.79981801636,233786.0565918529,214292.5710492666,True
2016-06-16,183371.24658780708,234680.83631089464,214935.27945620366,True
2016-06-17,182688.80800727935,234581.41634211224,214503.72529029928,True
2016-06-20,183860.32757051865,235774.45596750118,216221.20384869716,True
2016-06-21,184383.5304822566,236619.52570215176,217059.28473362705,True
2016-06-22,184076.4331210191,236271.55581141327,216753.55860939773,True
2016-06-23,186453.59417652412,239602.1247656243,220406.41026123855,True
2016-06-24,179868.0618744313,231250.84738790127,211405.43908481635,True
2016-06-27,176489.9909008189,227373.46860538702,207119.18829765308,True
2016-06-28,179742.94813466788,231002.29746594522,211005.4048761839,True
2016-06-29,182848.04367606915,234979.09621724192,214805.32013605416,True
2016-06-30,185316.1965423112,238856.47499975612,218422.26876473564,True
2016-07-01,185691.53776160144,238906.1849841474,218054.79722424742,True
2016-07-05,184394.90445859873,236868.07562410782,215795.64262215368,True
2016-07-06,185486.80618744314,238558.21509340891,217031.97565777937,True
2016-07-07,185361.6924476797,237812.56532754077,217122.6520347402,True
2016-07-08,188171.0646041856,241192.84426614293,220914.78028593233,True
2016-07-11,188830.75523202913,241689.94411005502,222001.7044967843,True
2016-07-12,190161.51046405823,243479.5035481385,223841.69476460348,True
2016-07-13,190093.26660600546,244175.44332961546,224328.84523811718,True
2016-07-14,191196.542311192,245617.03287696047,225796.1819685143,True
2016-07-15,190912.19290263875,245418.1929393956,225497.19213450383,True
2016-07-18,191458.14376706097,245716.4528457429,227365.55020421708,True
2016-07-19,191253.41219290264,245517.61290817807,226999.62494942674,True
2016-07-20,192026.84258416743,246611.23256478464,228648.8815963469,True
2016-07-21,191298.90809827115,245617.03287696047,227459.86229241372,True
2016-07-22,192186.07825295723,246810.07250234947,228632.34847486194,True
2016-07-25,191719.74522292992,245666.7428613517,228125.03317242104,True
2016-07-26,191708.3712465878,246014.71275209016,230084.8785615222,True
2016-07-27,191583.2575068244,245119.9330330484,229250.92495127322,True
2016-07-28,191799.36305732484,244871.38311109232,229003.86368328767,True
2016-07-29,192140.58234758873,245219.3530018308,228994.0628482279,True
2016-08-01,191913.1028207461,244125.73334522426,228415.69285791347,True
2016-08-02,190718.83530482257,242833.27375105282,226725.5909669324,True
2016-08-03,191264.78616924476,243877.1834232682,227594.94802930852,True
2016-08-04,191458.14376706097,243926.8934076594,228059.3246583571,True
2016-08-05,192993.6305732484,246263.2626740462,230370.18006182427,True
2016-08-08,192902.63876251137,246511.81259600224,230540.74485000258,True
2016-08-09,193027.75250227482,246462.10261161104,230917.76543813763,True
2016-08-10,192527.29754322112,245766.1628301341,230029.05048546786,True
2016-08-11,193482.71155595998,246909.49247113193,231062.2320420098,True
2016-08-12,193289.35395814377,246462.10261161104,231013.37602841287,True
2016-08-15,193846.6787989081,247008.91243991433,232086.61590935002,True
2016-08-16,192845.76888080075,246064.42273648136,231075.12544846535,True
2016-08-17,193164.24021838035,246611.23256478464,231316.51315607212,True
2016-08-18,193619.1992720655,247356.88233065276,232306.27648715733,True
2016-08-19,193357.59781619653,246710.65253356707,232187.89205241698,True
2016-08-22,193334.84986351227,246561.52258039344,232104.6712937715,True
2016-08-23,193687.44313011828,246810.07250234947,232581.2099897984,True
2016-08-24,192754.7770700637,246312.9726584374,231742.8773174556,True
2016-08-25,192595.5414012739,245965.00276769896,231714.43391640522,True
2016-08-26,192231.57415832573,245418.1929393956,231606.9250579452,True
2016-08-29,193209.73612374885,247058.6224243055,232952.56102134823,True
2016-08-30,192845.76888080075,247008.91243991433,232813.27241061622,True
2016-08-31,192368.0618744313,246511.81259600224,232472.14283425978,True
2016-09-01,192333.9399454049,246213.55268965499,232850.70170050563,True
2016-09-02,193186.9881710646,247207.7523774791,233475.59049525985,True
2016-09-06,193801.18289353958,247704.8522213912,233807.16301638237,True
2016-09-07,193789.80891719746,247555.7222682176,233284.1255348836,True
2016-09-08,193334.84986351227,207651.67669552978,206108.3334939402,True
2016-09-09,188671.5195632393,202287.98024951978,200171.08630714504,True
2016-09-12,191367.15195632394,243725.71500668637,230630.65490967451,True
2016-09-13,188637.39763421292,239728.59354170522,227167.94547786203,True
2016-09-14,188523.65787079162,238889.69150584502,227057.27093493278,True
2016-09-15,190457.2338489536,241110.3145419456,230067.88273903073,True
2016-09-16,189717.92538671521,240123.37097034534,229396.46613363095,True
2016-09-19,189774.79526842583,240123.37097034534,229602.11062116214,True
2016-09-20,189786.16924476798,240024.67661318535,229308.7484174281,True
2016-09-21,191924.47679708828,242590.729899346,231946.7895342024,True
2016-09-22,193073.24840764332,243676.36782810633,233000.99022258222,True
2016-09-23,192038.21656050955,242541.382720766,231491.63608479194,True
2016-09-26,190502.72975432212,240320.75968466545,229366.22712519,True
2016-09-27,191674.24931756142,241949.21657780587,231492.93123086888,True
2016-09-28,192709.2811646952,243478.9791137863,232655.68204967523,True
2016-09-29,190889.44494995452,241159.66172052565,231756.95178776595,True
2016-09-30,192424.93175614194,243084.20168514617,234093.1327006863,True
2016-10-03,191810.73703366696,242492.035542186,233191.35410541008,True
2016-10-04,190923.5668789809,241110.3145419456,231954.50729214348,True
2016-10-05,191719.74522292992,242886.8129708261,233685.2333308881,True
2016-10-06,191935.8507734304,242788.1186136661,233973.06654019761,True
2016-10-07,191230.66424021838,242146.6052921259,233563.9210485693,True
2016-10-10,192117.83439490446,243478.9791137863,234309.85015372437,True
2016-10-11,189786.16924476798,240814.23147046554,231145.96791916573,True
2016-10-12,190025.02274795267,240863.57864904558,231180.8800963452,True
2016-10-13,189410.8280254777,239876.63507744533,229785.2185314265,True
2016-10-14,189456.3239308462,240468.80122040544,230588.6454152748,True
2016-10-17,188898.9990900819,239728.59354170522,229814.58299335925,True
2016-10-18,190013.64877161055,240814.23147046554,231262.2092482731,True
2016-10-19,190536.8516833485,241307.70325626564,230985.42653948377,True
2016-10-20,190229.754322111,240666.1899347255,231059.10977281333,True
2016-10-21,190275.25022747953,240320.75968466545,230734.25869464382,True
2016-10-24,191048.6806187443,241060.96736336563,232035.83644407138,True
2016-10-25,190502.72975432212,241060.96736336563,231865.95247107683,True
2016-10-26,190081.89262966334,241554.43914916576,232036.24920520204,True
2016-10-27,189581.43767060965,241406.3976134257,231752.67640350037,True
2016-10-28,188978.6169244768,240567.49557756548,230810.45663662007,True
2016-10-31,188978.6169244768,240518.14839898548,231204.7380288401,True
2016-11-01,187659.23566878983,239235.1217559051,229733.70813848005,True
2016-11-02,186419.47224749773,238001.44229140473,228485.37150430243,True
2016-11-03,185691.53776160144,237063.84589838452,227571.67909449106,True
2016-11-04,185441.3102820746,236767.76282690445,227049.26127945076,True
2016-11-07,189513.19381255688,241751.8278634858,232363.6527837718,True
2016-11-08,190377.61601455868,242788.1186136661,233204.11251313784,True
2016-11-09,192413.5577797998,246834.5872572272,235575.14125222378,True
2016-11-10,192857.14285714287,249548.68207912796,236359.75085336392,True
2016-11-11,192504.54959053686,248857.82157900772,237364.1868477585,True
2016-11-14,192527.29754322112,250091.5010435081,237575.326282125,True
2016-11-15,194085.5323020928,252065.38818670862,239982.19860758368,False
2016-11-16,193755.68698817104,250782.36154362824,255427.78765468518,False
2016-11-17,194676.9790718835,251522.56922232846,256181.70674457503,False
2016-11-18,194335.75978161968,251078.44461510837,255729.35529064114,False
2016-11-21,195768.88080072793,252657.55432966878,257337.7160157395,False
2016-11-22,196121.47406733394,253200.37329404897,257890.59001499205,False
2016-11-23,196303.457688808,253693.845079849,258393.20274158526,False
2016-11-25,197088.2620564149,254828.83018718936,259549.21201274975,False
2016-11-28,196155.59599636032,253693.845079849,258393.20274158526,False
2016-11-29,196462.6933575978,253940.58097274913,258644.5091048819,False
2016-11-30,196019.1082802548,254483.3999371293,259197.38310413444,False
2016-12-01,195257.0518653321,255371.64915156952,260102.08601200234,False
2016-12-02,195393.53958143765,254976.8717229294,259699.99583072768,False
2016-12-05,196508.18926296633,255963.81529452966,260705.22128391417,False
2016-12-06,197202.0018198362,257197.49475903,261961.75310039727,False
2016-12-07,199692.9026387625,260553.10290247094,265379.51964123134,False
2016-12-08,200216.10555050048,260997.22750969106,265831.87109516526,False
2016-12-09,201444.4949954504,262526.99004567147,267389.9705476043,False
2016-12-12,201217.01546860783,262971.1146528916,267842.32200153824,False
2016-12-13,202593.26660600546,264451.530010292,269350.16018131794,False
2016-12-14,200921.29208371247,262082.86543845135,266937.6190936704,False
2016-12-15,201660.60054595087,263661.9751530118,268545.97981876874,False
2016-12-16,201319.381255687,263711.3223315918,268596.2410914281,False
2016-12-19,201774.34030937217,264254.14129597193,269149.11509068066,False
2016-12-20,202547.77070063693,265191.7376889922,270104.0792712078,False
2016-12-21,201990.4458598726,264451.530010292,269350.16018131794,False
2016-12-22,201740.21838034576,264451.530010292,269350.16018131794,False
2016-12-23,201910.82802547768,264698.26590319205,269601.4665446146,False
2016-12-27,202411.2829845314,265043.69615325215,269953.29545322986,False
2016-12-28,200807.5523202912,262921.7674743116,267792.0607288789,False
2016-12-29,200773.43039126482,262773.72593857156,267641.27691090095,False
2016-12-30,200079.61783439488,262132.21261703136,266987.8803663297,False
2017-01-03,201467.24294813466,264056.75258165185,268948.0700000434,False
2017-01-04,202661.51046405826,264895.65461751213,269802.51163525187,False
2017-01-05,202502.2747952684,264056.75258165185,268948.0700000434,False
2017-01-06,203298.45313921745,264352.83565313194,269249.6376359993,False
2017-01-09,202650.13648771605,263069.8090100516,267942.8445468569,False
2017-01-10,202627.38853503187,262823.0731171515,267691.53818356025,False
2017-01-11,203196.0873521383,264007.40540307184,268897.808727384,False
2017-01-12,202752.50227479526,263119.1561886316,267993.1058195162,False
2017-01-13,203150.5914467698,263513.9336172717,268395.1960007908,False
2017-01-17,202422.65696087354,262033.51825987134,266887.3578210111,False
2017-01-18,202854.86806187444,262230.90697419137,267088.4029116483,False
2017-01-19,202172.42948134668,261392.00493833114,266233.96127643983,False
2017-01-20,202832.12010919017,221588.37352925155,225693.01793072926,False
2017-01-23,202354.41310282075,221588.37352925155,225693.01793072926,False
2017-01-24,203651.04640582346,222776.16111815165,226902.80778265098,False
2017-01-25,205345.76888080075,224755.8070996518,228919.1242025205,False
2017-01-26,205186.5332120109,224623.83070088513,228784.70310786256,False
2017-01-27,204890.8098271155,224359.87790335182,228515.86091854662,False
2017-01-30,203651.04640582346,222908.1375169183,227037.22887730895,False
2017-01-31,203651.04640582346,222908.1375169183,227037.22887730895,False
2017-02-01,203673.79435850773,224095.92510581843,228247.01872923065,False
2017-02-02,203764.7861692448,224227.90150458508,228381.43982388862,False
2017-02-03,205277.52502274793,225415.68909348518,229591.22967581035,False
2017-02-06,204845.31392174703,225151.73629595182,229322.38748649438,False
2017-02-07,204890.8098271155,225811.61828978523,229994.49295978426,False
2017-02-08,205152.41128298457,226339.52388485192,230532.17733841608,False
2017-02-09,206323.9308462238,227395.33507498537,231607.5460956799,False
2017-02-10,207154.23111919925,228319.1698663521,232548.49375828565,False
2017-02-13,208257.50682438578,229374.98105648553,233623.86251554944,False
2017-02-14,209121.92902638763,230034.86305031893,234295.96798883926,False
2017-02-15,210179.70882620563,231486.60343675237,235774.60003007692,False
2017-02-16,210020.47315741584,231222.65063921898,235505.75784076098,False
2017-02-17,210338.94449499546,232014.5090318191,236312.28440870874,False
2017-02-21,211578.70791628753,233334.27301948584,237656.49535528847,False
2017-02-22,211476.34212920838,233202.2966207192,237522.07426063056,False
2017-02-23,211601.4558689718,232938.3438231858,237253.23207131456,False
2017-02-24,211851.68334849866,233598.22581701918,237925.33754460444,False
2017-02-27,212158.78070973614,233994.15501331925,238328.60082857832,False
2017-02-28,211544.58598726115,233466.24941825253,237790.9164499465,False
2017-03-01,214535.94176524112,236501.70658988613,240882.60162707974,False
2017-03-02,213284.80436760696,235577.8717985194,239941.65396447395,False
2017-03-03,213398.5441310282,235709.84819728605,240076.07505913192,False
2017-03-06,212738.8535031847,235181.94260221935,239538.39068050002,False
2017-03-07,212090.53685168334,234786.01340591928,239135.12739652614,False
2017-03-08,211646.95177434033,234522.06060838595,238866.2852072102,False
2017-03-09,211874.4313011829,234786.01340591928,239135.12739652614,False
2017-03-10,212613.7397634213,235445.89539975268,239807.23286981598,False
2017-03-13,212738.8535031847,235841.82459605273,240210.49615378986,False
2017-03-14,212022.29299363057,235313.919000986,239672.81177515796,False
2017-03-15,213785.25932666063,237293.5649824862,241689.12819502753,False
2017-03-16,213421.29208371247,236897.63578618615,241285.86491105365,False
2017-03-17,212989.08098271157,236765.6593874195,241151.4438163957,False
2017-03-20,212772.9754322111,236765.6593874195,241151.4438163957,False
2017-03-21,210088.7170154686,234258.10781085264,238597.4430178943,False
2017-03-22,210520.92811646953,235049.96620345264,239403.96958584205,False
2017-03-23,210304.82256596908,234654.03700715263,239000.70630186817,False
2017-03-24,210236.5787079163,234654.03700715263,239000.70630186817,False
2017-03-27,209883.98544131027,234786.01340591928,239135.12739652614,False
2017-03-28,211442.220200182,236237.75379235274,240613.75943776374,False
2017-03-29,211760.6915377616,237029.61218495283,241420.28600571162,False
2017-03-30,212329.39035486805,237029.61218495283,241420.28600571162,False
2017-03-31,211817.56141947224,236897.63578618615,241285.86491105365,False
2017-04-03,211555.95996360327,236897.63578618615,241285.86491105365,False
2017-04-04,211669.69972702456,236897.63578618615,241285.86491105365,False
2017-04-05,211021.38307552322,236369.73019111945,240748.18053242177,False
2017-04-06,211578.70791628753,236501.70658988613,240882.60162707974,False
2017-04-07,211385.35031847132,236633.68298865278,241017.02272173768,False
2017-04-10,211533.212010919,236765.6593874195,241151.4438163957,False
2017-04-11,211271.61055505005,236369.73019111945,240748.18053242177,False
2017-04-12,210395.81437670608,235577.8717985194,239941.65396447395,False
2017-04-13,208996.81528662416,234522.06060838595,238866.2852072102,False
2017-04-17,210828.02547770704,236633.68298865278,241017.02272173768,False
2017-04-18,210247.9526842584,236369.73019111945,240748.18053242177,False
2017-04-19,209792.9936305732,236369.73019111945,240748.18053242177,False
2017-04-20,211510.46405823476,238085.42337508625,242495.65476297535,False
2017-04-21,210884.89535941766,237425.54138125284,241823.54928968547,False
2017-04-24,213136.94267515923,239669.1401602864,244108.70789887098,False
2017-04-25,214422.20200181988,241516.80974301987,245990.60322408253,False
2017-04-26,214262.96633303002,241252.85694548654,245721.76103476656,False
2017-04-27,214433.57597816197,242308.6681356199,246797.12979203035,False
2017-04-28,214024.11282984528,242704.59733191997,247200.39307600423,False
2017-05-01,214535.94176524112,243760.40852205336,248275.761833268,False
2017-05-02,214604.18562329392,244288.3141171201,248813.44621189992,False
2017-05-03,214388.0800727935,243232.50292698666,247738.07745463614,False
2017-05-04,214592.81164695177,243628.4321232867,248141.34073861002,False
2017-05-05,215445.85987261144,244684.24331342013,249216.70949587374,False
2017-05-08,215457.2338489536,244948.19611095346,249485.55168518965,False
2017-05-09,215184.2584167425,245344.1253072535,249888.8149691636,False
2017-05-10,215582.347588717,245080.17250972017,249619.97277984768,False
2017-05-11,215150.1364877161,245080.17250972017,249619.97277984768,False
2017-05-12,214808.91719745222,245476.1017060202,250023.23606382162,False
2017-05-15,215900.81892629663,246399.93649738695,250964.1837264274,False
2017-05-16,215866.69699727022,246531.9128961536,251098.60482108535,True
2017-05-17,212033.6669699727,242044.71533808656,241030.9862606439,True
2017-05-18,212807.09736123748,243496.45572452,243081.44316912713,True
2017-05-19,214126.47861692443,244552.26691465345,244639.82164591277,True
2017-05-22,215320.74613284803,246135.98369985356,246440.30564396243,True
2017-05-23,215741.58325750683,246399.93649738695,246477.44702621858,True
2017-05-24,216264.7861692448,247587.72408628705,247634.7974703161,True
2017-05-25,217277.07006369426,249435.39366902053,249438.85969366936,True
2017-05-26,217277.07006369426,249567.37006778718,249667.22800370818,True
2017-05-30,217072.33848953593,249699.34646655386,250273.2201754042,True
2017-05-31,217026.84258416743,249831.32286532052,250283.40007729418,True
2017-06-01,218721.56505914472,251415.0396505207,251546.8038442099,True
2017-06-02,219404.00363967245,253130.73283448748,253332.30583441918,True
2017-06-05,219256.14194722477,252866.78003695412,253337.1218843484,True
2017-06-06,218630.57324840766,251942.94524558738,252846.29522125507,True
2017-06-07,218994.54049135576,252602.8272394208,253862.25053091414,True
2017-06-08,219074.15832575073,252470.85084065408,254741.6128120852,True
2017-06-09,218823.9308462238,249435.39366902053,249749.35724142168,True
2017-06-12,218732.9390354868,248511.55887765376,248654.32403328936,True
2017-06-13,219802.09281164696,250227.2520616206,250339.10866468365,True
2017-06-14,219563.2393084622,249963.29926408725,249529.92403665785,True
2017-06-15,219119.6542311192,249303.41727025388,248404.86406494025,False
2017-06-16,219176.52411282985,249303.41727025388,253282.74999721075,False
2017-06-19,220973.61237488626,252074.92164435406,256098.49258585097,False
2017-06-20,219529.1173794358,250623.18125792057,254623.57980132508,False
2017-06-21,219438.12556869883,251810.96884682067,255830.32662502804,False
2017-06-22,219313.01182893538,251810.96884682067,255830.32662502804,False
2017-06-23,219676.9790718835,252338.87444188743,256366.65854667386,False
2017-06-26,219745.22292993628,251678.99244805402,255696.24364461662,False
2017-06-27,218005.00454959052,249039.4644727205,253014.58403638785,False
2017-06-28,219927.20655141035,251547.01604928734,255562.1606642052,False
2017-06-29,218027.7525022748,248115.62968135378,252076.00317350778,False
2017-06-30,218391.71974522294,248511.55887765376,252478.25211474203,False
2017-07-03,218880.8007279345,247455.7476875203,251405.58827145054,False
2017-07-05,219256.14194722477,248511.55887765376,252478.25211474203,False
2017-07-06,217288.4440400364,246531.9128961536,250467.00740857047,False
2017-07-07,218664.69517743404,248511.55887765376,252478.25211474203,False
2017-07-10,218892.1747042766,249435.39366902053,253416.83297762217,False
2017-07-11,218732.9390354868,249699.34646655386,253684.99893844506,False
2017-07-12,220370.79162875345,251942.94524558738,255964.40960543952,False
2017-07-13,220746.1328480437,252338.87444188743,256366.65854667386,False
2017-07-14,221747.04276615102,253922.59122708754,257975.65431161108,True
2017-07-17,221781.1646951774,253790.6148283209,253015.81316903565,True
2017-07-18,221940.40036396726,254846.42601845428,254043.12910769013,True
2017-07-19,223111.9199272065,256298.16640488777,255795.97121174927,True
2017-07-20,223180.16378525933,256430.14280365442,256048.9855450107,True
2017-07-21,223020.92811646953,256430.14280365442,255638.5226349471,True
2017-07-24,222952.68425841676,256826.0719999545,255685.5416884351,True
2017-07-25,223475.8871701547,256430.14280365442,255202.91513962334,True
2017-07-26,223544.13102820746,257353.97759502113,256630.60710957527,True
2017-07-27,223282.5295723385,256694.09560118776,255231.49594365267,True
2017-07-28,223020.92811646953,255902.23720858773,254324.88338724207,True
2017-07-31,222895.81437670608,255110.37881598758,253334.5135422607,True
2017-08-01,223396.26933575975,255638.2844110544,254019.90005119145,True
2017-08-02,223532.75705186534,256166.19000612103,254001.620943994,True
2017-08-03,223134.66787989085,255374.33161352103,253187.15184422466,True
2017-08-04,223510.00909918107,255506.30801228769,253490.43446957963,True
2017-08-07,223873.97634212923,256694.09560118776,255600.06281074195,True
2017-08-08,223430.39126478613,256034.21360735438,254912.98255059117,True
2017-08-09,223305.27752502277,255902.23720858773,254676.70575609276,True
2017-08-10,220234.30391264785,251810.96884682067,249773.4171531083,True
2017-08-11,220530.02729754322,252734.80363818744,251083.82804063446,True
2017-08-14,222691.08280254778,255638.2844110544,254556.00933332453,True
2017-08-15,222713.83075523202,255770.26080982105,254917.92554041685,True
2017-08-16,223066.42402183803,256430.14280365442,255537.99996971103,True
2017-08-17,219597.36123748863,252206.89804312072,250800.53219264804,True
2017-08-18,219187.898089172,251810.96884682067,250678.12114023295,True
2017-08-21,219460.8735213831,252074.92164435406,250597.77223252913,True
2017-08-22,221678.7989080983,255242.35521475432,253805.32466370845,True
2017-08-23,220916.74249317558,254054.56762585422,253111.39284444603,True
2017-08-24,220404.91355777977,253262.70923325417,252539.86511812315,True
2017-08-25,220893.9945404914,253394.68563202085,252407.54720762998,True
2017-08-28,220973.61237488626,254054.56762585422,253086.26217813703,True
2017-08-29,221132.84804367606,254714.44961968763,253756.58402109807,True
2017-08-30,222236.1237488626,256694.09560118776,256178.06813584937,True
2017-08-31,223544.13102820746,258541.76518392123,258070.0797095134,True
2017-09-01,223930.84622383985,258805.71798145465,258609.62521041563,True
2017-09-05,222281.61965423112,257485.95399378787,256724.46519586333,True
2017-09-06,223055.05004549594,258277.8123863879,257547.29262580085,True
2017-09-07,223009.5541401274,259333.6235765213,258582.9668946234,True
2017-09-08,222656.96087352137,258541.76518392123,257215.63705500672,True
2017-09-11,225090.99181073703,260785.36396295478,260143.15679575643,True
2017-09-12,225921.29208371247,261445.24595678816,260897.23592728822,True
2017-09-13,226057.779799818,261445.24595678816,260914.0082634291,True
2017-09-14,225978.16196542312,260917.34036172146,260865.27458029432,True
2017-09-15,226285.25932666063,261049.31676048815,261955.9661913971,True
2017-09-18,226683.3484986351,260917.34036172146,262925.97529868275,True
2017-09-19,226956.3239308462,260917.34036172146,263127.02062915487,True
2017-09-20,227081.43767060965,260785.36396295478,262002.81218367265,True
2017-09-21,226444.4949954504,259597.57637405468,261015.67765834584,True
2017-09-22,226410.373066424,259465.599975288,261231.75285740968,True
2017-09-25,226080.5277525023,257749.9067913212,258470.2687606473,True
2017-09-26,226160.14558689715,303619.6704414042,291482.8222236433,True
2017-09-27,227035.94176524112,304357.6349181715,293685.4444949891,True
2017-09-28,227297.5432211101,304410.346666512,294209.78170252446,True
2017-09-29,228116.4695177434,305306.4463883009,295560.6630192686,True
2017-10-02,229071.88353048227,261418.86254964414,264711.4688870165,True
2017-10-03,229538.21656050955,262078.6779523439,265438.86178417614,True
2017-10-04,229856.68789808918,306754.3148069122,297773.5340779916,True
2017-10-05,231221.56505914466,308065.45480865147,298800.04421628657,True
2017-10-06,230994.0855323021,307698.3356081645,298843.71731295605,True
2017-10-09,230595.99636032758,262851.623878428,267082.1398120549,True
2017-10-10,231176.0691537762,263377.06440592115,267857.8134819949,True
2017-10-11,231551.41037306644,264559.30559278064,269261.40781594615,True
2017-10-12,231198.81710646042,264296.5853290341,268909.9713225692,True
2017-10-13,231449.04458598729,264822.02585652715,269823.0969283992,True
2017-10-16,231824.3858052775,265084.7461202737,270433.3265480522,True
2017-10-17,231972.24749772518,265084.7461202737,270417.14861845534,True
2017-10-18,232176.9790718835,264953.3859884005,270613.4219763562,True
2017-10-19,232290.7188353048,264296.5853290341,269977.39891072793,True
2017-10-20,233450.86442220196,264822.02585652715,270785.4217214524,True
2017-10-23,232597.81619654235,263245.70427404786,269946.3604115806,True
2017-10-24,232927.66151046404,263771.14480154094,270810.97238384775,True
2017-10-25,231813.01182893538,263114.3441421746,269317.7877859555,True
2017-10-26,232029.11737943586,262851.623878428,269556.6710442238,True
2017-10-27,234008.1892629663,266923.7879664996,274098.3555834698,True
2017-10-30,233155.1410373067,267055.14809837285,274225.5400413676,True
2017-10-31,233416.74249317558,267711.9487577393,275484.24543624424,True
2017-11-01,233826.20564149227,267974.66902148584,275455.6080786427,True
2017-11-02,233928.57142857145,267317.8683621195,275369.48681430466,True
2017-11-03,234702.0018198362,269025.55007647205,277508.31671261287,True
2017-11-06,235065.9690627843,269813.7108677117,279152.9862548448,True
2017-11-07,234963.60327570522,270339.1513952048,279362.5801938976,True
2017-11-08,235304.82256596902,271127.31218644447,280125.7877174237,True
2017-11-09,234463.1483166515,270207.79126333154,277820.20312719134,True
2017-11-10,234315.2866242038,270207.79126333154,278297.33111893275,True
2017-11-13,234599.63603275703,270601.8716589514,278929.6155277408,True
2017-11-14,234019.56323930845,269813.7108677117,278360.48269369395,True
2017-11-15,232825.29572338492,268237.3892852324,276445.8913940464,True
2017-11-16,234815.74158325748,270995.9520545712,280491.8755888177,True
2017-11-17,234178.79890809825,269945.070999585,278423.00246206915,True
2017-11-20,234485.8962693358,269945.070999585,279433.83417027595,True
2017-11-21,236055.5050045496,272572.27363705053,282196.2075509799,True
2017-11-22,235884.8953594176,272572.27363705053,281638.2369401191,True
2017-11-24,236373.97634212923,273491.7945601635,283021.9348428811,True
2017-11-27,236305.7324840764,273491.7945601635,281695.72084685555,True
2017-11-28,238648.77161055504,274542.67561514967,282381.7840976266,True
2017-11-29,238557.77979981806,271784.1128458109,276823.5867453303,True
2017-11-30,240559.59963603274,274279.95535140316,279127.2154507208,True
2017-12-01,240116.01455868973,273491.7945601635,277854.5442314875,True
2017-12-04,239854.41310282075,271915.47297768417,275009.9772795712,False
2017-12-05,239001.36487716105,271652.7527139376,279006.5320988144,False
2017-12-06,239001.36487716105,272440.91350517725,279816.02880703146,False
2017-12-07,239786.16924476795,273491.7945601635,280895.35775132093,False
2017-12-08,241094.17652411282,274542.67561514967,281974.6866956103,False
2017-12-11,241867.60691537766,275856.2769338825,283323.8478759721,False
2017-12-12,242288.4440400364,275987.6370657558,283458.76399400824,False
2017-12-13,242231.57415832573,276513.07759324886,283998.428466153,False
2017-12-14,241264.7861692448,276118.997197629,283593.6801120444,False
2017-12-15,243300.72793448588,278614.8397032213,286157.0863547318,False
2017-12-18,244813.4667879891,280322.5214175739,287910.9958892021,False
2017-12-19,243914.92265696084,279140.2802307144,286696.7508268765,False
2017-12-20,243732.93903548675,278483.479571348,286022.1702366956,False
2017-12-21,244222.02001819838,326804.5138306412,335651.2796840438,False
2017-12-22,244176.52411282985,326804.5138306412,335651.2796840438,False
2017-12-26,243892.1747042766,326436.54992573295,335273.3548074492,False
2017-12-27,244028.6624203822,326541.68246999243,335381.333343619,False
2017-12-28,244483.62147406733,327540.44164045766,336407.12943723286,False
2017-12-29,243641.94722474978,326278.8511093437,335111.3870031944,False
2018-01-02,245427.66151046407,327435.3090961982,336299.150901063,False
2018-01-03,246894.90445859873,328696.8996273121,337594.89333510137,False
2018-01-04,247975.432211101,281552.43702219834,289174.2059402405,False
2018-01-05,249567.78889899908,284027.90962905716,291716.6908605851,False
2018-01-08,250079.6178343949,284809.63782069675,292519.58083543077,False
2018-01-09,250602.82074613287,285721.6540442763,293456.285806084,False
2018-01-10,250181.9836214741,285200.5019165166,292921.02582285355,False
2018-01-11,252024.567788899,287154.82239561557,294928.25075996766,False
2018-01-12,253696.542311192,288978.8548427746,296801.6607012742,False
2018-01-16,252775.2502274795,288066.8386191951,295864.9557306209,False
2018-01-17,255220.65514103728,291193.75138575357,299076.51563000353,False
2018-01-18,254868.06187443133,290933.1753218736,298808.8856383883,False
2018-01-19,255948.58962693356,292496.63170515286,300414.6655880796,False
2018-01-22,258007.27934485895,294972.1043120116,302957.15050842415,False
2018-01-23,258587.35213830753,296665.84872723074,304696.745453923,False
2018-01-24,258462.2383985441,295623.5444717113,303626.2254874622,False
2018-01-25,258587.35213830753,295362.96840783145,303358.59549584694,False
2018-01-26,261590.08189262968,299141.32133408956,307239.2303742676,False
2018-01-29,259781.61965423112,296926.4247911106,304964.37544553826,False
2018-01-30,257017.74340309371,294320.664152312,302288.0755293861,False
2018-01-31,257256.59690627843,295232.6803758915,303224.78050003934,False
2018-02-01,256994.99545040948,293669.2239926123,301619.0005503481,False
2018-02-02,251489.99090081893,287806.2625553152,295597.32573900564,False
2018-02-05,241162.4203821656,276731.77984042076,284223.051095359,False
2018-02-06,245621.01910828025,282725.02930965775,290378.540902509,False
2018-02-07,244278.88989990906,280770.70883055875,288371.3159653949,False
2018-02-08,235202.4567788899,269435.65005178447,276729.41133013304,False
2018-02-09,238830.7552320291,273474.5790419224,280877.6762001688,False
2018-02-12,242106.46041856238,278034.66015982017,285561.20105343516,False
2018-02-13,242914.01273885346,278686.1003195198,286230.2760324732,False
2018-02-14,246098.72611464967,282855.31734159775,290512.3558983166,False
2018-02-15,249283.43949044583,287285.1104275555,295062.0657557753,False
2018-02-16,249260.6915377616,287024.53436367563,294794.43576416007,False
2018-02-20,247747.9526842584,285982.23010815616,293723.9157976992,False
2018-02-21,246439.94540491354,285070.2138845766,292787.21082704596,False
2018-02-22,246747.04276615102,285591.36601233634,293322.4708102764,False
2018-02-23,250796.17834394905,290412.0231941139,298273.6256551579,False
2018-02-26,253685.16833484988,293799.5120245522,301752.8155461557,False
2018-02-27,250443.58507734304,289500.00697053433,297336.9206845046,False
2018-02-28,247668.33484986352,286894.2463317357,294660.62076835247,False
2018-03-01,244392.6296633303,282855.31734159775,290512.3558983166,False
2018-03-02,245700.63694267516,284158.19766099704,291850.5058563927,False
2018-03-05,248521.38307552322,287545.68649143534,295329.69574739056,False
2018-03-06,249146.95177434033,288587.9907469548,296400.2157138513,True
2018-03-07,249033.212010919,288848.56681083475,292253.0088001618,True
2018-03-08,250204.73157415827,290802.88728993374,293696.59096877236,True
2018-03-09,254526.84258416743,295884.12053559115,298983.5025284864,True
2018-03-12,254276.6151046406,296274.984631411,300143.0390656702,True
2018-03-13,252604.64058234758,294190.376120372,297426.7079962341,True
2018-03-14,251273.88535031848,293278.3598967925,296817.2530093247,True
2018-03-15,251035.03184713377,293017.78383291257,296552.8562775104,True
2018-03-16,251296.63330300272,292626.9197370928,296241.0149163345,True
2018-03-19,247929.93630573247,287545.68649143534,291193.0032868549,True
2018-03-20,248373.52138307557,288848.56681083475,292699.98510307295,True
2018-03-21,247793.44858962693,287806.2625553152,292127.86762924684,True
2018-03-22,241640.127388535,279988.98063891917,284211.12180050043,True
2018-03-23,236487.71610555047,274126.0192016221,277306.4283345544,True
2018-03-26,243005.00454959052,281682.72505413834,285929.7542128815,True
2018-03-27,238785.25932666063,274777.45936132176,278090.73648779915,True
2018-03-28,238125.5686988171,273214.0029780425,275178.8042486373,True
2018-03-29,241549.13557779804,277904.37212788017,280161.58191467036,True
2018-04-02,235964.51319381257,270999.1064350637,272253.19698213285,True
2018-04-03,238955.86897179254,274256.30723356205,276020.6325854113,True
2018-04-04,241708.3712465878,277513.5080320604,279325.69588805526,False
2018-04-05,243459.9636032757,279728.4045750393,285591.416131325,False
2018-04-06,238102.8207461328,273344.2910099825,279073.4937324266,False
2018-04-09,239069.6087352138,274386.59526550194,280137.6443281651,False
2018-04-10,243016.37852593267,279337.5404792195,285192.35965792305,False
2018-04-11,241719.74522292995,278295.2362237,284128.2090621845,False
2018-04-12,243744.31301182896,280249.55670279905,286123.4914291943,False
2018-04-13,243073.24840764332,279728.4045750393,285591.416131325,False
2018-04-16,245052.32029117382,281682.72505413834,287586.69849833474,False
2018-04-17,247679.70882620563,286242.806172036,292242.3573546907,False
2018-04-18,247816.19654231117,286633.6702678558,292641.4138280927,False
2018-04-19,246462.69335759777,283897.62159711716,289848.01851427904,False
2018-04-20,244472.24749772518,280510.13276667893,286389.5290781289,False
2018-04-23,244358.50773430392,279858.6926069792,285724.4349557923,False
2018-04-24,241025.93266606002,274126.0192016221,279871.6066792304,False
2018-04-25,241640.127388535,319946.58625231,326652.5571223089,False
2018-04-26,244131.02820746132,321572.01138731843,328312.05061145854,False
2018-04-27,244392.6296633303,322253.6412826446,329007.9672359407,False
2018-04-30,242390.80982711556,318426.02725504397,325100.1277292333,False
2018-05-01,242914.01273885346,317901.6965663316,324564.8072488624,False
2018-05-02,241253.41219290264,271034.41975334525,276715.2083653533,False
2018-05-03,240684.7133757962,271034.41975334525,276715.2083653533,False
2018-05-04,243880.80072793446,275322.539935576,281093.20607797406,False
2018-05-07,244642.85714285713,276835.9941175397,282638.381741252,True
2018-05-08,244631.483166515,276709.8729357094,278837.8358542543,True
2018-05-09,246997.27024567788,279736.781299637,282153.14297840133,True
2018-05-10,249317.56141947224,282259.20493624324,285322.4208902666,True
2018-05-11,249931.75614194723,282511.44729990384,284859.1300246739,True
2018-05-14,250204.73157415827,282637.5684817342,286395.30151126,True
2018-05-15,248487.2611464968,279862.9024814673,283466.83683820785,True
2018-05-16,249545.0409463148,281250.23548160074,285642.1645502625,True
2018-05-17,249340.3093721565,280997.99311794015,284905.7357835294,True
2018-05-18,248714.74067333937,280619.6295724492,283618.3303706233,True
2018-05-21,250545.9508644222,282511.44729990384,286162.151905643,True
2018-05-22,249829.39035486805,281250.23548160074,285864.62916094577,True
2018-05-23,250602.82074613287,283142.05320905545,287312.00728009036,True
2018-05-24,250125.11373976342,283015.93202722515,287468.16911615705,True
2018-05-25,249499.54504094634,282763.68966356455,288138.03844684374,True
2018-05-29,246610.55505004548,280493.50839061884,285824.3776959442,True
2018-05-30,249863.51228389444,283520.4167545464,288504.06978726824,True
2018-05-31,248248.4076433121,282637.5684817342,287158.05126513436,True
2018-06-01,250864.42220200182,285916.7192093224,291360.7413333775,True
2018-06-04,251967.69790718835,288186.9004822681,293579.0656865969,True
2018-06-05,252320.29117379437,288817.50639141956,294522.3491039984,True
2018-06-06,254333.48498635128,291213.8088461956,296799.0299050157,True
2018-06-07,254219.74522292992,289952.5970278924,295190.5519686269,True
2018-06-08,255015.92356687898,290583.20293704397,295045.33829697204,True
2018-06-11,255345.76888080075,291339.9300280259,295490.80687339103,True
2018-06-12,255777.97998180162,292348.8994826684,296474.078586316,True
2018-06-13,254754.32211101,291213.8088461956,295480.1218784573,True
2018-06-14,255493.63057324837,293610.11130097153,297327.76611174556,True
2018-06-15,255277.52502274796,293357.86893731094,297290.5099762889,True
2018-06-18,254663.33030027294,293105.6265736503,296053.52770045825,True
2018-06-19,253696.542311192,291339.9300280259,293758.7484246929,True
2018-06-20,254151.50136487713,292601.14184632903,295192.43971131067,True
2018-06-21,252570.5186533212,290457.0817552137,292587.51655232994,True
2018-06-22,253014.1037306642,290457.0817552137,292269.7155439666,True
2018-06-25,249522.29299363057,284907.74975467985,285244.84536476317,True
2018-06-26,250068.24385805277,286295.0827548133,286991.1365090888,True
2018-06-27,247986.80618744312,283268.1743908858,282809.7969065686,True
2018-06-28,249499.54504094634,285790.59802749206,285422.9100377016,False
2018-06-29,250136.48771610556,286168.961572983,290022.6405788663,False
2018-07-02,250420.83712465875,287430.1733912861,291300.83643862326,False
2018-07-03,249408.55323020928,285033.8709365102,288872.264305085,False
2018-07-05,251546.86078252958,287934.65811860736,291812.11478252604,False
2018-07-06,253639.67242948135,291213.8088461956,295135.4240178943,False
2018-07-09,255891.71974522294,293862.3536646322,297819.635323384,False
2018-07-10,256778.889899909,294619.08075561404,298586.55283923825,False
2018-07-11,255027.29754322112,292979.50539182,296924.8982215542,False
2018-07-12,257211.1010009099,296384.77730123844,300376.02704289806,False
2018-07-13,257427.20655141035,296889.2620285597,300887.3053868009,False
2018-07-16,257267.97088262058,296258.65611940814,300248.2074569224,False
2018-07-17,258371.2465878071,297898.23148320225,301909.86207460647,False
2018-07-18,258848.95359417654,297898.23148320225,301909.86207460647,False
2018-07-19,257859.4176524113,296889.2620285597,300887.3053868009,False
2018-07-20,257620.56414922653,296510.8984830688,300503.84662887384,False
2018-07-23,258109.64513193816,296637.0196648991,300631.66621484945,False
2018-07-24,259326.66060054593,298402.7162105235,302421.1404185093,False
2018-07-25,261703.82165605095,301934.1093017723,306000.08882582904,False
2018-07-26,260930.39126478613,298150.47384686285,302165.5012465579,False
2018-07-27,259235.66878980887,295375.80784659594,299353.47035509243,False
2018-07-30,257745.67788899,291844.4147553471,295774.5219477728,False
2018-07-31,259042.3111919927,293610.11130097153,297563.9961514327,False
2018-08-01,258723.83985441306,294619.08075561404,298586.55283923825,False
2018-08-02,260043.22111010007,297141.50439222035,301142.9445587523,False
2018-08-03,261305.73248407643,297898.23148320225,301909.86207460647,False
2018-08-06,262295.2684258417,299411.68566516595,303443.6971063149,False
2018-08-07,263023.20291173796,300294.53393797815,304338.43420814484,False
2018-08-08,262886.71519563237,300294.53393797815,304338.43420814484,False
2018-08-09,262556.8698817106,300042.29157431755,304082.79503619345,False
2018-08-10,260771.15559599636,298024.35266503255,302037.6816605822,False
2018-08-13,259781.61965423112,297519.8679377113,301526.4033166794,False
2018-08-14,261464.96815286623,299285.5644833357,303315.8775203392,False
2018-08-15,259531.39217470432,296510.8984830688,300503.84662887384,False
2018-08-16,261646.95177434033,298150.47384686285,302165.5012465579,False
2018-08-17,262511.37397634215,298276.59502869315,302293.32083253365,False
2018-08-20,263091.4467697907,298654.9585741841,302676.77959046076,False
2018-08-21,263671.5195632393,347086.7271148756,351760.7519502428,False
2018-08-22,263591.9017288444,346395.5311203148,351060.2480018125,False
2018-08-23,263205.186533212,345491.65943511983,350144.204376942,False
2018-08-24,264854.41310282075,299773.1016844174,303809.9801150474,False
2018-08-27,266856.2329390355,302275.38133119885,306345.95657677564,False
2018-08-28,267004.09463148314,302400.49531353795,306472.75539986213,False
2018-08-29,268471.3375796178,305403.2308896757,309515.927153936,False
2018-08-30,267379.4358507734,304527.43301330216,308628.3353923311,False
2018-08-31,267390.80982711556,304902.7749603194,309008.7318615904,False
2018-09-04,267015.4686078253,304277.205048624,308374.73774615827,False
2018-09-05,266264.78616924473,301649.8114195035,305711.96246134356,False
2018-09-06,265479.98180163786,300023.32964909554,304063.5777612202,False
2018-09-07,264843.0391264786,299522.87371973926,303556.3824688746,False
2018-09-10,265343.49408553226,299898.21566675644,303936.7789381338,False
2018-09-11,266344.40400363965,301774.92540184257,305838.76128443,False
2018-09-12,266378.52593266603,301649.8114195035,305711.96246134356,False
2018-09-13,267891.2647861692,303776.74911926774,307867.54245381267,False
2018-09-14,268027.7525022748,303276.2931899114,307360.347161467,False
2018-09-17,266515.0136487716,300023.32964909554,304063.5777612202,False
2018-09-18,267970.88262056414,302150.26734885975,306219.1577536892,False
2018-09-19,268266.6060054595,352177.148666611,356919.7233913763,False
2018-09-20,270427.66151046404,355138.842663507,359921.3008819781,False
2018-09-21,270234.3039126479,355614.8291987224,360403.6972643962,False
2018-09-24,269335.75978161965,353499.33348665386,358259.7133425378,False
2018-09-25,268994.54049135576,351701.1621313956,356437.3270089582,False
2018-09-26,268209.7361237489,350326.08991855104,355043.7374597502,False
2018-09-27,268960.4185623294,350378.97731135273,355097.3370577967,False
2018-09-28,268926.296633303,349850.10338333563,354561.3410773321,False
2018-10-01,269927.2065514104,351806.936916999,356544.5262050511,False
2018-10-02,269893.084622384,352547.360416223,357294.92057770153,False
2018-10-03,270120.5641492266,353023.3469514384,357777.3169601197,False
2018-10-04,267914.0127388535,352706.02259462816,357455.71937184094,False
2018-10-05,266401.2738853503,351436.72516738705,356169.3290187259,False
2018-10-08,266333.03002729756,352706.02259462816,357455.71937184094,False
2018-10-09,265980.4367606915,351754.04952419735,356490.92660700466,False
2018-10-10,257393.08462238396,342710.30535510427,347325.39534106,False
2018-10-11,251979.07188353047,333878.1107572181,338374.2624673012,False
2018-10-12,255379.89080982713,336734.0299685106,341268.64076181,False
2018-10-15,253980.89171974524,335306.07036286435,339821.4516145556,False
2018-10-16,259394.90445859873,341652.55749906995,346253.40338013077,False
2018-10-17,259485.89626933573,342075.6566414838,346682.2001645025,False
2018-10-18,255834.8498635123,338955.30046618264,343519.8238797614,False
2018-10-19,255630.11828935397,339166.85003738943,343734.2222719472,False
2018-10-22,254572.33848953593,336469.59300450207,341000.6427715777,False
2018-10-23,253048.2256596906,334618.5342564421,339124.6568399516,False
2018-10-24,245495.90536851683,325521.9026945473,329905.5259759605,False
2018-10-25,249897.63421292085,330387.542832305,334836.68899623485,False
2018-10-26,245473.15741583257,326103.6640153662,330495.1215544716,False
2018-10-29,244199.2720655141,326526.76315777993,330923.9183388433,False
2018-10-30,247941.3102820746,331392.4032955375,335855.0813591176,False
2018-10-31,250534.5768880801,333560.78640040784,338052.66487902246,False
2018-11-01,253139.21747042765,335358.95775566605,339875.05121260206,False
2018-11-02,251569.60873521387,334512.75947083865,339017.45764385874,False
2018-11-05,252991.35577797997,338690.8635021741,343251.8258895291,False
2018-11-06,254595.08644222023,340277.48528622545,344859.8138309229,False
2018-11-07,259974.9772520473,346306.6480656208,350970.1680082193,False
2018-11-08,259531.39217470432,345460.44978079334,350112.5744394759,False
2018-11-09,257131.483166515,343768.0532111385,348397.3873019892,False
2018-11-12,252172.42948134668,339113.9626445878,343680.62267390074,False
2018-11-13,251751.5923566879,338479.3139309672,343037.4274973432,False
2018-11-14,250022.74795268424,335887.8316836832,340411.0471930667,False
2018-11-15,252616.01455868973,339166.85003738943,343734.2222719472,False
2018-11-16,253252.95723384898,341335.23314225976,345931.805791852,False
2018-11-19,249055.95996360327,339061.07525178604,343627.0230758543,False
2018-11-20,244472.24749772518,332132.8267947615,336605.475731768,False
2018-11-21,245291.17379435853,332608.813329977,337087.8721141862,False
2018-11-23,243710.19108280257,330757.75458191696,335211.88618256006,False
2018-11-26,247531.84713375792,335358.95775566605,339875.05121260206,False
2018-11-27,248305.27752502274,337157.1291109243,341697.43754618167,False
2018-11-28,254106.0054595086,343133.404497518,347754.19212543167,False
2018-11-29,253582.8025477707,342498.7557838974,347110.9969488742,False
2018-11-30,255266.1510464058,345513.3371735951,350166.17403752235,False
2018-12-03,258416.74249317558,347734.60767126706,352417.3571554737,False
2018-12-04,250398.0891719745,337844.6652173466,342394.2323207857,False
2018-12-06,249761.1464968153,336205.1560404935,340732.64478134544,False
2018-12-07,243960.4185623294,329329.79497627076,333764.69703530567,False
2018-12-10,244256.1419472247,329118.24540506385,333550.2986431198,False
2018-12-11,244324.38580527753,328853.8084410553,333282.3006528875,False
2018-12-12,245677.88898999087,329964.4436898913,334407.8922118632,False
2018-12-13,245598.271155596,330281.76804670156,334729.48980014195,False
2018-12-14,241060.0545950864,324569.9296241165,328940.73321112426,False
2018-12-17,236135.12283894452,318276.32988071255,322562.3810435955,False
2018-12-18,236044.13102820746,317271.46941748005,321543.9886807129,False
2018-12-19,232279.34485896272,313728.0140997652,317952.81561159994,False
2018-12-20,228469.0627843494,309444.1352828264,313611.2481698367,False
2018-12-21,223919.47224749776,304842.93210907734,308948.08313979476,False
2018-12-24,217754.7770700637,296433.8366536048,300425.74705040763,False
2018-12-26,228764.7861692448,308968.148747611,313128.8517874186,False
2018-12-27,230891.71974522294,311929.84274450695,316130.42927802034,False
2018-12-28,230607.3703366697,311718.2931733001,315916.0308858345,False
2018-12-31,232677.4340309372,314732.8745629978,318971.2079744827,False
2019-01-02,232859.41765241124,314891.5367414029,319132.0067686221,False
2019-01-03,227297.5432211101,308809.4865692058,312968.05299327924,False
2019-01-04,234804.36760691536,317747.45595269545,322026.38506313093,False
2019-01-07,236567.3339399454,319228.3029511434,323527.17380843183,False
2019-01-08,238864.87716105548,321449.5734488154,325778.35692638316,False
2019-01-09,239968.15286624202,321555.3482344188,325885.55612247606,False
2019-01-10,240969.06278434943,322824.64566165995,327171.94647559104,False
2019-01-11,240855.3230209281,323459.2943752805,327815.1416521486,False
2019-01-14,239535.94176524112,322295.7717336428,326635.9504951265,False
2019-01-15,242333.93994540494,324993.0287665302,329369.529995496,False
2019-01-16,242868.516833485,326262.3261937713,330655.92034861096,False
2019-01-17,244688.35304822566,328430.7092986416,332853.5038685159,False
2019-01-18,247975.432211101,332979.025079589,337463.0693005114,False
2019-01-22,244676.97907188354,329329.79497627076,333764.69703530567,False
2019-01-23,245040.94631483167,330704.86718911526,335158.2865845136,False
2019-01-24,245279.79981801638,330017.331082693,334461.4918099097,False
2019-01-25,247372.61146496813,331603.9528667444,336069.4797513035,False
2019-01-28,245450.4094631483,329488.45715467585,333925.495829445,False
2019-01-29,245154.68607825294,329964.4436898913,334407.8922118632,False
2019-01-30,249033.212010919,333031.9124723907,337516.6688985578,True
2019-01-31,251103.27570518653,334935.85861325235,321905.2552180449,True
2019-02-01,251319.381255687,291770.52690781053,292345.9423881737,True
2019-02-04,253105.09554140127,294786.5817927003,294902.7837982867,True
2019-02-05,254231.11919927207,297146.9725721792,297056.46366788255,True
2019-02-06,253924.02183803456,295966.77718243975,298365.9687774685,True
2019-02-07,251433.12101910825,292688.4566553857,294134.62868950877,True
2019-02-08,251751.5923566879,293344.12076079653,294362.62103883934,True
2019-02-11,251888.08007279344,293475.2535818787,294832.0812336255,True
2019-02-12,255141.03730664236,297540.3710354257,299647.0480258104,True
2019-02-13,255914.46769790718,298458.3007830008,300507.46922476415,True
2019-02-14,255345.76888080075,298458.3007830008,300770.1843024536,True
2019-02-15,258166.51501364872,300425.29309923324,302618.9178812589,True
2019-02-19,258610.10009099182,300687.5587413976,302699.6155080652,True
2019-02-20,259201.54686078255,300949.8243835619,303699.822944801,True
2019-02-21,258257.50682438578,299638.4961727403,302210.4533302039,True
2019-02-22,259815.7415832575,301998.8869522192,305161.0407633363,True
2019-02-25,260191.08280254778,302523.41823654785,306364.5410352547,True
2019-02-26,260009.0991810737,302654.55105763,305861.945589367,True
2019-02-27,259872.61146496813,302916.8166997943,305110.7004067962,True
2019-02-28,259269.79071883525,302392.28541546565,304695.35240596236,True
2019-03-01,261044.13102820746,305146.07465819106,307478.0088432674,True
2019-03-04,260043.22111010007,304359.2777316981,306964.4385546905,True
2019-03-05,259736.12374886262,304228.1449106159,306442.43956717633,True
2019-03-06,258075.52320291175,302523.41823654785,303702.35501252,True
2019-03-07,256005.45950864424,299245.09770949377,300408.0282813771,True
2019-03-08,255493.63057324837,298720.56642516516,300010.17678941437,True
2019-03-11,259212.9208371247,303834.74644736946,305515.74786601943,True
2019-03-12,260134.21292083713,305014.9418371089,306798.37236351985,True
2019-03-13,261908.55323020928,306981.93415334134,308559.54597978946,True
2019-03-14,261817.56141947224,307113.06697442353,308144.5104964375,True
2019-03-15,263091.4467697907,309080.05929065595,311963.63530997914,True
2019-03-18,264035.48680618743,309473.4577539024,311988.3559381764,True
2019-03-19,264115.10464058234,309997.9890382311,313428.29837241204,True
2019-03-20,263171.06460418564,311178.18442797055,313458.6626806947,True
2019-03-21,266185.1683348499,315505.56752368185,319729.2036113293,True
2019-03-22,261123.74886260237,308686.6608274094,312149.0980047598,True
2019-03-25,260884.89535941766,308686.6608274094,310966.8801551574,True
2019-03-26,262772.9754322111,310391.38750147755,313032.6664306865,True
2019-03-27,261544.58598726112,308686.6608274094,310467.70883911796,True
2019-03-28,262568.24385805277,310129.1218593132,311314.3701765308,True
2019-03-29,264262.96633303,312489.5126387921,314475.12685660814,True
2019-04-01,267299.8180163785,316030.0988080106,319277.5876329782,True
2019-04-02,267390.80982711556,316948.0285555857,320006.64425507083,True
2019-04-03,267891.2647861692,317865.9583031608,322881.2190749877,True
2019-04-04,268539.5814376706,317997.091124243,323079.201861616,True
2019-04-05,269824.84076433117,319439.55215614673,324836.596602457,True
2019-04-08,270063.6942675159,319832.95061939326,325316.69800840114,True
2019-04-09,268630.5732484076,318521.6224085716,323310.63945484423,True
2019-04-10,269551.8653321201,319964.0834404754,325120.6011404789,True
2019-04-11,269506.36942675157,319832.95061939326,324931.37364630256,True
2019-04-12,271326.20564149227,322062.20857778995,327894.1756918173,True
2019-04-15,271144.2220200182,322062.20857778995,327176.06576034805,True
2019-04-16,271337.5796178344,321931.0757567078,329500.17727920716,True
2019-04-17,270677.88898999087,321537.67729346134,330718.996737858,True
2019-04-18,271178.3439490446,322324.4742199543,331425.2045744267,True
2019-04-22,271451.31938125566,322980.1383253651,331810.8484920235,True
2019-04-23,273782.98453139217,326651.85731566563,335243.7428053044,True
2019-04-24,273248.4076433121,325865.0603891727,335570.87061855674,True
2019-04-25,273146.0418562329,327045.25577891216,334340.18425508746,True
2019-04-26,274397.1792538671,328225.45116865163,333923.9160400587,True
2019-04-29,274749.77252047317,328618.84963189805,333668.39692962973,True
2019-04-30,274920.3821656051,327176.3885999943,333566.1184390583,True
2019-05-01,272907.18835304823,325078.2634626797,331300.4564201785,True
2019-05-02,272372.6114649681,324160.33371510456,331604.76359997253,True
2019-05-03,274954.50409463147,328094.31834756944,335302.2377955997,True
2019-05-06,273873.9763421292,326651.85731566563,332634.08853728126,True
2019-05-07,269426.75159235665,320750.8803669684,326142.06988548144,True
2019-05-08,268903.54868061875,320488.61472480407,325246.9681862675,True
2019-05-09,268073.2484076433,319308.4193350646,323027.30217988446,True
2019-05-10,269324.3858052775,320226.34908263973,323572.4554323879,True
2019-05-13,262716.10555050045,310784.785964724,312400.5852886272,True
2019-05-14,265002.27479526843,313931.97367069597,316994.4291052274,True
2019-05-15,266571.88353048224,317472.5598399143,320378.2087556285,False
2019-05-16,269017.28844404005,320619.7475458862,326120.7265486381,False
2019-05-17,267379.4358507734,318259.35676640726,323719.837764231,False
2019-05-20,265559.59963603277,314456.5049550246,319851.7391671306,False
2019-05-21,267811.64695177437,317341.4270188321,322786.1587925171,False
2019-05-22,267083.71246587805,316685.7629134213,322119.24524129287,False
2019-05-23,263955.8689717925,312489.5126387921,317850.9985134579,False
2019-05-24,264410.8280254777,312489.5126387921,317850.9985134579,False
2019-05-28,262033.6669699727,311178.18442797055,316517.17141100956,False
2019-05-29,260236.5787079163,308555.5280063273,313849.5172061127,False
2019-05-30,260964.51319381254,310129.1218593132,315450.1097290507,False
2019-05-31,257461.3284804368,305670.60594251973,310915.09758072614,False
2019-06-03,256699.2720655141,300294.16027815104,305446.40646068763,False
2019-06-04,262352.1383075523,307506.46543767,312782.45552415395,False
2019-06-05,264570.06369426753,355155.20709338534,361248.722392717,False
2019-06-06,266298.9080982712,357097.1249936529,363223.9584203808,False
2019-06-07,268949.0445859873,358931.1585661279,365089.4591131743,False
2019-06-10,270211.5559599636,360279.71266353596,366461.15079905186,False
2019-06-11,270166.06005459506,314239.6545918119,319631.1682305474,False
2019-06-12,269654.2311191993,313467.56698839215,318845.8336648703,False
2019-06-13,270859.87261146493,314754.3796607583,320154.7246076654,False
2019-06-14,270450.40946314833,314110.9733245752,319500.27913626784,False
2019-06-17,270689.262966333,315783.8297986512,321201.8373619014,False
2019-06-18,273396.2693357598,319258.2240140398,324735.84290744795,False
2019-06-19,274112.8298453139,320287.6741519327,325782.955661684,False
2019-06-20,276671.97452229296,323633.3871000847,329186.0721129511,False
2019-06-21,276342.1292083713,323118.6620311382,328662.5157358331,False
2019-06-24,275989.53594176524,322217.89316048194,327746.29207587655,False
2019-06-25,273259.7816196542,317456.6862727272,322903.39558753493,False
2019-06-26,272998.1801637853,317842.73007443704,323296.0628703734,False
2019-06-27,273953.59417652414,319129.5427468032,324604.95381316845,False
2019-06-28,275466.3330300273,320287.6741519327,325782.955661684,False
2019-07-01,277809.37215650594,323633.3871000847,329186.0721129511,False
2019-07-02,278616.9244767971,325048.88103968743,330625.85215002566,True
2019-07-03,280755.23202911735,327751.18765165634,328726.39586172503,True
2019-07-05,280402.6387625114,327107.78131547326,327567.26868808136,True
2019-07-08,278992.2656960873,325177.562306924,325577.39596768847,True
2019-07-09,279344.85896269337,326721.7375137634,327335.14408203744,True
2019-07-10,280641.4922656961,329424.0441257323,330199.60355612106,True
2019-07-11,281210.19108280254,330196.131729152,331014.353569363,True
2019-07-12,282586.44222020014,331611.62566875474,333783.29882008897,True
2019-07-15,282666.0600545951,331868.988203228,334753.0507503103,True
2019-07-16,281744.76797088265,330582.17553086183,332819.4994425458,True
2019-07-17,279833.9399454049,328909.31905678584,331978.91635643505,True
2019-07-18,280857.59781619656,329424.0441257323,334106.5050451913,True
2019-07-19,279356.2329390355,327365.1438499465,332649.10118419246,True
2019-07-22,280027.2975432211,329424.0441257323,336106.97184379597,True
2019-07-23,281949.49954504095,331354.2631342815,338609.78195021924,True
2019-07-24,283257.5068243858,333284.48214283073,342719.78807943553,True
2019-07-25,281869.88171064603,331354.2631342815,339439.038511071,True
2019-07-26,283894.44949954504,334442.61354796024,341424.2490938944,True
2019-07-29,283382.6205641492,333155.80087559414,340858.5262350919,True
2019-07-30,282688.80800727935,332126.35073770117,339663.89953729213,True
2019-07-31,279492.72065514105,327879.8689188929,333554.1762776427,True
2019-08-01,277149.6815286624,326335.6937120536,330437.1330972273,True
2019-08-02,275113.7397634213,323118.6620311382,326812.92712470674,True
2019-08-05,267004.09463148314,312309.43558326265,314944.7448160908,True
2019-08-06,270439.0354868062,317199.32373825397,319896.80927595805,False
2019-08-07,270621.01910828025,318228.7738761469,324570.2807068642,False
2019-08-08,275909.9181073703,325692.2873758705,332182.52344078984,False
2019-08-09,273987.71610555047,323118.6620311382,329557.61215322925,False
2019-08-12,270768.88080072793,319000.86147956655,325357.7540931324,False
2019-08-13,274965.8780709736,324920.19977245084,331395.05005452165,False
2019-08-14,266685.62329390354,315397.7859969414,321682.8782905476,False
2019-08-15,267527.2975432211,316941.9612037807,323257.8250630839,False
2019-08-16,271439.94540491357,321317.1242898256,327720.1742519369,False
2019-08-19,274783.89444949955,325820.9686431071,332313.7690051679,False
2019-08-20,272656.9608735214,324276.79343626776,330738.82223263156,False
2019-08-21,274863.51228389447,327493.8251171831,334019.96134208224,False
2019-08-22,274761.14649681526,326979.10004823667,333494.97908457014,False
2019-08-23,267709.28116469516,317842.73007443704,324176.5440137301,False
2019-08-26,270677.88898999087,322089.21189324534,328507.6476382051,False
2019-08-27,269608.7352138307,321317.1242898256,327720.1742519369,False
2019-08-28,271485.44131028204,322861.299496665,329295.12102447316,False
2019-08-29,275011.3739763421,327493.8251171831,334019.96134208224,False
2019-08-30,274909.00818926294,326721.7375137634,333232.4879558141,False
2019-09-03,273373.5213830755,324019.4309017945,330476.3311038755,False
2019-09-04,276308.00727934483,328265.9127206028,334807.4347283505,False
2019-09-05,279959.0536851683,333413.1634100674,340057.2573034715,False
2019-09-06,280163.7852593266,333155.80087559414,339794.76617471554,False
2019-09-09,280232.02911737945,330839.5380653351,337432.346015911,False
2019-09-10,280300.2729754322,329166.6815912591,335726.1536789966,False
2019-09-11,282313.4667879891,331225.5818670449,337826.08270904503,False
2019-09-12,283143.7670609645,333413.1634100674,340057.2573034715,False
2019-09-13,283075.5232029117,332126.35073770117,338744.8016596912,False
2019-09-16,282142.85714285716,330968.21933257167,337563.59158028895,False
2019-09-17,282904.9135577798,332641.0758066477,339269.78391720343,False
2019-09-18,283075.5232029117,333284.48214283073,339926.0117390935,False
2019-09-19,283018.6533212011,333670.52594454057,340319.7484322276,False
2019-09-20,281505.9144676979,330710.8567980984,337301.1004515329,False
2019-09-23,281699.27206551406,330582.17553086183,337169.85488715494,False
2019-09-24,279367.6069153776,326979.10004823667,333494.97908457014,False
2019-09-25,281073.703366697,329938.76919467875,336513.62706526474,False
2019-09-26,280516.37852593267,329681.40666020557,336251.13593650877,False
2019-09-27,278946.76979071886,325949.6499103437,332445.01456954586,False
2019-09-30,280323.02092811646,328137.23145336617,334676.1891639724,False
2019-10-01,276956.32393084624,366133.4178379873,373429.54490372253,False
2019-10-02,272065.5141037307,359495.0908341441,366658.93257719564,False
2019-10-03,274226.5696087352,361869.7769168197,369080.9402387174,False
2019-10-04,278036.8516833485,366888.99977338413,374200.1837051158,False
2019-10-07,276842.58416742494,365269.8956261053,372548.8148449873,False
2019-10-08,272543.2211101001,359495.0908341441,366658.93257719564,False
2019-10-09,275079.6178343949,362301.5380227607,369521.30526808504,False
2019-10-10,276956.32393084624,364892.10465840687,372163.49544429063,False
2019-10-11,279845.31392174703,368130.3129529645,375466.2331645476,False
2019-10-14,279583.71246587805,367914.43239999405,375246.05064986384,False
2019-10-15,282290.71883530484,371368.5212475222,378768.9708848046,False
2019-10-16,281847.1337579618,371260.580971037,378658.87962746277,False
2019-10-17,282609.19017288444,372555.86428886,379979.9747155655,False
2019-10-18,281449.0445859872,371746.3122152206,379154.2902855012,False
2019-10-21,283405.36851683346,374498.7892655946,381961.6173477197,False
2019-10-22,282415.8325750682,376009.9531363882,383502.8949505063,False
2019-10-23,283246.1328480437,376711.56493354234,384218.4881232286,False
2019-10-24,283712.465878071,375254.3712009914,382732.25614911295,False
2019-10-25,284895.3594176524,377089.3559012408,384603.8075239253,False
2019-10-28,286544.58598726115,378708.4600485196,386255.1763840538,False
2019-10-29,286362.6023657871,380219.6239193132,387796.4539868404,False
2019-10-30,287374.88626023656,380975.20585470996,388567.09278823365,False
2019-10-31,286442.220200182,379518.01212215895,387080.860814118,False
2019-11-01,289171.974522293,337715.4263058328,344445.2535828299,False
2019-11-04,290320.746132848,338227.11634569016,344967.14033068274,False
2019-11-05,289945.40491355775,337459.58128590416,344184.31020890357,False
2019-11-06,290104.6405823476,382442.48219098477,390063.6082872519,False
2019-11-07,291128.2984531392,384365.6459511294,392025.09591099,False
2019-11-08,291844.8589626933,385540.91269344,393223.78279216326,False
2019-11-11,291276.1601455869,384151.9610888911,391807.15284168575,False
2019-11-12,291856.2329390355,384151.9610888911,391807.15284168575,False
2019-11-13,291981.3466787989,383884.8550110932,391534.72400505544,False
2019-11-14,292368.0618744313,383564.3277177358,391207.80940109905,False
2019-11-15,294551.86533212016,386769.60065131023,394476.9554406626,False
2019-11-18,294733.84895359416,341429.59931575065,348233.44080970855,False
2019-11-19,294585.9872611465,341935.9835935642,348749.9160648954,False
2019-11-20,293550.9554140127,340543.426829577,347329.60911313165,False
2019-11-21,293095.9963603276,339404.06220449664,346167.5397889613,False
2019-11-22,293744.3130118289,339530.65827395004,346296.658602758,False
2019-11-25,295973.6123748863,342695.5600102844,349524.6289476756,False
2019-11-26,296576.4331210191,344088.11677427153,350944.9358994394,False
2019-11-27,297975.432211101,346366.8460244323,353269.07454778,False
2019-11-29,296826.660600546,345227.4813993519,352107.0052236096,False
2019-12-02,294415.37761601456,341049.81110739056,347846.0843683185,False
2019-12-03,292345.31392174703,339150.8700655899,345909.3021613679,False
2019-12-04,294222.02001819835,340796.6189684838,347587.8467407251,False
2019-12-05,294767.9708826206,341176.4071768439,347975.20318211516,False
2019-12-06,297383.9854413103,344594.501052085,351461.4111546261,False
2019-12-09,296485.4413102821,343455.13642700465,350299.34183045576,False
2019-12-10,296201.0919017289,342948.75214919116,349782.866575269,False
2019-12-11,296974.5222929937,344341.3089131783,351203.1735270327,False
2019-12-12,299590.53685168334,345860.4617466188,352752.59929259314,False
2019-12-13,299704.27661510464,347632.806718966,354560.262685747,False
2019-12-16,301819.8362147407,350164.7281080335,357142.63896168105,False
2019-12-17,301876.7060964513,350038.1320385801,357013.5201478844,True
2019-12-18,301899.45404913556,350417.9202469402,352982.77841452457,True
2019-12-19,303150.5914467698,352823.24556655437,355296.62395420513,True
2019-12-20,304697.45222929935,354215.8023305415,357287.4842222412,True
2019-12-23,304993.1756141947,354975.3787472617,358348.15438052197,True
2019-12-24,304993.1756141947,354975.3787472617,358562.296737683,True
2019-12-26,306551.4103730664,358266.8765530495,361192.8437531668,True
2019-12-27,306551.4103730664,358266.8765530495,360831.04805991263,True
2019-12-30,304868.0618744313,355861.55123343534,358353.1666448291,True
2019-12-31,305652.86624203826,356367.9355112488,358847.63059175055,True
2020-01-02,308359.872611465,361684.97042829054,365058.3416258131,True
2020-01-03,306107.8252957234,359279.64510867646,361591.0062876401,True
2020-01-06,307256.5969062784,361684.97042829054,362185.9130132175,True
2020-01-07,306414.92265696084,361305.18221993046,363650.02639035083,True
2020-01-08,307995.90536851686,364343.48788681143,365996.44856190786,True
2020-01-09,310122.838944495,368014.7739009593,369223.04790915287,True
2020-01-10,309235.66878980893,367128.60141478566,367704.2819965321,True
2020-01-13,311282.98453139217,371053.07956784026,371982.9859533842,True
2020-01-14,310862.1474067334,369280.73459549306,370939.1191225081,True
2020-01-15,311555.9599636033,370293.50315112004,370074.62170360156,True
2020-01-16,314160.6005459508,373964.7891652679,374401.4822134083,True
2020-01-17,315229.75432211097,376116.92234597524,376381.0262666361,True
2020-01-21,314570.0636942675,376243.5184154286,376560.02248618,True
2020-01-22,314661.05550500454,376370.114484882,377536.5010743159,True
2020-01-23,314968.15286624205,377382.88304050895,378938.9097604491,True
2020-01-24,312090.53685168334,374091.38523472124,376108.9658425294,True
2020-01-27,307131.48316651495,367381.7935536924,366925.1087091308,True
2020-01-28,310464.05823475885,372572.2324012808,373252.1886631421,True
2020-01-29,310156.9608735214,374091.38523472124,372704.8823175393,True
2020-01-30,311123.7488626024,375104.1537903482,373184.291021267,True
2020-01-31,305539.1264786169,368900.9463871329,364960.05203265516,True
2020-02-03,307768.4258416742,373838.1930958145,369873.2199903439,True
2020-02-04,312511.3739763421,381433.95726301696,378611.6923383707,True
2020-02-05,316037.3066424022,382193.53367973724,381265.8421642477,True
2020-02-06,317117.83439490444,384852.0511382581,383237.72124183644,True
2020-02-07,315502.7297543221,383712.6865131777,379943.2242527164,True
2020-02-10,317766.15104640584,388523.33715240593,385046.5819516699,True
2020-02-11,318346.2238398544,388143.5489440458,387049.763895675,True
2020-02-12,320393.53958143765,391435.04674983356,390950.37282555446,True
2020-02-13,320086.4422202002,391561.6428192869,391306.5834514095,True
2020-02-14,320621.01910828025,393587.1799305409,392272.7443525742,True
2020-02-18,319745.2229299363,393713.7759999943,390694.31857680954,True
2020-02-19,321280.7097361238,396625.4855974219,395593.8632990343,True
2020-02-20,320018.19836214744,393713.7759999943,391742.859559951,True
2020-02-21,316708.3712465878,386877.5882495121,383613.1518640157,True
2020-02-24,306107.8252957234,372445.6363318274,368443.35352915537,True
2020-02-25,296917.652411283,361811.56649774394,357897.5041895206,True
2020-02-26,295598.27115559595,362317.95077555743,358857.14572123,True
2020-02-27,282495.45040946314,344467.9049826317,341498.037033239,False
2020-02-28,280800.7279344859,345860.4617466188,346126.5754485236,False
2020-03-02,293334.84986351227,362571.1429144642,362850.11423300573,False
2020-03-03,285236.5787079163,351557.2848720206,351827.78185232426,False
2020-03-04,297054.1401273885,366115.8328591587,366397.53155092616,False
2020-03-05,287113.28480436763,353076.4377054611,353348.10356000456,True
2020-03-06,282290.71883530484,346746.6342327924,343317.82338372484,True
2020-03-09,260509.5541401274,321174.2282032108,317051.24029260577,True
2020-03-10,273885.3503184713,340290.2346906703,336114.8933761311,True
2020-03-11,260304.82256596908,323832.74566173163,319309.54009258375,True
2020-03-12,235122.838944495,294335.8614790954,288885.16971654334,True
2020-03-13,257097.3612374886,321680.6124810243,316058.3605421333,True
2020-03-16,226910.82802547768,281296.46632539784,274695.1267765973,True
2020-03-17,241765.24112829845,298766.7239099635,293222.56653699436,True
2020-03-18,228548.6806187443,284841.15627009235,276493.0902935737,True
2020-03-19,228753.41219290264,289272.01870096044,280959.9177103468,True
2020-03-20,218789.80891719743,276612.411755623,270720.92323284934,True
2020-03-23,212067.78889899908,272814.52967202174,270915.47139635595,True
2020-03-24,232290.7188353048,298260.33963215,296979.17835329124,True
2020-03-25,235270.7006369427,299146.5121183236,296937.5955641098,True
2020-03-26,249408.55323020928,316363.5775639825,314297.8971742166,True
2020-03-27,241753.86715195634,304843.33524372545,301103.55415771407,True
2020-03-30,249567.78889899908,315604.0011472623,312075.5548199197,True
2020-03-31,245859.87261146496,311679.5229942077,307529.4998597902,True
2020-04-01,234781.61965423106,297753.95535433653,293350.5780041716,True
2020-04-02,240275.2502274795,303070.99027137825,299359.463549361,True
2020-04-03,236726.56960873518,299273.108187777,294955.37337058637,True
2020-04-06,252820.74613284803,321933.80461993103,319311.6401855417,True
2020-04-07,252957.2338489536,320921.03606430406,318312.8338244595,True
2020-04-08,261544.58598726112,329529.5687871335,327442.1937997476,True
2020-04-09,265434.4858962693,332188.0862456543,327020.5086156016,True
2020-04-13,262852.593266606,332821.0665929212,328697.3364191727,True
2020-04-14,270882.6205641492,345607.26960771205,341834.4439669433,True
2020-04-15,264979.52684258414,340796.6189684838,335776.78052637266,True
2020-04-16,266321.6560509554,344721.0971215384,341099.4492066319,True
2020-04-17,273669.2447679709,350797.70845530037,346330.895462763,True
2020-04-20,268744.3130118289,345354.0774688053,340385.5908098191,True
2020-04-21,260532.30209281165,333454.0469401881,327640.86974801536,True
2020-04-22,266264.78616924473,343455.13642700465,339961.3355467323,True
2020-04-23,266207.9162875341,342568.963940831,338426.90339429874,True
2020-04-24,270075.06824385806,347885.99885787274,344138.8460944468,True
2020-04-27,273976.3421292084,350924.3045247537,347508.3050146943,True
2020-04-28,272702.4567788899,345480.67353825865,343017.2287683445,True
2020-04-29,279731.57415832573,357254.10799742246,356008.2647808806,True
2020-04-30,277297.5432211101,358393.4726225028,352885.4160500353,True
2020-05-01,269733.84895359416,348645.575274593,341260.06158782117,True
2020-05-04,270586.89717925387,352190.2652192875,344816.7620480205,True
2020-05-05,273077.79799818015,356621.1276501556,349199.8423830932,True
2020-05-06,271246.58780709736,357380.70406687586,350896.84240455885,True
2020-05-07,274454.0491355778,362444.5468450108,355357.8938442768,True
2020-05-08,279037.76160145586,367002.00534533226,361139.19341372536,True
2020-05-11,279083.2575068244,369407.3306649464,362877.5321587815,True
2020-05-12,273464.51319381257,362064.7586366507,354871.0519767463,True
2020-05-13,268619.1992720655,357254.10799742246,349704.18090066226,True
2020-05-14,271860.7825295724,360292.4136643034,354619.20511454984,True
2020-05-15,273077.79799818015,363583.91147009115,354595.27563740104,True
2020-05-18,281426.296633303,371939.2520540139,364750.21573764924,True
2020-05-19,278764.7861692448,370420.09922057344,363297.6746395489,True
2020-05-20,283314.37670609646,377256.2869710556,371847.8193733823,True
2020-05-21,281278.4349408553,374217.98130417464,366993.7065123238,True
2020-05-22,281915.37761601456,375357.34592925495,368012.6489206633,True
2020-05-26,285543.67606915376,375863.7302070685,369273.4289404679,True
2020-05-27,289706.55141037307,378015.86338777584,372379.9319710705,True
2020-05-28,289126.47861692443,378648.8437350427,370524.0520215489,True
2020-05-29,290434.4858962693,381560.55333247036,374672.79420134274,True
2020-06-01,291696.9972702456,384219.07079099125,376375.3020205144,True
2020-06-02,294096.9062784349,386877.5882495121,380346.64922065416,True
2020-06-03,297975.432211101,389536.1057080329,385224.0588225644,True
2020-06-04,297213.37579617836,385738.2236244317,383804.49833517976,True
2020-06-05,304822.5659690628,394473.35241671454,392603.7962780352,True
2020-06-08,308519.10828025476,397385.06201414217,394293.35712770995,True
2020-06-09,306323.93084622384,399030.810917036,395659.44543405646,True
2020-06-10,304413.10282074613,402828.69300063717,398913.8699988212,True
2020-06-11,286863.05732484075,381813.7454713771,377027.6615327214,True
2020-06-12,290320.746132848,385611.6275549783,381233.7837863623,True
2020-06-15,292970.88262056414,389409.50963857956,385333.3232294315,True
2020-06-16,298703.36669699725,396878.6777363287,392324.52483034524,True
2020-06-17,297338.4895359418,397638.2541530489,394067.2083664325,True
2020-06-18,297600.0909918107,398271.23450031574,394350.7372015571,True
2020-06-19,295848.49863512284,396625.4855974219,392657.2564021942,True
2020-06-22,297804.822565969,401942.52051446366,397432.7171947944,True
2020-06-23,299158.3257506824,405360.6143897047,400207.9077826928,True
2020-06-24,291503.6396724295,395612.7170417949,390942.7838444482,True
2020-06-25,294597.3612374886,399916.9834032096,394734.6721426129,True
2020-06-26,287693.3575978162,389789.29784693965,385492.79671770387,True
2020-06-29,291890.35486806184,394220.1602778078,389738.82650891144,True
2020-06-30,295780.2547770701,401815.9244450102,397823.69058005605,True
2020-07-01,297804.822565969,406753.1711536919,399950.0529347293,True
2020-07-02,299306.18744313007,408652.1121954925,403039.0713721725,True
2020-07-06,303946.76979071886,418273.4134739489,412999.7134029445,True
2020-07-07,300796.178343949,414475.53139034763,408846.9066683475,True
2020-07-08,303036.8516833485,420172.35451574944,414535.576741402,True
2020-07-09,301489.9909008189,422197.8916270036,418040.6851616883,True
2020-07-10,304515.4686078253,424603.21694661764,419246.04956949095,True
2020-07-13,301762.96633303,415994.6842237882,411464.2869627093,True
2020-07-14,305800.7279344859,420298.9505852029,416497.22598944587,True
2020-07-15,308507.7343039127,422451.08376591024,417449.06828343717,True
2020-07-16,307609.19017288444,418906.39382121584,414874.5332454075,True
2020-07-17,308428.11646951776,420172.35451574944,416324.7693610394,True
2020-07-20,310998.63512283895,430679.8282803796,426122.03001073014,True
2020-07-21,311646.9517743403,427514.9265440453,423280.57693429093,True
2020-07-22,313421.29208371247,429920.25186365936,425871.6143345575,True
2020-07-23,309667.8798908098,419539.37416848267,416543.7230161169,True
2020-07-24,307666.06005459506,417893.62526558875,414157.42983428016,True
2020-07-27,309906.73339399457,423970.23659935076,423309.86960403057,True
2020-07-28,307984.53139217466,419032.9898906691,416569.6651826269,True
2020-07-29,311715.19563239306,424603.21694661764,423570.5627102837,True
2020-07-30,310577.79799818015,425615.9855022446,425467.78138339566,True
2020-07-31,313171.0646041856,432578.76932218025,429591.74440335436,True
2020-08-03,315150.1364877161,437516.0160308618,435304.0878310876,True
2020-08-04,316469.5177434031,438908.57279484894,438152.5914086115,True
2020-08-05,318448.58962693356,441693.68632282317,440217.8736915825,True
2020-08-06,320586.89717925387,447643.7015871317,444157.6835239094,True
2020-08-07,320757.5068243858,443466.0312951705,439731.1764291673,True
2020-08-10,321769.79071883525,441693.68632282317,438580.9473971385,True
2020-08-11,319176.5241128298,434984.09464179433,432053.3391504198,True
2020-08-12,323544.1310282074,444099.01164243725,442443.4670886334,True
2020-08-13,322998.1801637853,446251.14482314466,442702.4728863927,True
2020-08-14,322998.1801637853,445364.972336971,441944.63636877044,True
2020-08-17,324044.5859872611,449922.4308372925,447033.111498866,True
2020-08-18,324715.6505914468,453846.9089903471,448967.70071836445,True
2020-08-19,323339.3994540491,451694.7758096397,446660.6169945655,True
2020-08-20,324363.05732484075,457011.8107266815,449342.3163465043,True
2020-08-21,325523.2029117379,460050.11639356246,452407.2607016835,True
2020-08-24,328833.03002729756,463468.2102688036,455959.02281063516,True
2020-08-25,329981.8016378526,467012.90021349804,459926.89901618817,True
2020-08-26,333348.49863512284,478026.7582559415,468381.05169351894,True
2020-08-27,334019.5632393085,476760.79756140785,465621.24560582207,True
2020-08-28,336191.9927206551,479799.1032282888,469843.4212665985,True
2020-08-31,335009.0991810737,481824.6403395428,471056.8304632875,True
2020-09-01,338136.94267515925,489040.6162983852,478730.97980105877,True
2020-09-02,343061.8744313012,493851.26693761337,485709.89128253056,True
2020-09-03,331187.4431301183,469798.01374147227,461436.3712330343,True
2020-09-04,328537.3066424022,462961.82599099004,454827.7095577899,True
2020-09-08,319506.3694267516,444352.203781344,436004.5894195021,True
2020-09-09,325818.92629663326,457771.38714340166,448976.0467743602,True
2020-09-10,320120.5641492265,448783.06621221214,441065.29046947876,True
2020-09-11,320359.4176524113,446504.33696205146,439225.3072650986,True
2020-09-14,324522.2929936306,453467.12078198703,446950.5033100825,True
2020-09-15,326194.2675159236,459670.32818520244,454014.14410417725,True
2020-09-16,324874.88626023656,453213.9286430802,447869.5006244709,True
2020-09-17,322031.3921747043,446884.1251704115,443138.2921604686,True
2020-09-18,318289.35395814374,440301.12955883605,436562.34291659086,True
2020-09-21,314831.6651501365,441187.3020450097,437244.05230005586,True
2020-09-22,318016.37852593267,448783.06621221214,443615.8508857202,True
2020-09-23,310646.0418562329,435617.07498906116,431438.485815712,True
2020-09-24,311510.46405823476,436756.43961414165,433340.6307831928,True
2020-09-25,316492.2656960873,446757.5291009582,441823.82000779314,True
2020-09-28,321792.53867151955,454353.29326816055,450418.79857356194,True
2020-09-29,319961.32848043676,453467.12078198703,450498.456986701,True
2020-09-30,322418.1073703367,456252.2343099612,452251.56255798397,True
2020-10-01,324465.4231119199,462582.0377826299,459959.7229649096,True
2020-10-02,321451.3193812557,452454.35222636,448791.58026274,True
2020-10-05,327070.06369426753,461695.8652964564,459757.66034277534,True
2020-10-06,322497.72520473157,453087.3325736268,452531.70780211856,True
2020-10-07,328025.4777070063,461062.8849491895,461012.05876842927,True
2020-10-08,330937.2156505914,463215.0181298968,464209.94088515436,True
2020-10-09,333883.07552320295,470684.1862276459,471840.66346325615,True
2020-10-12,339262.96633302997,482204.4285479031,482415.926820024,True
2020-10-13,337090.53685168334,480558.67964500905,480829.052944991,True
2020-10-14,334986.3512283894,477520.3739781281,477939.2347576345,True
2020-10-15,334588.2620564149,474228.87617234036,475077.61549174046,True
2020-10-16,334303.9126478617,472456.53119999316,472945.24515130016,True
2020-10-19,329253.86715195636,464734.17096333735,466834.9652408173,True
2020-10-20,330550.50045495905,466633.1120051379,468279.4374362732,True
2020-10-21,329959.0536851683,466126.7277273244,467018.6815302268,True
2020-10-22,331767.5159235669,465367.1513106041,466433.26547037385,True
2020-10-23,332904.9135577798,467645.8805607648,467694.61493663676,True
2020-10-26,326774.3403093722,459543.7321157489,459018.9836699272,True
2020-10-27,325693.8125568699,462835.2299215367,460852.7539990301,True
2020-10-28,314479.0718835305,443592.62736462377,442964.2838546813,True
2020-10-29,317788.8989990901,450175.62297619926,450842.1710662018,True
2020-10-30,314217.4704276615,440680.91776719614,441914.2922097108,True
2020-11-02,317879.89080982713,441693.68632282317,443659.2325007503,True
2020-11-03,323475.88717015466,449289.4504900256,451774.5281345515,True
2020-11-04,330766.6060054595,468278.8609080318,470102.3608888371,True
2020-11-05,337238.398544131,479799.1032282888,483814.43834750686,True
2020-11-06,337204.27661510464,480305.4875061023,486460.8551891382,True
2020-11-09,341401.2738853503,473216.1076167133,479857.5687633637,True
2020-11-10,340957.6888080073,465113.95917169744,469590.6826599529,True
2020-11-11,343357.5978161965,474102.280102887,480942.7736602442,True
2020-11-12,340184.25841674244,524590.5212678825,515810.99161832896,True
2020-11-13,344813.4667879891,533886.3209331569,524534.2592645993,True
2020-11-16,348987.71610555047,542376.9725959271,534612.6532486539,True
2020-11-17,347247.49772520474,539668.7474965953,530993.2893596048,True
2020-11-18,343039.12647861696,533081.1729306529,525556.5021295914,True
2020-11-19,344472.24749772524,533666.7351142921,527850.24491024,True
2020-11-20,342163.33030027297,531104.9005608701,525276.4354337932,True
2020-11-23,344187.89808917197,537546.0845809027,532120.6470287151,True
2020-11-24,349761.14649681526,549037.7424348246,540818.2477917697,True
2020-11-25,349192.4476797088,545231.5882411689,538083.671510831,True
2020-11-27,350181.98362147406,545451.1740600336,540216.4669310423,True
2020-11-30,348612.37488626025,540034.7238613699,537919.930014023,True
2020-12-01,352445.40491355775,545158.392968214,544333.823946637,True
2020-12-02,353196.08735213825,548891.3518889146,547623.7930561545,True
2020-12-03,353082.347588717,549696.4998914187,548142.8522356153,True
2020-12-04,356130.5732484076,556576.8555491809,557573.879200583,True
2020-12-07,355470.88262056414,552477.9202637055,555541.2525864263,True
2020-12-08,356494.54049135576,555552.1217278121,557953.945605474,True
2020-12-09,353332.57506824384,555771.7075466769,553161.8251549592,True
2020-12-10,353161.9654231119,553429.4588121194,551599.228704578,True
2020-12-11,352707.0063694268,552990.2871743899,550025.4562362755,True
2020-12-14,351091.9017288444,546549.1031543574,546980.1841703505,True
2020-12-15,355948.58962693356,553795.4351768941,554611.1940959133,True
2020-12-16,356494.54049135576,553136.6777202997,554074.0320968698,True
2020-12-17,358428.11646951776,555186.1453630374,555506.4039090038,True
2020-12-18,356994.9954504095,553283.0682662097,553600.0336158406,True
2020-12-21,355891.7197452229,496358.4067418184,512165.92173210566,True
2020-12-22,355197.90718835307,497498.00512464397,512728.46355749253,True
2020-12-23,355482.2565969063,494332.45406123955,509299.3469466025,True
2020-12-24,356904.0036396725,496864.8949119632,512745.51636598667,True
2020-12-28,360009.09918107366,503069.37499623577,516960.1863492482,True
2020-12-29,359247.0427661511,502562.88682609115,516211.91594614286,True
2020-12-30,359724.74977252044,501676.53252833785,518342.9614242849,True
2020-12-31,361669.6997270246,502689.5088686273,519481.02753379085,True
2021-01-04,356767.5159235669,495472.05244406516,514535.9098120382,True
2021-01-05,359110.5550500455,498131.1153373249,519163.6900066935,True
2021-01-06,361282.98453139217,491926.63525305217,514168.82274329197,True
2021-01-07,366685.62329390354,502689.5088686273,528442.4749200075,True
2021-01-08,368744.3130118289,557875.414935011,569266.3285571286,True
2021-01-11,366333.0300272975,559507.8748005969,572787.9797848864,True
2021-01-12,366367.15195632394,560785.4520867077,574467.6953123726,True
2021-01-13,367288.4440400364,561566.193761553,574199.8280477792,True
2021-01-14,366048.6806187443,563837.4422701943,579774.7091594248,True
2021-01-15,363432.66606005456,558159.3209985911,572432.6158074215,True
2021-01-19,366310.28207461326,560501.5460231274,579564.5427469894,True
2021-01-20,371280.70973612374,561424.2407297629,579576.1661046618,True
2021-01-21,371633.3030027298,558869.0861575415,580174.4588616865,True
2021-01-22,370302.54777070065,555391.2368786846,574496.9365914823,True
2021-01-25,371815.2866242038,555533.1899104747,575237.7355043977,True
2021-01-26,371257.9617834395,553616.8239813086,571016.7350263543,True
2021-01-27,362249.77252047317,540202.2624771461,553269.3915366685,True
2021-01-28,365286.6242038217,547299.9140666501,561714.9729381829,True
2021-01-29,357973.15741583257,538072.967000295,552032.0042420197,True
2021-02-01,363853.50318471337,541266.9102155718,560346.1436681778,True
2021-02-02,369085.5323020928,548293.5852891806,567729.3894614344,True
2021-02-03,369449.49954504095,550422.8807660318,566312.695433297,True
2021-02-04,373589.62693357596,556242.955069425,572456.8144152372,True
2021-02-05,375079.61783439486,558159.3209985911,572733.464469293,True
2021-02-08,377854.8680618744,563056.7005953488,581633.7152144306,True
2021-02-09,377547.77070063696,562630.8414999786,580835.352997993,True
2021-02-10,377399.9090081893,562630.8414999786,581249.8544306083,True
2021-02-11,378014.10373066424,562417.9119522935,587108.1677842718,True
2021-02-12,379936.3057324841,565185.9960722,590900.2029038175,True
2021-02-16,379572.33848953596,565469.9021357802,592154.4531334816,True
2021-02-17,379663.33030027297,568379.9392874768,591004.7222244448,True
2021-02-18,378036.8516833485,565682.8316834654,587212.0381261033,True
2021-02-19,377343.0391264786,565611.8551675703,590749.2333039456,True
2021-02-22,374374.43130118283,569018.7279305322,587081.267253647,True
2021-02-23,374852.1383075523,571502.9059868585,587359.3911440034,True
2021-02-24,378992.2656960873,578884.4636399427,598062.027116191,True
2021-02-25,369904.45859872614,569941.4226371677,582085.5450866086,True
2021-02-26,367879.89080982713,561850.0998251332,579318.2304280509,False
2021-03-01,376853.958143767,573987.084043185,614266.0356376171,False
2021-03-02,373930.84622383985,572709.5067570743,612898.8056831869,False
2021-03-03,369005.9144676979,572141.6946299139,612291.1479256623,False
2021-03-04,364456.32393084624,566676.5029059959,606442.4420094886,False
2021-03-05,371132.84804367606,579168.3697035228,619810.9126750284,False
2021-03-08,369313.01182893536,585414.3031022864,626495.1480077985,False
2021-03-09,374488.1710646042,584065.7493002806,625051.9608336777,False
2021-03-10,376797.08826205635,591234.3774056796,632723.6400224249,False
2021-03-11,380777.9799818016,590240.706183149,631660.2389467569,False
2021-03-12,381312.5568698817,594854.1797163266,636597.4582266439,False
2021-03-15,383519.10828025476,595280.0388116968,637053.2015447873,False
2021-03-16,383086.89717925387,592582.9312076853,634166.8271965455,False
2021-03-17,384338.0345768881,594073.4380414812,635761.9288100476,False
2021-03-18,378696.54231119197,592653.9077235804,634242.7844162362,False
2021-03-19,378014.10373066424,589956.800119569,631356.4100679947,False
2021-03-22,381005.45950864424,590808.5183103093,632267.8967042813,False
2021-03-23,378207.4613284804,585343.3265863913,626419.1907881078,False
2021-03-24,376114.6496815287,586407.974324817,627558.5490834663,False
2021-03-25,378230.2092811647,592724.8842394755,634318.7416359269,False
2021-03-26,384394.9044585987,603229.4085919412,645560.4101501307,False
2021-03-29,384167.4249317561,603087.4555601511,645408.4957107496,False
2021-03-30,383189.262966333,601454.9956945652,643661.4796578665,False
2021-03-31,384702.0018198362,599112.770670029,641154.8914080778,False
2021-04-01,388785.2593266606,601738.9017581454,643965.3085366288,False
2021-04-05,394392.62966333027,606352.375291323,648902.5278165159,False
2021-04-06,394165.15013648773,605287.7275528974,647763.1695211572,False
2021-04-07,394665.6050955414,605287.7275528974,647763.1695211572,True
2021-04-08,396587.80709736125,605216.7510370023,625818.8151853454,True
2021-04-09,399431.30118289357,608552.6472840692,627914.7210478034,True
2021-04-12,399613.2848043676,608978.5063794395,626238.5083347376,True
2021-04-13,400705.186533212,606778.2343866932,624254.3328738185,True
2021-04-14,399419.9272065514,609049.4828953345,624330.0209411104,True
2021-04-15,403707.9162875341,612527.3321741915,629091.8297304121,True
2021-04-16,405118.28935395816,616431.0405484185,631351.1050099103,True
2021-04-19,403127.84349408554,614869.5571987277,625982.5981012691,True
2021-04-20,400170.6096451319,610752.9192768155,620581.0368397788,True
2021-04-21,403924.0218380345,616714.9466119988,629346.8349780681,True
2021-04-22,400216.10555050045,611107.8018562907,621444.7924805623,True
2021-04-23,404481.3466787989,615437.369325888,628450.2375380216,True
2021-04-26,405357.1428571429,613521.003396722,629876.5371104258,True
2021-04-27,405232.02911737945,556095.5633752156,585778.0646085809,True
2021-04-28,405038.6715195632,555074.0330636194,582264.405172251,True
2021-04-29,407745.67788899,556989.4023978623,585253.8140691298,True
2021-04-30,405050.0454959054,552903.2811514772,577267.3730365712,True
2021-05-03,405971.33757961786,550477.1466614362,573535.9179712612,True
2021-05-04,403503.1847133758,542049.5215907671,565231.6104550267,True
2021-05-05,403571.4285714286,539368.0045228269,563954.804987767,True
2021-05-06,406858.50773430394,542560.2867465651,567668.3799706212,False
2021-05-07,409770.2456778889,546646.4079929502,577004.2980062405,False
2021-05-10,405755.2320291174,534771.1181206437,564469.516479826,False
2021-05-11,402195.17743403086,533494.2052311483,563121.6905092438,False
2021-05-12,393607.8252957234,519192.7808688006,548026.039638723,False
2021-05-13,398282.5295723385,523917.3585599334,553012.9957298773,False
2021-05-14,404401.72884440393,534132.6616758959,563795.6034945347,False
2021-05-17,403423.5668789809,531578.8358969054,561099.9515533706,False
2021-05-18,399943.1301182893,527620.4059394698,556921.6910445656,False
2021-05-19,398885.3503184713,527365.0233615707,556652.1258504492,False
2021-05-20,403139.2174704276,536686.4874548867,566491.2554356992,False
2021-05-21,402832.1201091901,533877.2790979969,563526.0383004184,False
2021-05-24,406904.0036396724,542432.5954576156,572556.4723033191,False
2021-05-25,406050.9554140127,543709.5083471109,573904.2982739013,True
2021-05-26,406790.2638762511,544731.0386587072,570933.608704895,True
2021-05-27,406960.8735213831,543581.8170581614,570894.9299960041,True
2021-05-28,407757.05186533206,544475.6560808081,573451.0343816058,True
2021-06-01,407438.5805277525,542560.2867465651,571781.6922586968,True
2021-06-02,408132.39308462234,543837.1996360605,573727.9520582375,True
2021-06-03,406574.1583257506,538218.782922281,566637.0001978677,True
2021-06-04,410259.32666060055,545752.5689703035,575967.3603778091,True
2021-06-07,409918.10737033666,546774.0992818997,575843.00508075,True
2021-06-08,409974.9772520473,547029.4818597988,574616.8127698547,True
2021-06-09,409326.6606005459,547284.8644376978,574276.6496013139,True
2021-06-10,411226.11464968155,552647.8985735782,580457.7386566491,True
2021-06-11,411942.6751592356,554690.9591967707,582571.7076336618,True
2021-06-14,412977.7070063693,559670.9194658025,588586.5165143671,True
2021-06-15,412113.2848043676,556734.0198199633,584905.4745725878,True
2021-06-16,409849.86351228383,553924.8114630736,581366.8791427587,True
2021-06-17,409702.00181983627,560947.8323552979,588499.7558806993,True
2021-06-18,404265.2411282985,557372.4762647109,581427.9144722397,True
2021-06-21,409918.10737033666,561969.3626668941,585270.8907394618,True
2021-06-22,412101.91082802543,567843.1619585727,590723.554763706,True
2021-06-23,411658.32575068244,568481.6184033203,592060.7138989375,True
2021-06-24,414012.73885350325,571035.444182311,596756.8154516523,True
2021-06-25,415536.8516833485,570652.3703154624,595786.9317205618,True
2021-06-28,416401.2738853503,576143.0957402922,604067.9210326908,True
2021-06-29,416594.6314831665,577803.0824966362,606846.6813858894,True
2021-06-30,416969.9727024568,577036.934762939,606472.9136443888,True
2021-07-01,419324.38580527756,578952.304097182,605230.0650892636,True
2021-07-02,422509.0991810737,585592.2511225577,611118.3241454893,True
2021-07-06,421712.92083712463,589678.3723689427,614082.529132295,True
2021-07-07,423168.7898089172,591593.7417031857,613025.1300443717,True
2021-07-08,419802.09281164693,587635.3117457503,607744.5162131926,True
2021-07-09,424226.5696087352,591976.8155700343,613912.5881895681,True
2021-07-12,425762.05641492264,593509.1110374287,617359.3860876325,True
2021-07-13,424328.93539581436,593381.4197484792,616880.4107388174,True
2021-07-14,424909.00818926294,595041.4065048231,617715.4351422305,True
2021-07-15,423544.1310282074,591849.1242810849,610473.3666743629,True
2021-07-16,420245.67788899,587635.3117457503,603733.4005340735,True
2021-07-19,413967.24294813466,580484.5995645764,598415.5958375067,True
2021-07-20,419813.4667879891,588273.7681904979,606245.0405573415,True
2021-07-21,423339.3994540491,591849.1242810849,613818.2403716274,True
2021-07-22,424237.94358507736,596701.393261167,616338.8593441756,True
2021-07-23,428480.4367606916,605895.1660655335,624409.4178066676,True
2021-07-26,429572.33848953596,607555.1528218774,625436.7505748112,True
2021-07-27,427661.5104640583,601553.6622412493,617884.1862937735,True
2021-07-28,427434.03093721566,602064.4273970474,621359.1961079453,True
2021-07-29,429276.6151046406,602447.501263896,624952.7863671473,True
2021-07-30,427172.4294813467,597467.5409948643,622186.7294055816,True
2021-08-02,426308.00727934483,596318.3193943185,622615.0822106323,True
2021-08-03,429754.32211101,599510.6016180569,626622.1813628987,True
2021-08-04,427695.6323930846,600021.3667738549,629005.1142721011,True
2021-08-05,430368.516833485,604745.9444649876,632289.9141704671,True
2021-08-06,431107.82529572333,603213.6489975933,630161.8932424678,True
2021-08-09,430698.36214740673,603213.6489975933,629605.5556422762,True
2021-08-10,431232.9390354868,600021.3667738549,624891.0071159146,True
2021-08-11,432267.97088262055,598999.8364622586,623655.4212563221,True
2021-08-12,433530.4822565969,601936.736108098,623847.3582272892,True
2021-08-13,434394.90445859876,604362.870598139,626807.5887586714,True
2021-08-16,435429.93630573247,605639.7834876344,626974.9097731475,True
2021-08-17,432563.69426751585,600149.0580628045,619518.1439157194,False
2021-08-18,427911.7379435851,594402.9500600755,617857.4454533987,False
2021-08-19,428514.5586897179,596829.0845501167,620379.3125776985,False
2021-08-20,431904.0036396724,603469.0315754922,627281.2647073604,False
2021-08-23,435725.6596906279,611258.2002014138,635377.7854748486,False
2021-08-24,436419.4722474977,611896.6566461615,636041.4347180853,False
2021-08-25,437215.6505914467,611896.6566461615,636041.4347180853,False
2021-08-26,434667.8798908099,608321.3005555746,632324.9989559597,False
2021-08-27,438523.6578707916,614322.7911362026,638563.301842385,False
2021-08-30,440536.8516833485,621090.4294505279,645597.9838206943,True
2021-08-31,439786.1692447679,620068.8991389317,638466.2509371896,True
2021-09-01,440252.50227479526,621728.8858952755,639383.6730648545,True
2021-09-02,441560.50955414015,620962.7381615783,639282.5874072937,True
2021-09-03,441389.8999090081,622750.4162068719,642118.6132641298,True
2021-09-07,439763.4212920836,624538.0942521652,643032.0890351476,True
2021-09-08,439342.58416742494,623261.1813626699,639613.4464125695,True
2021-09-09,437363.51228389447,620451.9730057803,638336.9564094036,True
2021-09-10,433985.4413102821,615216.6301588493,635938.3803080017,True
2021-09-13,435009.09918107366,614067.4085583036,636512.9528163003,True
2021-09-14,432745.67788899,613684.334691455,636358.6794174346,True
2021-09-15,436362.602365787,618281.2210936381,640367.3559522978,True
2021-09-16,435611.91992720653,618664.2949604867,640922.7179886918,True
2021-09-17,431335.304822566,611896.6566461615,632637.5396816971,True
2021-09-20,424294.813466788,600021.3667738549,619432.6379489814,True
2021-09-21,423885.3503184713,600915.2057965017,620470.2692020689,True
2021-09-22,427968.6078252957,606916.6963771298,628142.6475734934,True
2021-09-23,433143.7670609644,613045.8782467073,634946.7379245992,True
2021-09-24,433860.32757051865,614195.0998472531,635271.1999420576,True
2021-09-27,432631.9381255686,608832.0657113726,630698.1194704585,True
2021-09-28,423987.71610555047,590827.5939694886,610039.0875560046,True
2021-09-29,424658.7807097361,590061.4462357914,606763.8660297443,True
2021-09-30,419278.889899909,586230.7075673053,603775.9840138803,True
2021-10-01,424294.813466788,592998.3458816306,608852.3988431216,True
2021-10-04,419074.1583257506,579718.4518308792,594570.1644555806,False
2021-10-05,423146.0418562329,587379.9291678512,607303.1867856659,False
2021-10-06,425022.7479526842,591593.7417031857,611659.9270386935,False
2021-10-07,428685.1683348498,597084.4671280156,617336.8916108203,False
2021-10-08,427877.6160145587,594658.3326379745,614828.4654045319,False
2021-10-11,424761.1464968153,590572.2113915895,610603.7475834142,False
2021-10-12,423908.0982711555,589422.9897910437,609415.5456962248,False
2021-10-13,425272.9754322111,593381.4197484792,613508.2410854326,False
2021-10-14,432415.8325750682,603341.3402865428,623805.9907744069,False
2021-10-15,435782.52957233845,608576.6831334736,629218.9104827138,False
2021-10-18,437113.2848043676,614833.5562920007,635688.0096463005,False
2021-10-19,440514.10373066424,618919.6775383857,639912.7274674181,False
2021-10-20,442231.57415832573,617387.3820709914,638328.4582844989,False
2021-10-21,443312.10191082803,621856.5771842251,642949.2434013464,False
2021-10-22,442868.516833485,616748.9256262437,637668.3461249493,False
2021-10-25,445166.060054595,622111.9597621241,643213.2882651662,False
2021-10-26,445586.89717925387,624027.3290963671,645193.6247438152,False
2021-10-27,443653.32120109187,625815.0071416605,647041.9387905541,False
2021-10-28,447986.80618744314,631688.806433339,653114.9706584108,False
2021-10-29,448782.98453139217,634625.7060791784,656151.4865923392,False
2021-11-01,449727.0245677889,634498.0147902288,656019.4641604292,False
2021-11-02,451478.6169244768,636030.3102576232,657603.7333433483,False
2021-11-03,454196.9972702456,641265.653104554,663016.6530516554,False
2021-11-04,456323.93084622384,648799.4391525765,670805.976534341,True
2021-11-05,457870.7916287534,649948.6607531223,667797.4527175209,True
2021-11-08,458428.11646951776,649437.8955973241,670981.7908124262,True
2021-11-09,456824.38580527756,645607.1569288382,668475.550053257,True
2021-11-10,453139.2174704276,636668.7667023708,655657.0945205993,True
2021-11-11,453298.45313921757,636413.3841244718,658979.7082557875,True
2021-11-12,456665.1501364877,644713.3179061915,667003.3638530124,True
2021-11-15,456881.2556869882,644330.2440393429,666459.8864350625,True
2021-11-16,458621.47406733397,649437.8955973241,672752.1658601332,True
2021-11-17,457518.1983621474,649054.8217304755,671270.2883494978,True
2021-11-18,459099.1810737034,655822.4600448008,681126.6141477646,True
2021-11-19,458234.7588717015,658759.3596906401,684556.6577717516,True
2021-11-22,457029.11737943586,650587.1171978699,675507.3049976226,True
2021-11-23,457620.5641492265,647267.1436851821,671620.343346764,True
2021-11-24,458746.5878070973,650714.8084868195,676165.4444106945,True
2021-11-26,448760.23657870793,636796.4579913204,660142.1428866518,True
2021-11-29,454185.62329390354,649310.2043083747,677198.7906525156,True
2021-11-30,445495.90536851686,640499.5053708568,666482.70802973,True
2021-12-01,440366.2420382165,629007.2893653988,657446.5274065722,True
2021-12-02,447088.2620564149,634881.0886570774,662223.3907314672,True
2021-12-03,443130.11828935397,624538.0942521652,652434.9459726313,True
2021-12-06,448419.017288444,631816.4977222886,656937.2759619193,True
2021-12-07,457643.3121019108,649565.5868862737,679466.741313532,True
2021-12-08,458928.5714285714,654545.5471553054,682165.8376341916,True
2021-12-09,455800.72793448594,647011.7611072831,671668.4372974777,True
2021-12-10,460145.5868971793,653524.0168437092,677672.8069780176,True
2021-12-13,456062.3293903549,644457.9353282923,665800.2507023629,True
2021-12-14,452968.6078252957,635774.9276797241,658364.5651086579,True
2021-12-15,460043.2211101001,648799.4391525765,675990.517017053,True
2021-12-16,455891.7197452229,634114.9409233802,656391.1181965712,True
2021-12-17,451160.14558689727,630411.8935438438,652785.9763449958,True
2021-12-20,446280.7097361237,678019.7657469853,686181.8597080151,False
2021-12-21,454196.9972702456,684497.1980303131,718129.8408879773,False
2021-12-22,458780.7097361237,689227.9070012829,723092.9923667352,False
2021-12-23,461612.8298453139,693085.2543160736,727139.869726338,False
2021-12-27,468198.36214740673,700072.1475655058,734470.0626795804,False
2021-12-28,467845.7688808007,701527.7503258042,735997.1862115059,False
2021-12-29,468414.4676979072,702837.7928100727,737371.5973902389,False
2021-12-30,467083.71246587805,701818.870877864,736302.610917891,False
2021-12-31,465809.82711555954,701818.870877864,736302.610917891,False
2022-01-03,468664.695177434,705093.9770885352,739738.6388647234,False
2022-01-04,468471.33757961774,712735.8915801018,747756.0374073324,False
2022-01-05,459497.2702456779,709824.686059505,744701.7903434813,False
2022-01-06,458883.0755232029,709751.90592149,744625.4341668851,False
2022-01-07,457290.71883530484,713463.6929602509,748519.5991732953,False
2022-01-10,456699.27206551406,713027.0121321614,748061.4621137176,False
2022-01-11,460691.5377616015,718194.4019312207,753482.7506520532,False
2022-01-12,462067.78889899905,717976.0615171759,753253.6821222644,False
2022-01-13,455698.3621474067,715428.7566866537,750581.2159413947,False
2022-01-14,455834.8498635123,714919.2957205493,750046.7227052207,False
2022-01-18,447850.3184713375,705457.8777786099,740120.4197477049,False
2022-01-19,443141.49226569606,699417.1263233715,733782.8570902138,False
2022-01-20,438262.05641492264,694322.5166623272,728437.9247284746,False
2022-01-21,429651.9563239309,686826.1624467906,720573.2385390582,False
2022-01-24,431449.04458598717,686243.9213426713,719962.3891262879,False
2022-01-25,426205.64149226574,685880.0206525966,719580.6082433065,False
2022-01-26,425250.22747952683,683187.1555460446,716755.4297092443,False
2022-01-27,423100.54595086444,681949.893199791,715457.3747071077,False
2022-01-28,433462.23839854414,690537.9494855513,724467.4035454681,False
2022-01-31,441389.8999090081,695123.0981804914,729277.8426710337,False
2022-02-01,444278.88989990903,700508.8283935953,734928.199739158,False
2022-02-02,448510.00909918104,706767.9202628783,741494.8309264379,False
2022-02-03,438091.44676979067,701163.8496357296,735615.4053285245,False
2022-02-04,440150.1364877161,700290.4879795505,734699.1312093693,False
2022-02-07,438694.26751592354,701236.6297737445,735691.7615051208,False
2022-02-08,442242.94813466794,705748.9983306695,740425.84445409,False
2022-02-09,448737.4886260237,711425.8490958331,746381.6262285995,False
2022-02-10,440843.9490445859,701382.1900497744,735844.4738583134,False
2022-02-11,432051.86533212004,694104.1762482824,728208.8561986858,False
2022-02-14,430652.8662420382,689300.6871392977,723169.3485433315,False
2022-02-15,437568.24385805277,695996.4598366703,730194.116790189,False
2022-02-16,438091.44676979067,697015.3817688791,731263.1032625368,False
2022-02-17,428776.160145587,687772.3042409845,721565.8688348097,False
2022-02-18,426023.6578707916,684861.0987203877,718511.6217709586,False
2022-02-22,421371.70154686074,679912.0493353732,713319.4017624119,False
2022-02-23,413785.2593266606,673143.4964999857,706218.2773389581,False
2022-02-24,420143.3121019108,670013.9505653443,702934.9617453184,False
2022-02-25,429310.73703366687,690537.9494855513,724467.4035454681,False
2022-02-28,428241.5832575069,686535.0418947309,720267.8138326729,False
2022-03-01,421815.2866242038,676855.2835387466,710112.4423453683,False
2022-03-02,429560.9645131938,690537.9494855513,724467.4035454681,False
2022-03-03,427399.9090081892,692211.8926598945,726223.5956071825,False
2022-03-04,423953.5941765242,692939.6940400437,726987.1573731452,False
2022-03-07,411430.8462238398,679620.9287833135,713013.9770560267,False
2022-03-08,408325.75068243855,671906.2341537321,704920.2223368215,False
2022-03-09,419210.6460418562,682386.5740278806,715915.5117666853,False
2022-03-10,417345.3139217471,681440.4322336866,714922.8814709337,False
2022-03-11,412022.2929936306,676564.1629866869,709807.0176389832,False
2022-03-14,409008.18926296633,677583.0849188957,710876.0041113311,False
2022-03-15,417982.2565969062,685734.4603765667,719427.8958901139,False
2022-03-16,427331.66515013645,693449.1550061482,727521.6506093192,False
2022-03-17,432563.69426751585,701891.6510158788,736378.9670944873,False
2022-03-18,437340.7643312102,702983.3530861026,737524.3097434314,False
2022-03-21,437363.51228389447,706404.0195728038,741113.0500434565,False
2022-03-22,442436.30573248415,710334.1470256094,745236.2835796552,False
2022-03-23,436737.94358507736,703056.1332241175,737600.6659200276,False
2022-03-24,443232.4840764331,710479.7073016393,745388.995932848,False
2022-03-25,445484.5313921747,717175.4799990118,752413.7641797053,False
2022-03-28,448555.5050045496,716666.0190329073,751879.2709435313,False
2022-03-29,454231.1191992721,719941.1252435787,755315.2988903638,False
2022-03-30,451398.9990900819,719431.6642774742,754780.8056541897,False
2022-03-31,444460.873521383,708732.9839892811,743556.4476945372,False
2022-04-01,445700.6369426751,710843.6079917138,745770.7768158293,False
2022-04-04,449476.797088262,709533.5655074453,744396.3656370963,False
2022-04-05,443914.9226569609,705603.4380546396,740273.1321008974,False
2022-04-06,439422.2020018198,708805.764127296,743632.8038711335,False
2022-04-07,441640.12738853507,713318.1326842211,748366.8868201027,False
2022-04-08,440570.9736123749,717757.7211031312,753024.6135924755,False
2022-04-11,432939.0354868062,711061.9484057586,745999.8453456182,False
2022-04-12,431346.67879890813,709169.6648173707,744014.5847541149,False
2022-04-13,436226.1146496815,712008.0901999525,746992.4756413696,False
2022-04-14,430925.8416742494,709242.4449553856,744090.9409307111,False
2022-04-18,430994.08553230204,708514.6435752363,743327.3791647485,False
2022-04-19,437875.3412192903,715792.6573767283,750962.996824376,False
2022-04-20,437545.4959053685,721178.3875898323,756613.3538925005,False
2022-04-21,431062.3293903548,713536.4730982658,748595.9553498916,False
2022-04-22,419290.2638762511,694759.1974904167,728896.0617880522,False
2022-04-25,421587.8070973613,695559.7790085807,729735.9797306113,False
2022-04-26,409531.3921747043,683405.4959600894,716984.4982390332,False
2022-04-27,410589.1719745223,684278.8576162683,717900.7723581884,False
2022-04-28,420882.6205641492,694395.296800342,728514.2809050708,False
2022-04-29,405425.38671519555,674235.1985702096,707363.6199879023,False
2022-05-02,407973.1574158326,674089.6382941798,707210.9076347098,False
2022-05-03,409736.12374886265,678820.3472651495,712174.0591134677,False
2022-05-04,422167.8798908099,697160.9420449091,731415.8156157294,False
2022-05-05,407336.2147406733,682168.2336138358,715686.4432368964,False
2022-05-06,404777.0700636943,682750.4747179551,716297.2926496667,False
2022-05-09,391719.7452229299,667684.9861488668,700491.5640942374,False
2022-05-10,392720.65514103725,665428.8018704044,698124.522619753,False
2022-05-11,386396.72429481347,662663.1566258374,695222.9879090945,False
2022-05-12,386101.0009099181,663172.6175919418,695757.4811452684,False
2022-05-13,395211.55595996365,671251.2129115979,704233.016747455,False
2022-05-16,393789.80891719746,673652.9574660902,706752.7705751322,False
2022-05-17,401671.97452229296,683769.3966501639,717366.2791220145,False
2022-05-18,385759.78161965427,661717.0148316436,694230.3576133429,False
2022-05-19,383189.262966333,654802.9017202262,686976.5208366966,False
2022-05-20,383280.2547770701,656767.965446629,689038.1376047961,False
2022-05-23,390548.2256596906,668776.6882190907,701636.9067431816,False
2022-05-24,387738.8535031847,672124.5745677769,705149.2908666102,False
2022-05-25,390969.06278434943,676345.8225726422,709577.9491091943,False
2022-05-26,398737.48862602364,684497.1980303131,718129.8408879773,False
2022-05-27,408735.2138307553,694759.1974904167,728896.0617880522,False
2022-05-31,406471.7925386716,689227.9070012829,723092.9923667352,False
2022-06-01,403070.97361237486,684133.2973402386,717748.0600049959,False
2022-06-02,410725.6596906279,689664.5878293724,723551.1294263129,False
2022-06-03,404071.88353048224,683987.7370642087,717595.3476518034,False
2022-06-06,405175.1592356688,685224.9994104623,718893.4026539401,False
2022-06-07,409133.3030027298,692866.9139020288,726910.8011965491,False
2022-06-08,404663.33030027297,684569.9781683281,718206.1970645735,False
2022-06-09,395143.3121019108,669868.3902893144,702782.2493921258,False
2022-06-10,383553.2302092812,656476.8448945694,688732.712898411,False
2022-06-13,368767.0609645132,636316.7466644368,667582.0519812425,False
2022-06-14,367845.76888080075,631440.4774174372,662466.188149292,False
2022-06-15,373111.9199272066,634933.9240421533,666131.2846259131,False
2022-06-16,360850.7734303913,619650.0950590203,650096.4875406952,False
2022-06-17,361794.813466788,615865.5278822446,646125.966357689,False
2022-06-21,370655.14103730663,632095.4986595714,663153.3937386584,False
2022-06-22,369881.71064604184,630348.7753472134,661320.8455003479,False
2022-06-23,373760.23657870793,632095.4986595714,663153.3937386584,False
2022-06-24,385395.8143767061,648107.1290228536,679951.7525898392,False
2022-06-27,383951.31938125566,649417.1715071222,681326.1637685722,False
2022-06-28,375659.69062784343,643740.3207419586,675370.3819940627,False
2022-06-29,375841.67424931756,641775.2570155557,673308.7652259632,False
2022-06-30,372873.0664240218,639155.1720470185,670559.9428684972,False
2022-07-01,376706.09645131935,645559.8241923315,677279.2864089694,False
2022-07-05,377365.78707916284,638427.3706668695,669796.3811025345,False
2022-07-06,378730.6642402184,639373.5124610633,670789.0113982861,False
2022-07-07,384292.53867151955,645487.0440543166,677202.9302323732,False
2022-07-08,384065.059144677,644977.5830882122,676668.4369961993,False
2022-07-11,379720.20018198364,641484.136463496,673003.3405195782,False
2022-07-12,376217.0154686078,637772.3494247351,669109.175513168,False
2022-07-13,374465.42311191995,633259.9808678102,664375.092564199,False
2022-07-14,373475.8871701547,628456.4917588255,659335.5849088446,False
2022-07-15,380539.1264786169,641484.136463496,673003.3405195782,True
2022-07-18,377388.53503184713,635734.5055603173,648566.5381223966,True
2022-07-19,387636.48771610553,649635.511921167,667075.6725249499,True
2022-07-20,390116.0145586897,647743.228332779,670159.9908018886,True
2022-07-21,394062.7843494085,650072.1927492564,675134.2559862351,True
2022-07-22,390468.6078252957,649271.6112310922,670072.3127354527,True
2022-07-25,390866.6969972702,654220.6606161068,672513.7892261245,True
2022-07-26,386169.2447679709,651673.3557855847,667745.6308295393,True
2022-07-27,396292.0837124659,658660.2490350169,681731.0007174201,True
2022-07-28,401296.6333030027,664045.9792481209,688106.4783899095,True
2022-07-29,407176.9790718835,668703.9080810756,693197.5302923829,True
2022-08-01,405948.5896269337,666447.7238026132,691949.6468865825,True
2022-08-02,403332.57506824395,660916.4333134794,687469.9211613019,True
2022-08-03,409633.7579617834,666302.1635265833,696257.0950545733,True
2022-08-04,409303.9126478617,661935.3552456882,695155.030975464,True
2022-08-05,408462.23839854414,663609.2984200314,694961.2039043109,True
2022-08-08,408098.27115559607,663245.3977299568,691106.2465581711,True
2022-08-09,406483.16651501355,664773.7806282701,683689.753259443,True
2022-08-10,414990.9008189263,673652.9574660902,698127.4065571676,True
2022-08-11,414990.9008189263,676418.602710657,700115.8899869033,True
2022-08-12,422099.63603275706,685880.0206525966,712808.0304948969,True
2022-08-15,423908.0982711555,687481.1836889248,714929.8461227082,True
2022-08-16,424647.406733394,690392.3892095216,714698.7403752974,True
2022-08-17,421747.04276615113,686826.1624467906,707622.7858350943,True
2022-08-18,423043.67606915376,689591.8076913574,712491.6383267662,True
2022-08-19,417208.8262056415,685297.7795484773,703534.7325893668,True
2022-08-22,408416.7424931756,674817.4396743289,688858.6065067431,True
2022-08-23,407449.95450409467,672634.0355338814,688507.8315283478,True
2022-08-24,408678.34394904465,674744.659536314,689930.0226577009,True
2022-08-25,414638.3075523203,682459.3541658954,702123.4379487996,True
2022-08-26,400432.21110100095,664482.6600762104,677749.2238829059,True
2022-08-29,397782.07461328484,662153.695659733,672519.3201788821,True
2022-08-30,393459.9636032757,654875.6818582411,665043.9112976232,True
2022-08-31,390366.24203821656,649489.951645137,659835.9699502846,True
2022-09-01,391571.88353048224,652983.3982698532,658404.7544685778,True
2022-09-02,387465.8780709736,647160.9872286597,652373.3049918254,True
2022-09-06,386169.2447679709,645341.4837782867,649059.9891580574,False
2022-09-07,393084.62238398544,653929.5400640471,675503.422009859,False
2022-09-08,395655.14103730663,659460.830553181,681217.1960858469,False
2022-09-09,401762.96633303,666811.6244926879,688810.501107883,False
2022-09-12,406176.06915377616,672051.794429762,694223.550232503,False
2022-09-13,388466.787989081,649489.951645137,670917.3665015005,False
2022-09-14,389911.28298453137,651091.1146814653,672571.3537340233,False
2022-09-15,385566.42402183806,648179.9091608686,669564.1042203456,False
2022-09-16,382529.5723384895,644249.7817080629,665504.3173768806,False
2022-09-19,385464.05823475885,647597.6680567493,668962.65431761,False
2022-09-20,381119.1992720655,640174.0939792275,661294.1680577318,False
2022-09-21,374419.9272065514,630275.9952091984,651069.5197112275,False
2022-09-22,371257.9617834395,628456.4917588255,649189.988765179,False
2022-09-23,365081.89262966334,617685.0313326175,638063.1655645715,False
2022-09-26,361544.58598726115,609533.6558749466,629642.8669262738,False
2022-09-27,360520.9281164695,606986.3510444245,627011.5236018059,False
2022-09-28,367606.915377616,618995.073816886,639416.4278457265,False
2022-09-29,359940.8553230209,609824.7764270063,629943.5918776416,False
2022-09-30,354458.5987261146,601964.521521395,621824.0181907116,False
2022-10-03,363830.7552320291,617321.1306425428,637687.2593753616,False
2022-10-04,374874.88626023656,635225.044594213,656181.8438844797,False
2022-10-05,374226.5696087352,634060.5623859743,654978.9440790088,False
2022-10-06,370291.1737943585,626200.3074803631,646859.3703920789,False
2022-10-07,359883.98544131033,614409.9251219461,634680.009861684,False
2022-10-10,357199.7270245678,610552.5778071554,630695.4042560611,False
2022-10-11,354845.31392174703,609824.7764270063,629943.5918776416,False
2022-10-12,353742.0382165605,608078.0531146482,628139.242169435,False
2022-10-13,363011.8289353958,626273.0876183779,646934.5516299207,False
2022-10-14,354833.93994540494,617102.7902284982,637461.715661836,False
2022-10-17,363853.50318471337,627510.3499646316,648212.6326732337,False
2022-10-18,368141.4922656961,635443.3850082577,656407.3875980055,False
2022-10-19,365593.72156505915,632022.7185215566,652873.8694194342,False
2022-10-20,362590.99181073706,627219.229412572,647911.907721866,False
2022-10-21,371303.457688808,643230.859775854,664451.7800470934,False
2022-10-24,375818.9262966333,651600.5756475697,673097.622398917,False
2022-10-25,381938.1255686988,656695.1853086142,678360.3090478529,False
2022-10-26,379083.2575068244,661789.7949696585,683622.995696789,False
2022-10-27,377058.6897179254,663609.2984200314,685502.5266428377,False
2022-10-28,385850.7734303913,677146.4040908064,699486.2368814391,False
2022-10-31,383234.75887170155,674817.4396743289,697080.4372704969,False
2022-11-01,381687.89808917197,675326.9006404334,697606.7059353904,False
2022-11-02,371951.7743403093,665647.1422844491,687607.6013024119,False
2022-11-03,367982.2565969062,664118.7593861358,686028.7953077311,False
2022-11-04,373373.5213830755,672488.4752578515,694674.6376595547,False
2022-11-07,376956.32393084624,679184.247955224,701591.3115410133,False
2022-11-08,379015.0136487716,683041.5952700147,705575.9171466363,False
2022-11-09,371269.33575978165,671906.2341537321,694073.187756819,False
2022-11-10,391583.25750682433,693740.2755582078,716627.559109402,False
2022-11-11,395336.669699727,694468.0769383571,717379.3714878215,True
2022-11-14,392163.33030027297,690756.2898995961,696046.1531283732,True
2022-11-15,395393.53958143765,692721.3536259991,703659.4314980241,True
2022-11-16,392402.1838034577,689519.0275533425,694046.0298796722,True
2022-11-17,391264.7861692448,690174.0487954768,695993.6176634284,True
2022-11-18,392993.6305732484,695850.8995606404,700458.009184352,True
2022-11-21,391606.0054595086,696651.4810788046,697585.7240598706,True
2022-11-22,396826.66060054593,705385.0976405949,709536.0689583649,True
2022-11-23,399306.1874431301,707932.402471117,713112.604233745,True
2022-11-25,399260.69153776154,709315.2250934005,711748.8053776557,True
2022-11-28,392948.1346678799,699708.2468754312,700110.6166673593,True
2022-11-29,392254.32211101,701746.0907398489,701053.9015297794,True
2022-11-30,404333.48498635116,715137.6361345941,721782.8282042727,True
2022-12-01,404378.98089171964,713609.2532362808,720021.5709227402,True
2022-12-02,403798.90809827106,713172.5724081912,716901.738620979,True
2022-12-05,396610.5550500455,701818.870877864,706292.3040003857,True
2022-12-06,390878.0709736124,695050.3180424764,697039.0803038065,True
2022-12-07,390116.0145586897,695850.8995606404,697573.0441153712,True
2022-12-08,393198.36214740673,699489.9064613865,705156.464677705,True
2022-12-09,390320.746132848,693303.5947301184,699083.3952960476,True
2022-12-12,395893.9945404913,703783.9346042667,710184.7832777909,True
2022-12-13,398817.10646041855,705603.4380546396,714852.7464478288,True
2022-12-14,396417.1974522293,702619.452396028,709171.9678906971,True
2022-12-15,386669.69972702453,689810.1481054022,692252.323960996,True
2022-12-16,382051.8653321201,683478.2760981042,686172.8899944203,True
2022-12-19,378764.78616924473,681658.7726477312,682585.7202613247,True
2022-12-20,379333.4849863512,683114.3754080296,682711.1120784169,True
2022-12-21,385009.0991810737,692939.6940400437,694033.3316959179,True
2022-12-22,379595.0864422202,687117.2829988502,681824.3099614033,True
2022-12-23,381722.02001819835,692211.8926598945,685490.0126701875,False
2022-12-27,380209.28116469516,693813.0556962227,700071.6665531826,False
2022-12-28,375545.9508644222,687117.2829988502,693315.4939608304,False
2022-12-29,382199.7270245678,694031.3961102675,700291.9765290202,False
2022-12-30,381153.3212010919,693303.5947301184,699557.609942895,False
2023-01-03,379686.0782529572,691629.6515557752,697868.5667948071,False
2023-01-04,382415.8325750683,696797.0413548345,703082.569556296,False
2023-01-05,378241.58325750683,692430.2330739393,698676.3700395448,False
2023-01-06,386840.3093721565,706986.2606769231,713363.7017620493,False
2023-01-09,386567.3339399454,700581.6085316102,706901.2758041474,False
2023-01-10,389319.8362147407,703565.594190222,709912.1788072607,False
2023-01-11,394290.2638762512,707495.7216430275,713877.758372337,False
2023-01-12,395757.5068243858,708441.8634372215,714832.4349342998,False
2023-01-13,397304.36760691536,710261.3668875945,716668.351399613,True
2023-01-17,396690.1728844404,705457.8777786099,698849.4472360795,True
2023-01-18,390252.50227479526,692066.3323838648,688136.8523641274,True
2023-01-19,387443.1301182893,687481.1836889248,680023.6562925542,True
2023-01-20,394574.6132848044,694904.7577664466,691589.9175693415,True
2023-01-23,399374.4313011829,699562.6865994014,704346.5111554689,True
2023-01-24,398953.5941765241,699926.587289476,703111.1236693348,True
2023-01-25,399090.0818926297,701454.9701877892,704402.5804263566,True
2023-01-26,403355.32302092813,705021.1969505203,710665.7391439144,True
2023-01-27,404504.09463148314,702401.1119819833,707419.8583176021,True
2023-01-30,399454.0491355778,651101.4876379848,666255.2783062628,True
2023-01-31,405129.66333030025,661856.2102878405,676999.7198853901,True
2023-02-01,409565.5141037306,674550.3091532439,695600.6208275207,True
2023-02-02,415434.4858962693,696236.0613816415,715700.6359391845,True
2023-02-03,410998.63512283895,685833.9525891581,704269.9589661462,True
2023-02-06,408621.47406733385,679134.2892990841,695943.6441493141,True
2023-02-07,413887.62511373975,692886.2297366044,712062.5016285545,True
2023-02-08,409360.7825295724,681602.5863006902,699760.410186962,True
2023-02-09,405846.2238398544,675431.8437966747,696150.2266664518,True
2023-02-10,406835.75978161965,671200.477508207,689574.5200596065,True
2023-02-13,411533.21201091894,681426.2793720041,700040.0200883436,True
2023-02-14,411385.3503184713,684776.1110170413,706963.7169094342,True
2023-02-15,412761.6014558689,689360.0911628813,710253.5726701426,True
2023-02-16,407017.7434030938,675784.4576540471,694668.0548418112,True
2023-02-17,405971.33757961786,669966.3290074038,687636.5179688729,True
2023-02-21,397907.1883530482,654098.7054256495,669969.9522179496,True
2023-02-22,397406.7333939945,654627.6262117081,669376.7322664122,True
2023-02-23,399408.5532302093,660269.4479296651,680464.5300854952,True
2023-02-24,395131.9381255687,648985.8044937509,668679.0010207276,True
2023-02-27,396496.81528662425,652864.5569248464,672375.9540687536,True
2023-02-28,395006.8243858053,652159.3292101019,671970.127997963,True
2023-03-01,393562.32939035486,646341.2005634585,667919.2795448755,True
2023-03-02,396496.81528662425,652688.2499961603,674281.3844921696,True
2023-03-03,402786.62420382164,666440.1904336805,686953.807888866,True
2023-03-06,403264.33121019107,668203.2597205422,686376.3954276536,True
2023-03-07,397031.3921747043,659035.299428862,677484.968714333,True
2023-03-08,397645.58689717925,662208.8241452129,685086.24365217,True
2023-03-09,390366.24203821656,650572.5668519263,672716.7547785644,True
2023-03-10,384770.24567788903,640346.7649881291,662048.027184573,True
2023-03-13,384121.92902638763,645459.6659200278,665591.4292356968,True
2023-03-14,390502.7297543221,660269.4479296651,682268.182912809,True
2023-03-15,388091.44676979067,662208.8241452129,681334.9747702903,True
2023-03-16,394733.84895359416,679134.2892990841,701710.2803389054,True
2023-03-17,390411.7379435851,677018.6061548501,699104.0913448718,True
2023-03-20,393937.67060964514,678252.7546556533,702126.0087092048,True
2023-03-21,399090.0818926297,688654.8634481367,710288.0839049787,True
2023-03-22,392470.4276615105,679134.2892990841,702057.471131412,True
2023-03-23,393403.09372156503,686891.794161275,713312.6878702038,True
2023-03-24,396030.4822565969,689183.7842341952,711498.5036836637,True
2023-03-27,396678.79890809825,684599.8040883549,705685.2182506536,True
2023-03-28,395984.9863512284,681426.2793720041,701919.8848897641,True
2023-03-29,401615.1046405824,693062.5366652907,716880.5677859081,True
2023-03-30,404015.01364877156,698528.0514545615,723937.81444868,True
2023-03-31,409656.50591446774,711398.4572486512,734739.6331866559,True
2023-04-03,411282.98453139217,711045.8433912788,733215.7344285621,True
2023-04-04,408962.6933575978,709811.6948904757,728923.661152754,True
2023-04-05,407973.1574158326,702759.4177430293,720030.2817748238,True
2023-04-06,409531.3921747043,708224.9325323004,723319.3250167024,True
2023-04-10,409974.9772520473,706285.5563167526,725158.6292246323,True
2023-04-11,410031.84713375795,702054.1900282848,720962.3890628363,True
2023-04-12,408393.9945404914,697822.8237398169,714081.834559564,False
2023-04-13,413694.26751592354,712808.9126781404,731842.112188051,False
2023-04-14,412841.2192902639,710869.5364625927,729850.9513584521,False
2023-04-17,414240.21838034573,711927.3780347097,730937.0390836878,False
2023-04-18,414524.56778889906,712808.9126781404,731842.112188051,False
2023-04-19,414501.81983621477,713866.7542502574,732928.1999132868,False
2023-04-20,412158.7807097361,709106.4671757311,728040.8051497258,False
2023-04-21,412397.63421292073,710164.308747848,729126.8928749616,False
2023-04-24,412943.58507734304,708930.160247045,727859.7905288531,False
2023-04-25,406426.296633303,695001.9128808384,713559.6354799152,False
2023-04-26,404617.83439490444,700291.1207414231,718990.0741060942,False
2023-04-27,412647.8616924476,718627.0413247836,737815.5946768479,False
2023-04-28,416173.79435850773,723916.2491853685,743246.0333030269,False
2023-05-01,415889.44494995446,722858.4076132515,742159.9455777911,False
2023-05-02,411226.11464968155,717569.1997526668,736729.5069516121,False
2023-05-03,408359.87261146493,713690.4473215712,732747.1852924142,False
2023-05-04,405379.8908098272,710340.6156765342,729307.9074958342,False
2023-05-05,412818.4713375796,725679.31847223,745056.1795117531,False
2023-05-08,413045.9508644222,727971.3085451501,747409.3695830974,False
2023-05-09,411260.2365787079,724268.8630427407,743608.0625447722,False
2023-05-10,413057.3248407644,732555.2886909902,752115.7497257858,False
2023-05-11,412477.2520473157,733789.4371917933,753382.8520718941,False
2023-05-12,411919.9272065514,731497.4471188734,751029.6620005501,False
2023-05-15,413353.0482256597,733084.2094770487,752658.7935884036,False
2023-05-16,410611.91992720653,733965.7441204796,753563.8666927669,False
2023-05-17,415514.10373066424,742781.0905547874,762614.5977363986,False
2023-05-18,419585.9872611464,755122.5755628186,775285.6211974827,False
2023-05-19,418914.9226569609,752830.5854898986,772932.4311261387,False
2023-05-22,419142.4021838034,754417.3478480739,774561.5627139922,True
2023-05-23,414456.3239308462,742604.7836261012,759561.2986061964,True
2023-05-24,411362.60236578714,738902.3381236919,753579.6934464815,True
2023-05-25,414945.40491355775,754946.2686341325,784242.9601541806,True
2023-05-26,420336.66969972703,769579.7437150836,806631.7817043512,True
2023-05-30,420461.7834394905,772576.9615027483,810007.4569007484,True
2023-05-31,418175.61419472244,767816.674428222,800151.3787797751,True
2023-06-01,422190.62784349406,777513.5555059607,810854.0360518326,True
2023-06-02,428378.0709736123,785271.0603681518,815809.903559842,True
2023-06-05,427559.1446769791,784565.8326534071,812154.415778334,True
2023-06-06,428434.940855323,785447.3672968379,814542.9691966174,True
2023-06-07,427035.94176524115,772224.3476453759,803611.6483250043,True
2023-06-08,429595.0864422202,780334.4663649392,812313.6433134384,True
2023-06-09,430311.6469517743,783684.2980099764,815873.8950116219,True
2023-06-12,434269.7907188353,795496.8622319489,831830.7226904836,True
2023-06-13,437136.0327570518,800080.842377789,838721.1484469684,True
2023-06-14,437465.8780709736,805017.4363810015,846277.9254197556,True
2023-06-15,443073.2484076433,815772.1590308573,852080.2307074721,True
2023-06-16,441446.7697907188,810482.9511702725,846386.3133235662,True
2023-06-20,439410.8280254777,809425.1095981555,844696.9377763398,True
2023-06-21,436999.5450409463,800433.4562351614,832212.7447717872,True
2023-06-22,438591.9017288444,809425.1095981555,839948.2208791594,True
2023-06-23,435304.82256596914,803430.6740228261,831252.6338180845,True
2023-06-26,433507.7343039126,793028.5652303427,822606.7550907319,True
2023-06-27,438307.5523202912,804841.1294523154,839114.1216170258,True
2023-06-28,438500.9099181073,807309.4264539216,838530.9240977229,True
2023-06-29,440184.2584167425,807133.1195252355,838025.6651824893,True
2023-06-30,445404.9135577798,819474.6045332666,850904.2720089321,True
2023-07-03,446257.9617834395,819121.9906758944,852973.6368886137,True
2023-07-05,445257.05186533206,820179.8322480113,848744.2674303337,True
2023-07-06,441628.75341219286,815243.2382447987,842116.5779856012,True
2023-07-07,440593.72156505915,811188.1788850172,839443.1299468097,True
2023-07-10,441776.6151046406,809601.4165268416,841933.1061698799,True
2023-07-11,444608.7352138307,812774.9412431925,844489.2130396041,True
2023-07-12,448111.9199272066,823177.0500356758,857436.4692390918,True
2023-07-13,451762.96633303,835165.9211863346,872436.0406564099,True
2023-07-14,451398.9990900819,837105.2974018824,871575.9118556612,True
2023-07-17,452979.98180163786,842218.1983337811,880274.5748147919,True
2023-07-18,456414.9226569609,848917.8616238551,885846.5546452228,True
2023-07-19,457393.084622384,848741.554695169,882829.3291810476,True
2023-07-20,454413.1028207461,830934.5548978669,860379.2827228919,True
2023-07-21,454469.97270245675,828995.1786823191,860396.305773237,True
2023-07-24,456392.1747042766,831992.396469984,862774.0494741437,True
2023-07-25,457734.3039126478,837281.6043305687,870825.1608849175,True
2023-07-26,457848.0436760691,835871.1489010792,866869.2842327531,False
2023-07-27,454742.94813466794,830934.5548978669,868559.7140306637,False
2023-07-28,459167.42493175605,845215.4161214457,883487.2202552517,False
2023-07-31,460054.59508644225,845920.6438361903,884224.3810564659,False
2023-08-01,458632.84804367606,843276.0399058979,881460.0280519127,False
2023-08-02,452274.79526842583,825997.9608946544,863399.5884221641,False
2023-08-03,451000.9099181073,823529.6638930482,860819.5256179143,False
2023-08-04,448794.35850773426,819298.2976045805,856396.5608106288,False
2023-08-07,452832.1201091901,825469.040108596,862846.7178212535,False
2023-08-08,450875.796178344,822824.4361783036,860082.3648167001,False
2023-08-09,447884.4404003639,813480.168957937,850314.9842006115,False
2023-08-10,448146.0418562329,815772.1590308573,852710.7568045578,False
2023-08-11,447725.20473157405,811364.4858137033,848103.501796969,False
2023-08-14,450250.22747952683,820708.7530340697,857870.8824130573,False
2023-08-15,445097.81619654223,813127.5551005648,849946.4038000044,False
2023-08-16,441799.3630573249,805546.35716706,842021.9251869515,False
2023-08-17,438227.93448589626,796907.3176614383,832991.7053720772,False
2023-08-18,438626.02365787077,795849.4760893213,831885.9641702559,False
2023-08-21,441526.3876251137,808014.6541686662,844601.9879912013,False
2023-08-22,440297.99818016373,808543.5749547248,845154.8585921121,False
2023-08-23,445040.94631483156,821237.6738201281,858423.7530139681,False
2023-08-24,439126.4786169244,804841.1294523154,841284.7643857372,False
2023-08-25,442026.8425841674,811540.7927423895,848287.7919972724,False
2023-08-28,444938.5805277525,817358.9213890326,854369.3686072897,False
2023-08-29,451262.5113739763,833755.4657568454,871508.3572355205,False
2023-08-30,453139.2174704276,839220.9805461164,877221.3534449309,False
2023-08-31,452559.14467697905,840278.8221182334,878327.0946467521,False
2023-09-01,453525.93266606005,840631.4359756056,878695.6750473593,False
2023-09-05,451546.86078252963,842570.8121911533,880722.8672506984,False
2023-09-06,448430.39126478607,832873.9311134147,870586.9062340028,False
2023-09-07,447099.636032757,828466.2578962607,865979.6512264139,False
2023-09-08,447702.4567788899,830581.9410404945,868191.1336300565,False
2023-09-11,450648.31665150134,840455.1290469195,878511.3848470557,False
2023-09-12,448237.03366696986,830229.3271831223,867822.5532294494,False
2023-09-13,448760.23657870793,833579.1588281593,871324.067035217,False
2023-09-14,452638.762511374,838339.4459026855,876299.902443413,False
2023-09-15,446997.2702456779,824411.198536479,861740.9766194319,False
2023-09-18,447486.3512283894,825292.7331799098,862662.4276209499,False
2023-09-19,446587.8070973612,823882.2777504206,861188.1060185214,False
2023-09-20,442413.55777979986,810482.9511702725,847182.0507954509,False
2023-09-21,435168.33484986355,794615.3275885182,830595.9327681309,False
2023-09-22,434110.5550500455,793381.179087715,829305.9013660059,False
2023-09-25,435919.017288444,797612.5453761829,833728.8661732915,False
2023-09-26,429515.4686078253,784036.9118673486,819538.5207499175,False
2023-09-27,429617.83439490444,784918.4465107794,820459.9717514353,False
2023-09-28,432120.1091901729,790031.3474426781,825804.3875602384,False
2023-09-29,431096.4513193812,791265.4959434812,827094.4189623634,False
2023-10-02,431062.3293903548,799199.3077343582,835387.4779760235,False
2023-10-03,425261.601455869,784213.2187960347,819722.810950221,True
2023-10-04,428389.44494995446,795849.4760893213,828228.8132570251,True
2023-10-05,428025.4777070064,796907.3176614383,829002.8320983,True
2023-10-06,433132.39308462245,810659.2580989584,844382.5488056542,True
2023-10-09,436021.38307552325,813656.4758866231,845932.0522968543,True
2023-10-10,438273.4303912648,817006.3075316603,851482.1831745801,True
2023-10-11,440127.3885350318,824587.5054651652,859772.7213673824,True
2023-10-12,437477.2520473157,821061.366891442,858496.6525148518,True
2023-10-13,435179.7088262057,811893.4065997618,845336.3580578534,True
2023-10-16,439729.29936305736,820708.7530340697,854682.3586217988,True
2023-10-17,439740.67333939945,818416.7629611498,850007.8997042922,True
2023-10-18,433860.32757051865,805898.9710244325,835819.0606283078,True
2023-10-19,430186.5332120109,799904.5354491029,829756.4238849527,True
2023-10-20,424829.3903548681,787739.357369758,817027.9581146755,True
2023-10-23,424078.70791628753,790912.8820861088,820196.765998773,True
2023-10-24,427252.04731574154,797788.852304869,828055.972005254,True
2023-10-25,421223.839854413,779981.852507567,805560.1328386843,True
2023-10-26,416048.68061874434,763585.3081397542,791496.8282464728,True
2023-10-27,414206.09645131935,767287.7536421636,795645.3295953879,True
2023-10-30,419187.89808917197,778747.7040067639,803437.8496650197,True
2023-10-31,421724.2948134667,782626.4564378593,807952.4225333179,True
2023-11-01,426376.25113739766,796025.7830180074,823616.082118729,True
2023-11-02,434474.5222929936,811011.8719563311,840830.2525423723,True
2023-11-03,438489.53594176524,818240.4560324633,851894.0956533108,True
2023-11-06,439342.58416742494,824587.5054651652,857283.3331347961,True
2023-11-07,440582.34758871706,832873.9311134147,864938.3565188916,True
2023-11-08,440934.940855323,836400.0696871377,868432.8521210208,True
2023-11-09,437613.73976342124,829700.4063970638,863073.5163940064,True
2023-11-10,444438.1255686988,846273.2576935628,885563.8460175665,True
2023-11-13,443994.5404913559,845920.6438361903,883680.1232242299,True
2023-11-14,452525.02274795267,861788.2674179449,903368.2273297076,True
2023-11-15,453514.55868971796,860730.4258458278,902797.4361488001,True
2023-11-16,454151.50136487716,865667.0198490401,907425.6099915731,True
2023-11-17,454811.1919927207,863903.9505621786,907422.5997967521,True
2023-11-20,458246.13284804364,874129.7524259756,918850.5783105307,True
2023-11-21,457040.49135577795,871485.1484956834,912800.4002693387,True
2023-11-22,459019.5632393084,876069.1286415237,915561.7716781766,True
2023-11-24,459269.7907188353,874129.7524259756,913533.0541547372,True
2023-11-27,458473.61237488623,873953.4454972895,913234.7426504809,True
2023-11-28,458917.19745222933,876598.0494275821,913594.8343189615,True
2023-11-29,458621.47406733397,874482.3662833483,914553.1838059197,True
2023-11-30,460407.1883530482,873600.8316399173,910978.4314477196,True
2023-12-01,463102.8207461329,875187.5939980929,913240.2260009839,True
2023-12-04,460771.15559599636,865490.7129203542,902165.3899965328,True
2023-12-05,460634.6678798908,871837.7623530558,906809.5030441823,True
2023-12-06,458712.4658780709,866901.1683498434,901029.7756393456,True
2023-12-07,462306.6424021838,878361.1187144435,915511.4690615901,True
2023-12-08,464262.96633303,883121.40578897,921331.5278827648,True
2023-12-11,466071.4285714286,881710.9503594806,926904.0481241625,True
2023-12-12,468380.3457688808,888586.9205782409,934915.6683277924,True
2023-12-13,474761.1464968153,897931.1877986073,945105.8947113147,True
2023-12-14,476160.14558689715,893699.8215101394,947327.3435020086,True
2023-12-15,475432.21110100095,896873.3462264902,951038.0481595744,True
2023-12-18,478116.46951774345,904278.237231309,956972.3557802764,True
2023-12-19,481028.2074613284,908685.9104484629,961185.5989901485,True
2023-12-20,474090.0818926296,896873.3462264902,944296.5945633617,True
2023-12-21,478707.9162875341,906041.3065181706,958126.1075694497,True
2023-12-22,479822.5659690628,905336.078803426,957644.1976524713,True
2023-12-26,481813.0118289354,907980.6827337183,963651.0009023796,True
2023-12-27,482700.1819836214,909567.4450918939,965135.7161634957,True
2023-12-28,482768.4258416742,909567.4450918939,965067.5894532733,True
2023-12-29,481483.16651501355,906570.227304229,961256.0486886299,True
2024-01-02,478412.1929026387,890702.6037224748,939594.0772696728,True
2024-01-03,474863.51228389447,883650.3265750285,929322.9292290986,True
2024-01-04,473362.1474067334,878537.4256431296,923912.223008605,True
2024-01-05,473964.9681528662,879066.3464291884,926156.2549698259,True
2024-01-08,480743.85805277526,897402.2670125487,949590.1939003931,False
2024-01-09,479572.3384895359,899694.2570854689,953763.9193136585,False
2024-01-10,482734.3039126479,910096.3658779522,964791.1721530678,False
2024-01-11,482575.06824385794,912035.7420934999,966847.1006485509,False
2024-01-12,482791.1737943585,913269.890594303,968155.4187820401,False
2024-01-16,481153.32120109187,912740.9698082447,967594.7110105449,True
2024-01-17,478469.0627843494,907980.6827337183,959643.7223371901,True
2024-01-18,482734.3039126479,921203.7023851803,978737.0898805123,True
2024-01-19,488637.39763421286,936366.0982521899,1001233.772223851,True
2024-01-22,489752.04731574154,937423.9398243068,1003442.8335819202,True
2024-01-23,491207.9162875341,939892.2368259131,1006845.8662146701,True
2024-01-24,491617.3794358508,945005.1377578117,1016139.8064145958,True
2024-01-25,494381.2556869882,946768.2070446735,1017448.1245480848,True
2024-01-26,494085.53230209276,944652.5239004394,1009167.0763414672,True
2024-01-29,497679.7088262057,956288.7811937259,1021419.3903432582,True
2024-01-30,497327.1155595997,950470.6525470825,1014008.2883770746,True
2024-01-31,489217.47042766144,929313.8211047434,993856.2278828757,True
2024-02-01,495655.14103730663,943418.3753996361,1007105.4341954247,True
2024-02-02,500750.6824385805,964046.2860559168,1028387.2892945276,True
2024-02-05,498919.4722474977,963517.3652698583,1034100.2358840994,True
2024-02-06,500477.7070063694,963517.3652698583,1030482.796398191,True
2024-02-07,504583.71246587805,976740.3849213202,1046662.5432742453,True
2024-02-08,504924.93175614194,977621.9195647512,1051899.8543256582,True
2024-02-09,507791.1737943585,989258.1768580376,1067769.6581436503,True
2024-02-12,507563.69426751585,982029.5927819052,1061112.4427410017,True
2024-02-13,500409.46314831654,969335.4939165015,1045537.9877841996,True
2024-02-14,505175.1592356688,980619.1373524157,1060458.641336963,True
2024-02-15,508587.3521383076,982029.5927819052,1060392.2162468126,True
2024-02-16,505982.71155595995,975153.6225631449,1053865.7050482288,True
2024-02-20,503207.4613284805,965104.1276280339,1039909.9965549684,True
2024-02-21,503719.2902638763,962283.2167690552,1035737.895445684,True
2024-02-22,514297.0882620564,992608.0085030745,1080207.5231024146,True
2024-02-23,514524.56778889906,990844.9392162132,1076754.9331619071,True
2024-02-26,512647.8616924476,987671.4144998622,1077231.7189671756,True
2024-02-27,513591.9017288444,989610.7907154098,1077672.3913944492,True
2024-02-28,512795.72338489536,986260.9590703729,1071372.7334861082,True
2024-02-29,514695.17743403086,992608.0085030745,1083513.9717072889,True
2024-03-01,519654.2311191992,1003362.7311529301,1105555.2598171977,True
2024-03-04,519040.03639672423,998073.5232923453,1107441.1390757174,True
2024-03-05,513830.7552320291,981500.6719958467,1089528.554095881,True
2024-03-06,516560.50955414015,984850.5036408836,1101328.0547821755,True
2024-03-07,521667.42493175605,998249.8302210317,1124071.4488926334,True
2024-03-08,518505.45950864424,988729.2560719791,1101980.2458122608,True
2024-03-11,518084.6223839854,983087.434354022,1091229.802611114,True
2024-03-12,523623.74886260234,1001070.7410800102,1116016.2834322783,True
2024-03-13,522827.5705186533,996310.454005484,1105101.6035670051,True
2024-03-14,521678.79890809837,998602.4440784039,1100255.0248072555,True
2024-03-15,518095.9963603275,985555.7313556282,1087921.7436322866,True
2024-03-18,521326.20564149227,995252.6124333671,1095837.7198606667,True
2024-03-19,524249.3175614195,1001070.7410800102,1099369.4886608222,True
2024-03-20,528821.6560509554,1011120.2360151215,1112539.5161137232,True
2024-03-21,530595.9963603276,1009533.4736569459,1119579.0289397081,True
2024-03-22,529902.1838034577,1010767.6221577488,1122671.8381306806,True
2024-03-25,528525.93266606,1006712.5627979672,1118746.0911258098,True
2024-03-26,527047.3157415832,1003186.424224244,1112675.6894860677,True
2024-03-27,531642.4021838035,1005302.107368478,1114114.7369887682,True
2024-03-28,531574.1583257507,1002304.8895808132,1112054.295440128,True
2024-04-01,530880.3457688808,1001952.275723441,1116621.3452981086,True
2024-04-02,527411.2829845314,996134.1470767978,1107507.8966634274,True
2024-04-03,527888.9899909009,997544.602506287,1110027.7440142555,True
2024-04-04,521383.0755232029,983440.0482113943,1089707.3328430348,True
2024-04-05,526922.2020018199,998426.137149718,1105329.351905789,True
2024-04-08,527126.9335759782,997191.9886489146,1105101.0158508774,True
2024-04-09,527786.6242038216,997544.602506287,1107065.026146073,True
2024-04-10,522679.7088262057,991902.78078833,1099686.5364262639,True
2024-04-11,526444.4949954505,1007770.404370084,1119907.5525982536,True
2024-04-12,519267.5159235669,994723.6916473086,1099373.654787562,True
2024-04-15,512681.98362147406,975682.5433492034,1079809.481044388,True
2024-04-16,511760.6915377616,975682.5433492034,1082755.8415673145,True
2024-04-17,508678.34394904465,965809.3553427785,1064364.1199176975,True
2024-04-18,507518.1983621474,959814.9197674489,1053744.916522899,True
2024-04-19,503264.3312101912,936542.405180876,1021055.9537334108,True
2024-04-22,507631.9381255686,945886.6724012424,1034226.4412931558,True
2024-04-23,514035.48680618743,961049.0682682521,1053302.1484496822,True
2024-04-24,513660.14558689727,960872.761339566,1053564.119408793,False
2024-04-25,511544.58598726115,953996.7911208058,1055050.2348627537,False
2024-04-26,516662.8753412193,971803.7909181077,1074743.46600693,False
2024-04-29,518459.96360327565,974272.087919714,1077473.220818994,False
2024-04-30,510270.70063694264,956641.3950510983,1057974.9721613938,False
2024-05-01,508610.1000909919,953820.4841921197,1054855.2523761778,False
2024-05-02,513353.0482256597,965456.7414854061,1067724.0964901939,False
2024-05-03,519722.474977252,984497.8897835114,1088782.2050404025,False
2024-05-06,524965.8780709737,998426.137149718,1104185.8214799068,False
2024-05-07,525716.5605095541,997368.295577601,1103015.9265604506,False
2024-05-08,525739.3084622384,995428.9193620533,1100871.1192081145,False
2024-05-09,528753.4121929026,998778.75100709,1104575.7864530585,False
2024-05-10,529413.1028207461,999307.6717931487,1105160.7339127867,False
2024-05-13,529447.2247497726,999660.285650521,1105550.6988859386,False
2024-05-14,531949.4995450409,1004773.1865824196,1111205.190996643,False
2024-05-15,538432.6660600546,1020993.4240215463,1129143.579761635,False
2024-05-16,537409.0081892629,1018348.8200912537,1126218.8424629949,False
2024-05-17,538205.186533212,1018172.5131625676,1126023.859976419,False
2024-05-20,538728.3894449499,1024872.1764526417,1133433.1944663073,False
2024-05-21,540184.2584167424,1028574.6219550511,1137527.826684403,False
2024-05-22,538614.6496815287,1026106.3249534449,1134798.0718723391,False
2024-05-23,534611.0100090991,1025753.7110960725,1134408.1068991872,False
2024-05-24,538250.6824385806,1034392.7506016943,1143962.2487414114,False
2024-05-28,538682.8935395814,1041797.6416065131,1152151.5131776035,False
2024-05-29,534883.9854413102,1039153.0376762205,1149226.7758789633,False
2024-05-30,531289.8089171975,1021698.6517362909,1129923.5097079389,True
2024-05-31,535907.643312102,1022932.8002370939,1124965.5563347957,True
2024-06-03,536499.0900818927,1031924.453600088,1136081.4329894797,True
2024-06-04,537147.406733394,1036684.7406746142,1138547.8079630241,True
2024-06-05,543573.7033666971,1055549.5820440333,1169508.7788142827,True
2024-06-06,543459.9636032757,1057136.3444022087,1167967.1743214545,True
2024-06-07,542743.4030937216,1057136.3444022087,1167690.1940693916,True
2024-06-10,544529.1173794358,1060309.8691185596,1175202.1823964443,True
2024-06-11,545768.8808007279,1071769.81948316,1183547.5847292074,True
2024-06-12,550307.0973612375,1086579.6014927973,1205552.368978015,True
2024-06-13,551353.5031847134,1089576.8192804619,1213578.8200015656,True
2024-06-14,551797.0882620563,1093455.5717115575,1217523.4279447247,True
2024-06-17,556176.0691537762,1103857.6805040408,1231933.2932176413,True
2024-06-18,557654.686078253,1105620.7497909025,1239225.9483275316,True
2024-06-20,556107.8252957234,1098568.4726434562,1222908.080340937,True
2024-06-21,554890.8098271156,1096629.0964279084,1215825.2053916615,True
2024-06-24,553400.8189262967,1084640.2252772497,1193926.702757475,True
2024-06-25,555698.3621474067,1101741.997359807,1215462.1342823121,True
2024-06-26,556312.5568698817,1106678.5913630195,1218092.69928028,True
2024-06-27,557176.9790718835,1109499.502221998,1217437.200029449,True
2024-06-28,555027.2975432212,1099802.6211442593,1212478.8140631774,True
2024-07-01,556301.1828935395,1109146.8883646256,1220142.0603608957,True
2024-07-02,559906.7333939945,1119372.6902284229,1231687.0291002872,True
2024-07-03,562443.1301182894,1127835.4228053584,1246534.5613355679,True
2024-07-05,565809.8271155596,1142468.8978863095,1258001.4913455253,True
2024-07-08,566344.4040036397,1142821.511743682,1264493.1078641678,True
2024-07-09,566969.9727024568,1144937.1948879159,1266961.9440937347,True
2024-07-10,572429.4813466788,1155868.2244664577,1284371.276427631,True
2024-07-11,567527.2975432212,1129069.5713061618,1249428.9224565097,True
2024-07-12,571030.4822565969,1134711.3930241186,1258547.0992022636,True
2024-07-15,572759.3266606005,1138942.7593125864,1260964.0554713823,True
2024-07-16,576012.2838944495,1136827.0761683527,1259160.0314673623,True
2024-07-17,567970.8826205642,1104915.5220761579,1207462.206426492,True
2024-07-18,563694.2675159236,1095571.2548557913,1202056.5365621003,True
2024-07-19,559929.4813466788,1088871.5915657172,1186621.0304215478,False
2024-07-22,565752.957233849,1105973.3636482747,1210629.3710779506,False
2024-07-23,564808.9171974522,1104915.5220761579,1209471.4281118312,False
2024-07-24,551876.7060964513,1062425.5522627935,1162960.7189726972,False
2024-07-25,549090.0818926296,1048497.3048965869,1147714.4699187903,False
2024-07-26,555254.7770700637,1099194.9463768278,1203209.5259822547,False
2024-07-29,555664.2402183803,1096414.7551289308,1200166.2508975682,False
2024-07-30,552752.5022747953,1097712.1777112826,1201586.4459370885,False
2024-07-31,561464.9681528662,1104569.9827894282,1209093.191145982,False
2024-08-01,553810.2820746133,1092800.506506665,1196209.9932874753,False
2024-08-02,543687.4431301183,1076953.4163936526,1178863.3253047618,False
2024-08-05,527365.7870791629,1052395.0603705635,1151981.062056697,False
2024-08-06,532620.5641492265,1059067.519365516,1159284.9222599447,False
2024-08-07,528924.0218380345,1053970.5020777052,1153705.584604686,False
2024-08-08,541264.7861692448,1072134.4182306314,1173588.3151579718,False
2024-08-09,543585.0773430391,1074265.8981873523,1175921.4927228983,False
2024-08-12,543869.4267515923,1070744.322606683,1172066.6776156286,False
2024-08-13,552900.363967243,1081216.3763070945,1183529.6804346144,False
2024-08-14,554663.330300273,1088166.8544268368,1191137.868146331,False
2024-08-15,564183.3484986351,1100585.0420007762,1204731.1635245979,True
2024-08-16,565377.6160145587,1104106.6175814455,1196912.4408265303,True
2024-08-19,570814.3767060965,1083049.949130306,1187361.8143771482,True
2024-08-20,569870.3366696996,1083049.949130306,1182702.8123981408,True
2024-08-21,571860.7825295723,1087871.1571709497,1190049.6231055046,True
2024-08-22,567231.5741583257,1071341.3010316,1165714.823510183,True
2024-08-23,573373.5213830755,1082361.2051244997,1182643.5144046745,True
2024-08-26,571963.1483166515,1075990.3230707922,1169492.2259216052,True
2024-08-27,572725.2047315742,1079606.2291012749,1175730.274349268,True
2024-08-28,569460.873521383,1113755.9466664444,1195883.7027502016,True
2024-08-29,569540.491355778,1118357.4833821377,1195125.5943148562,True
2024-08-30,574909.0081892629,1128480.8641566634,1210813.0479537693,False
2024-09-03,563273.4303912648,1116884.9916331158,1206710.8549729453,False
2024-09-04,561874.4313011828,1117621.2375076269,1207506.3136776076,False
2024-09-05,560486.8061874431,1107405.8259987873,1196469.3241504158,False
2024-09-06,551160.1455868972,1094153.4002575902,1182151.0674664918,False
2024-09-09,557358.9626933576,1105105.0576409406,1193983.5156983458,False
2024-09-10,559656.5059144677,1106853.6415929042,1195872.7301219192,False
2024-09-11,565388.9899909007,1105289.1191095684,1194182.3803745115,False
2024-09-12,570245.67788899,1111823.301245853,1201242.076378391,False
2024-09-13,573271.1555959963,1118357.4833821377,1208301.7723822698,False
2024-09-16,574135.5777979981,1127836.6490164662,1218543.3032047993,False
2024-09-17,574408.5532302093,1126272.1265331304,1216852.9534573916,True
2024-09-18,572543.2211101,1123695.265972342,1195760.890056656,True
2024-09-19,582529.5723384895,1133450.5238096123,1218154.3801603445,True
2024-09-20,581380.8007279345,1131978.0320605906,1212265.0816571957,True
2024-09-23,582813.9217470427,1135659.2614331453,1216621.117604961,True
2024-09-24,584497.2702456779,1136487.53804197,1223909.5050228003,True
2024-09-25,583303.0027297543,1129401.171499802,1221753.8278353116,True
2024-09-26,585623.2939035486,1093543.5361401339,1205404.6557523578,True
2024-09-27,584872.6114649682,1086039.494407419,1192657.24745638,True
2024-09-30,587420.3821656051,1091326.4329009226,1193490.2280291696,True
2024-10-01,581926.7515923567,1074442.3390023147,1171081.6225295253,True
2024-10-02,582029.1173794359,1074953.9782113635,1176370.7427263553,True
2024-10-03,580925.8416742493,1098876.7924406545,1197922.467756613,True
2024-10-04,586282.9845313922,1107435.9950430319,1209232.9996197377,True
2024-10-07,581005.4595086442,1100125.0094868345,1204202.691788138,True
2024-10-08,586499.0900818926,1101997.3350561047,1211875.4979826524,True
2024-10-09,590514.1037306641,1112607.1799486352,1223831.512401904,True
2024-10-10,589524.567788899,1087481.271327271,1203837.4489749973,True
2024-10-11,593027.7525022748,1088323.4965993643,1207380.602733075,True
2024-10-14,597884.4404003639,1098935.5350277438,1222110.4909762815,True
2024-10-15,593323.4758871702,1087481.271327271,1193225.818677233,True
2024-10-16,595825.7506824386,1088828.8317626207,1194497.1790186092,True
2024-10-17,595905.3685168334,1127167.9845615516,1230203.1870537726,True
2024-10-18,598202.9117379437,1127078.9014994665,1230034.7143897512,True
2024-10-21,597281.6196542311,1117547.0138563712,1224545.3598525045,False
2024-10-22,596872.1565059144,1091173.5208857704,1206421.2150318043,False
2024-10-23,591424.0218380346,1073533.6866301824,1186918.294672895,False
2024-10-24,592754.7770700636,1082187.1902272634,1196485.7650376428,False
2024-10-25,592527.2975432212,1087013.182617943,1201821.4696641369,False
2024-10-28,594369.8817106461,1088344.490863648,1203293.388181791,False
2024-10-29,595325.2957233848,1097830.0621142944,1213780.8076200723,False
2024-10-30,593528.2074613285,1090840.6938243443,1206053.235402391,False
2024-10-31,581847.1337579618,1058223.6418045775,1169991.2317198787,False
2024-11-01,584372.1565059144,1067209.9724630846,1179926.68171404,False
2024-11-04,583109.645131938,1063548.8747873965,1175878.905790493,False
2024-11-05,590116.0145586898,1077194.7843058705,1190966.070596442,False
2024-11-06,604811.1919927206,1102489.640974261,1218932.5224318597,False
2024-11-07,609520.0181983621,1121294.369944841,1239723.3714937165,False
2024-11-08,612215.6505914468,1124123.3999669636,1242851.19834373,False
2024-11-11,612716.1055505004,1124955.467620529,1243771.1474172636,False
2024-11-12,610884.8953594177,1126453.189396947,1245427.0557496238,False
2024-11-13,611191.9927206552,1125787.5352740947,1244691.0964907974,False
2024-11-14,607313.4667879891,1119630.23463771,1237883.4733466497,False
2024-11-15,599476.797088262,1095500.272684311,1211204.9502141785,False
2024-11-18,601956.3239308462,1099993.4380135646,1216172.6752112592,False
2024-11-19,604151.5013648771,1110976.731040629,1228316.0029819014,False
2024-11-20,604367.6069153777,1109479.0092642112,1226660.094649541,False
2024-11-21,607415.8325750682,1110976.731040629,1228316.0029819014,False
2024-11-22,609463.1483166516,1110976.731040629,1228316.0029819014,False
2024-11-25,611419.4722474976,1110976.731040629,1228316.0029819014,False
2024-11-26,614843.0391264787,1122625.6781905456,1241195.2900113699,False
2024-11-27,612886.7151956324,1114637.8287163172,1232363.7789054487,False
2024-11-29,616116.9244767971,1124622.6405591029,1243403.1677878504,False
2024-12-02,617857.1428571428,1136105.1741783065,1256098.4650026122,False
2024-12-03,617993.6305732485,1141097.580099699,1261618.159443813,False
2024-12-04,621894.9044585987,1159902.3090702791,1282409.0085056697,False
2024-12-05,620859.8726114649,1158903.8278860005,1281305.0696174297,False
2024-12-06,622088.262056415,1166558.8502988028,1289768.6010939374,False
2024-12-09,618858.0527752503,1159569.482008853,1282041.0288762567,False
2024-12-10,617095.0864422201,1158571.0008245744,1280937.0899880163,False
2024-12-11,621769.7907188353,1177708.5568565803,1302095.9186792863,False
2024-12-12,618562.3293903549,1171384.8426894827,1295104.305720432,False
2024-12-13,618516.8334849863,1170719.1885666302,1294368.3464616048,False
2024-12-16,620950.8644222021,1183699.4439622518,1308719.5520087273,False
2024-12-17,618346.2238398544,1181036.8274708423,1305775.7149734201,False
2024-12-18,600181.983621474,1141596.8206918384,1262170.1288879332,False
2024-12-19,599965.8780709736,1142761.7154068302,1263458.0575908802,False
2024-12-20,606756.1419472247,1154743.489618173,1276705.3242497623,False
2024-12-23,611101.0009099181,1166226.0232373767,1289400.6214645242,False
2024-12-24,617379.4358507734,1182035.308655121,1306879.6538616607,False
2024-12-26,617368.0618744312,1179871.9327558507,1304487.7862704734,False
2024-12-27,610975.8871701546,1161732.8579081232,1284432.8964674436,False
2024-12-30,604174.2493175615,1148419.7754510755,1269713.7112909078,False
2024-12-31,601740.2183803457,1137436.4824240112,1257570.3835202658,False
2025-01-02,600227.4795268426,1134607.4524018888,1254442.5566702522,False
2025-01-03,607984.5313921747,1153412.1813724684,1275233.4057321085,False
2025-01-06,611521.8380345769,1166891.6773602292,1290136.5807233513,False
2025-01-07,604640.5823475887,1142761.7154068302,1263458.0575908802,False
2025-01-08,605459.508644222,1144758.6777753874,1265665.9353673607,False
2025-01-10,596246.5878070974,1127118.8435197994,1246163.0150084507,False
2025-01-13,597008.6442220199,1121127.956414128,1239539.3816790099,False
2025-01-14,597770.7006369426,1115969.136962022,1233835.6974231023,False
2025-01-15,608701.0919017288,1142928.1289375434,1263642.047405587,False
2025-01-16,607802.5477707007,1133442.557686897,1253154.6279673052,False
2025-01-17,613626.0236578708,1149085.4295739278,1270449.6705497347,False
2025-01-21,619210.6460418561,1154410.662556747,1276337.344620349,False
2025-01-22,622736.5787079163,1173548.218588753,1297496.1733116189,False
2025-01-23,626182.8935395813,1177874.9703872935,1302279.908493993,False
2025-01-24,624294.8134667879,1171384.8426894827,1295104.305720432,False
2025-01-27,615605.0955414013,1138934.2042004291,1259226.291852626,False
2025-01-28,620768.8808007279,1165726.7826452374,1288848.652020404,False
2025-01-29,618039.126478617,1157905.346701722,1280201.1307291896,False
2025-01-30,621269.3357597817,1158737.4143552873,1281121.079802723,False
2025-01-31,617948.1346678798,1153245.7678417552,1275049.4159174021,False
2025-02-03,613898.9990900819,1141929.6477532648,1262538.1085173467,False
2025-02-04,617970.8826205642,1157073.2790481565,1279281.181655656,False
2025-02-05,620507.279344859,1159735.895539566,1282225.018690963,False
2025-02-06,622747.9526842583,1169221.4667902126,1292712.4381292448,False
2025-02-07,616685.6232939037,1154909.9031488863,1276889.3140644692,False
2025-02-10,621098.7261146497,1167058.0908909421,1290320.5705380577,False
2025-02-11,621656.050955414,1165061.1285223851,1288112.6927615774,False
2025-02-12,619608.7352138307,1163729.8202766804,1286640.774243924,False
2025-02-13,626148.771610555,1180704.0004094162,1305407.7353440067,False
2025-02-14,626171.5195632393,1183865.857492965,1308903.541823434,False
2025-02-18,627979.9818016378,1182867.3763086863,1307799.602935194,False
2025-02-19,629504.0946314832,1184032.2710236781,1309087.5316381408,False
2025-02-20,626853.9581437671,1178540.6245101457,1303015.8677528198,False
2025-02-21,616185.1683348499,1152413.7001881897,1274129.4668438686,False
2025-02-24,613273.4303912648,1140265.512446134,1260698.2103702796,False
2025-02-25,610225.2047315742,1126952.4299890862,1245979.025193744,False
2025-02-26,610600.5459508644,1151867.969446669,1273526.0970482645,False
2025-02-27,600796.178343949,1148976.3263132032,1270329.0440078988,False
2025-02-28,610134.2129208371,1165874.3658743962,1289011.8227125371,False
2025-03-03,599624.6587807098,1156295.7979947892,1278421.584516325,False
2025-03-04,592402.1838034578,1132259.0144478516,1251846.0811182833,False
2025-03-05,599044.585987261,1140482.1246086461,1260937.7007018237,False
2025-03-06,588182.4385805278,1132349.3782957725,1251945.989025795,False
2025-03-07,591355.7779799817,1142741.2208066664,1263435.3983896095,False
2025-03-10,575716.5605095541,1129096.279770623,1248349.304355383,False
2025-03-11,570996.3603275705,1114366.9725595296,1232064.315431019,False
2025-03-12,573760.2365787079,1109306.5970759639,1226469.4726103786,False
2025-03-13,566264.7861692448,1105240.2239195271,1221973.6167723641,False
2025-03-14,577888.9899909007,1121415.3526973533,1239857.132216911,False
2025-03-17,582302.0928116469,1135602.476820922,1255542.6736962064,False
2025-03-18,576160.1455868972,1130542.101337356,1249947.830875566,False
2025-03-19,582211.1010009099,1137680.845323101,1257840.5555689693,False
2025-03-20,580880.3457688808,1135692.840668843,1255642.5816037178,False
2025-03-21,581016.8334849863,1130542.101337356,1249947.830875566,False
2025-03-24,591219.2902638762,1142018.3100233,1262636.1351295183,False
2025-03-25,592618.2893539581,1138765.2114981506,1259039.4504591066,False
2025-03-26,585714.2857142858,1140211.0330648837,1260637.9769792894,False
2025-03-27,584099.1810737033,1139126.666889834,1259439.0820891522,False
2025-03-28,572429.4813466788,1125662.4535496319,1244552.8038699485,False
2025-03-31,575921.2920837125,1139397.7584335962,1259738.8058116867,False
2025-04-01,578036.8516833484,1135963.9322126051,1255942.305326252,False
2025-04-02,581517.28844404,1140301.3969128046,1260737.884886801,False
2025-04-03,553787.534121929,1102167.8530902192,1218576.7479169755,False
2025-04-04,521690.17288444046,1034214.2394537639,1143446.001468376,False
2025-04-07,519494.9954504095,1027888.7700993067,1136452.4479425757,False
2025-04-08,511851.68334849854,1015870.3783258378,1123164.6962435548,False
2025-04-09,559326.6606005459,1082287.8065476392,1196597.0082644597,False
2025-04-10,540229.754322111,1054455.7413880273,1165825.3727509375,False
2025-04-11,549738.398544131,1069094.6847511998,1182010.45376779,False
2025-04-14,555266.1510464058,1081384.168068431,1195597.9291893453,False
2025-04-15,553707.916287534,1077137.0672161526,1190902.257536308,True
2025-04-16,541537.7616014559,1064124.6731155547,1175473.0599899017,True
2025-04-17,542288.4440400364,1064486.128507238,1172457.290543518,True
2025-04-21,529367.6069153777,1043792.8073333708,1147931.6920954813,True
2025-04-22,542720.6551410373,1066745.2247052584,1173064.9185181085,True
2025-04-23,551444.4949954504,1074064.6963868449,1191422.8181911777,True
2025-04-24,563034.57688808,1083010.7173310057,1216562.2125453555,True
2025-04-25,567174.7042766152,1082016.7150038767,1221225.0586405995,True
2025-04-28,567527.2975432212,1085811.9966165512,1221772.1864594442,True
2025-04-29,570962.2383985441,1075794.317316522,1213566.4652241683,True
2025-04-30,571246.5878070974,1074597.4704917897,1214320.174136544,True
2025-05-01,575295.7233848954,1091866.2603914987,1229751.5454021234,True
2025-05-02,583541.8562329389,1106912.3347595618,1253237.0900522415,True
2025-05-05,580493.6305732484,1099560.275693349,1244972.9285198932,True
2025-05-06,575545.9508644221,1089301.5886242152,1233375.2062040963,True
2025-05-07,578150.5914467698,1094259.9540409632,1244917.1761931456,True
2025-05-08,582006.3694267516,1102637.8818140891,1254870.5038762896,True
2025-05-09,581232.9390354868,1101441.034989357,1256414.8650195925,True
2025-05-12,600580.0727934486,1148801.9736251924,1318009.4669602634,True
2025-05-13,604526.8425841674,1168464.457174366,1347592.317827408,True
2025-05-14,605277.5250227479,1177184.34118313,1358675.9506346097,True
2025-05-15,608246.1328480437,1176671.406829673,1356791.4462426354,True
2025-05-16,612170.1546860783,1181116.8378929647,1359092.1522423169,True
2025-05-19,612795.7233848954,1181800.7503642403,1358929.1076865837,True
2025-05-20,610623.2939035487,1176500.4287118544,1353922.991553131,True
2025-05-21,600420.8371246587,1158205.7701052318,1332436.555234552,True
2025-05-22,600693.8125568698,1161967.2886972476,1334281.480715973,True
2025-05-23,596644.6769790719,1149485.8860964682,1318602.7407754364,True
2025-05-27,608894.449499545,1177868.2536544055,1354026.6676550345,True
2025-05-28,605425.3867151956,1172909.8882376573,1345613.0516580879,True
2025-05-29,607757.0518653322,1176500.4287118544,1351413.4626350217,True
2025-05-30,607131.483166515,1173593.800708933,1341668.4941762374,True
2025-06-02,610657.4158325751,1184707.3783671616,1356573.2453055815,True
2025-06-03,614126.4786169245,1193256.2842581067,1372781.1618699406,True
2025-06-04,613728.38944495,1196675.8466144844,1380577.5552308718,True
2025-06-05,610862.1474067335,1186930.0938988074,1372084.7284418757,True
2025-06-06,617106.4604185623,1199753.4527352247,1384699.728070672,True
2025-06-09,617766.1510464058,1201121.277677776,1393053.9228188456,True
2025-06-10,621280.7097361238,1208473.3367439888,1407660.745378073,True
2025-06-11,619563.2393084622,1204027.9056806974,1403813.042467087,True
2025-06-12,621906.2784349408,1207276.4899192564,1408569.1013626368,True
2025-06-13,614979.5268425843,1190520.634373004,1384709.0269848837,True
2025-06-16,620928.1164695177,1206079.6430945243,1408016.4924069834,True
2025-06-17,615639.2174704276,1196333.8903788468,1397220.3766452475,True
2025-06-18,615514.1037306642,1192743.34990465,1396095.2639527787,True
2025-06-20,613808.0072793448,1186075.203309713,1386825.8390700591,True
2025-06-23,620131.9381255687,1201976.1682668705,1402256.6936706265,True
2025-06-24,626944.9499545041,1219073.9800487605,1432334.8776571124,True
2025-06-25,627252.0473157415,1224716.2579367843,1443095.0306353776,True
2025-06-26,632222.4749772521,1234974.9450059184,1454658.392781682,True
2025-06-27,635361.6924476797,1241985.0478364932,1462307.9148270742,True
2025-06-30,638535.0318471338,1248824.1725492494,1468515.639572629,True
2025-07-01,638239.3084622384,1235658.857477194,1452862.3982719698,True
2025-07-02,641071.4285714285,1245233.6320750522,1469745.3824166104,True
2025-07-03,646621.9290263876,1258569.9252649266,1484382.4323532362,True
2025-07-07,641435.3958143768,1250704.9318452573,1471517.9712559641,True
2025-07-08,641003.1847133759,1248824.1725492494,1476422.4775955596,True
2025-07-09,644802.0928116469,1260963.6189143911,1489372.401555966,True
2025-07-10,646690.1728844404,1261134.59703221,1493117.3825906583,True
2025-07-11,644369.881710646,1259082.8596183832,1491440.6942725598,True
2025-07-14,645643.7670609645,1262502.4219747614,1490419.3367864091,True
2025-07-15,642834.3949044585,1266947.8530380526,1503359.8034477744,True
2025-07-16,644949.9545040946,1270367.4153944307,1503455.651350087,True
2025-07-17,648817.1064604187,1278061.4306962811,1513726.6969706235,True
2025-07-18,648532.7570518653,1277548.4963428245,1510914.0470508088,True
2025-07-21,649681.5286624205,1283019.7961130294,1515591.4646142644,True
2025-07-22,649681.5286624205,1274470.8902220845,1499985.1404202094,True
2025-07-23,655209.2811646952,1284045.6648199426,1509700.424828079,True
2025-07-24,655652.8662420382,1289175.00835451,1515808.6853682387,True
2025-07-25,658257.5068243858,1294304.3518890769,1519338.6177228899,True
2025-07-28,658109.6451319382,1299946.6297771006,1530545.7159992715,True
2025-07-29,656392.1747042766,1292936.5269465256,1527554.285844127,True
2025-07-30,655595.9963603276,1297552.9361276359,1536986.2649270387,True
2025-07-31,653139.2174704276,1297894.8923632735,1524399.9430326063,True
2025-08-01,642379.4358507734,1268144.699862785,1492533.5660745262,True
2025-08-04,652149.6815286624,1293449.4612999824,1523302.4743924765,True
2025-08-05,649010.4640582348,1282506.8617595728,1509323.8549258683,True
2025-08-06,653833.0300272976,1301998.3671909275,1523937.4465731932,True
2025-08-07,653434.940855323,1301485.4328374707,1531266.045453236,True
2025-08-08,658439.4904458598,1313795.8573204316,1545159.2548516532,True
2025-08-11,657097.3612374887,1311402.1636709669,1543039.8068224755,True
2025-08-12,664103.7306642402,1324738.4568608413,1565119.543089698,True
2025-08-13,666424.0218380345,1324909.43497866,1567283.2722814777,True
2025-08-14,666435.3958143767,1328328.997335038,1571091.8601519798,True
2025-08-15,664990.9008189263,1323712.5881539278,1556658.0296270668,True
2025-08-18,664763.4212920837,1322857.6975648333,1558060.7118864201,True
2025-08-19,661123.7488626024,1303024.2358978407,1532055.2004840705,True
2025-08-20,659383.5304822566,1294475.3300068956,1522000.8061575536,True
2025-08-21,656790.2638762512,1289858.9208257853,1515765.954024672,True
2025-08-22,666844.8589626933,1309692.3824927777,1542098.1238224423,True
2025-08-25,664012.7388535031,1307640.645078951,1540954.3075356635,True
2025-08-26,666674.2493175614,1315676.6166164393,1552183.7258854387,True
2025-08-27,668198.3621474068,1318070.310265904,1555643.8519521381,True
2025-08-28,670564.1492265696,1325422.3693321166,1563564.2276232615,True
2025-08-29,666696.9972702457,1309521.404374959,1536204.5008871984,True
2025-09-02,661783.4394904459,1297723.9142454548,1520311.1498272181,True
2025-09-03,665161.5104640581,1311744.1199066045,1531330.1691300585,True
2025-09-04,670643.7670609645,1323199.653800471,1546299.4550113503,True
2025-09-05,668801.1828935395,1319780.091444093,1549469.5070169957,True
2025-09-08,670541.4012738853,1328670.9535706756,1562080.7849288238,True
2025-09-09,672167.8798908099,1332090.5159270538,1567006.6834256747,True
2025-09-10,674112.8298453138,1332261.4940448727,1572333.074160107,True
2025-09-11,679606.4604185623,1338758.662521991,1582807.8028864248,True
2025-09-12,679458.5987261146,1346110.7215882037,1589301.573786824,True
2025-09-15,683007.279344859,1358934.0804246212,1604357.3556852732,True
2025-09-16,682108.7352138308,1357053.3211286133,1602936.3810827355,True
2025-09-17,681312.5568698817,1351069.0870049517,1594827.462216001,True
2025-09-18,684520.0181983622,1357737.2335998889,1620254.2700773922,True
2025-09-19,687716.1055505004,1372270.3736144956,1629599.7534951486,True
2025-09-22,691060.0545950865,1383725.9075083619,1649777.262311167,True
2025-09-23,687443.1301182893,1367995.920669023,1636510.1369023798,True
2025-09-24,685145.5868971793,1362695.599016637,1631297.7282046152,True
2025-09-25,681881.2556869881,1356540.3867751567,1626336.4362082477,True
2025-09-26,685896.2693357597,1362011.6865453613,1631976.464706921,True
2025-09-29,687818.4713375797,1366799.0738442906,1637212.2266321024,True
2025-09-30,690354.8680618744,1373638.1985570467,1648989.0876394124,True
2025-10-01,692823.0209281164,1380819.2795054405,1667276.3564813843,True
2025-10-02,693596.4513193811,1383212.9731549053,1676993.1905322887,True
2025-10-03,693653.3212010919,1377912.6515025191,1670113.498020524,True
2025-10-06,696019.1082802549,1389881.1197498422,1691109.8197848208,True
2025-10-07,693539.5814376706,1380990.2576232592,1673187.1858108456,True
2025-10-08,697565.9690627843,1395694.3757556847,1700338.1157619515,True
2025-10-09,695677.8889899909,1394155.572695315,1697640.9978738406,True
2025-10-10,676979.0718835305,1348162.4590020303,1627057.2819752232,True
2025-10-13,687238.3985441311,1374151.1329105033,1672411.051411191,True
2025-10-14,686260.2365787079,1362695.599016637,1652594.5611600862,True
2025-10-15,689285.7142857142,1370560.5924363064,1673056.4082790853,True
2025-10-16,684736.1237488625,1365089.2926661016,1671335.3860034423,True
2025-10-17,688535.0318471338,1374322.1110283223,1677840.5752730435,True
2025-10-20,695757.5068243858,1390736.0103389367,1698387.421385108,True
2025-10-21,695666.5150136488,1389368.1853963856,1694003.746804732,True
2025-10-22,692151.9563239308,1380135.3670341647,1675174.3066652284,True
2025-10-23,696064.6041856233,1391419.9228102122,1694769.4433702652,True
2025-10-24,701819.8362147406,1406124.0409426377,1717313.8479948335,True
2025-10-27,710225.204731574,1432112.7148511107,1753024.7226359427,True
2025-10-28,712124.6587807097,1444765.0955697093,1768495.1035281208,True
2025-10-29,712420.3821656051,1453655.957696292,1784991.0801124289,True
2025-10-30,704856.6878980892,1431941.7367332918,1759403.836625833,True
2025-10-31,706881.2556869881,1436045.2115609453,1761433.6363808406,True
2025-11-03,708268.880800728,1445107.051805347,1773905.407130651,True
2025-11-04,700068.2438580528,1419631.3122503308,1730797.1080326287,True
2025-11-05,702172.4294813467,1421512.0715463387,1743871.968176836,True
2025-11-06,694711.1010009098,1398088.0694051494,1710862.8084380012,True
2025-11-07,695439.0354868061,1392274.813399307,1701153.259612204,True
2025-11-10,706244.3130118289,1426470.436963087,1746578.9546151143,True
2025-11-11,707859.4176524113,1424589.6776670788,1731785.1914742538,True
2025-11-12,708212.0109190173,1421512.0715463387,1737048.027991819,False
2025-11-13,696678.7989080983,1392103.835281488,1699225.375694546,False
2025-11-14,696496.8152866242,1394497.5289309525,1702147.1584579607,False
2025-11-17,689979.5268425841,1382871.0169192671,1687955.642178517,False
2025-11-18,684292.5386715195,1364234.402077007,1665207.4763776448,False
2025-11-19,686772.0655141036,1374835.0453817789,1678146.8000441957,False
2025-11-20,676353.5031847133,1347649.5246485737,1644963.6958025561,False
2025-11-21,683086.8971792539,1355856.474303881,1654981.2367056927,False
2025-11-24,693243.8580527753,1390565.0322211178,1697347.0867752077,False
2025-11-25,699692.9026387625,1398942.9599942437,1707573.3264471595,False
2025-11-26,704526.8425841674,1408688.7127099212,1719469.1562696346,False
2025-11-28,708428.1164695178,1414160.012480126,1726147.5168717254,False
2025-12-01,705175.1592356688,1410227.5157702914,1721347.4451889726,False
2025-12-02,706369.4267515923,1417750.552954323,1730530.1910168482,False
2025-12-03,708837.5796178344,1417408.5967186852,1730112.7934792174,False
2025-12-04,709429.0263876251,1419118.3778968742,1732199.7811673707,True
2025-12-05,710759.7816196542,1425615.5463739922,1738323.3417136073,True
2025-12-08,708655.5959963603,1422708.9183710709,1741735.6108430042,True
2025-12-09,708075.5232029117,1422708.9183710709,1742378.0197780132,True
2025-12-10,712659.2356687898,1423734.7870779843,1750535.1455025189,True
2025-12-11,714399.4540491356,1420144.2466037876,1742884.8002324905,True
2025-12-12,706687.898089172,1398601.003758606,1700537.3476847478,True
2025-12-15,705664.2402183802,1392103.835281488,1693244.3329997752,True
2025-12-16,703696.542311192,1388944.777181617,1689169.9133419425,True
2025-12-17,695962.2383985441,1386061.7052083674,1668443.717536945,True
2025-12-18,701217.0154686078,1385365.7912837903,1679374.7065945172,False
2025-12-19,707472.7024567788,1388646.5283567982,1693478.1425763627,False
2025-12-22,711931.3011828935,1399184.6535003993,1706329.5660523863,False
2025-12-23,715252.5022747953,1400576.4813495541,1708026.9238699742,False
2025-12-24,717629.6633303004,1408728.615894604,1717968.5910872752,False
2025-12-26,717697.907188353,1407436.2043203888,1716392.4731138006,False
2025-12-29,715172.8844404003,1406044.376471234,1714695.1152962127,False
2025-12-30,714171.974522293,1405050.2137218378,1713482.7168550785,False
2025-12-31,708985.4413102821,1395705.083877512,1702086.1715084158,False
2026-01-02,710304.8225659691,1408330.9507948456,1717483.6317108215,False
2026-01-05,715013.6487716106,1422845.726936032,1735184.6489513821,False
2026-01-06,719256.1419472247,1435073.9287536067,1750097.1497773335,False
2026-01-07,716947.2247497726,1418968.492213386,1730456.2950309585,False
2026-01-08,716822.1110100091,1429904.282456746,1743792.6778834355,True
2026-01-09,721621.9290263876,1438851.7472013128,1759031.1865088346,True
2026-01-12,722793.4485896269,1439746.4936757695,1761758.576746622,True
2026-01-13,721303.457688808,1436465.7566027618,1760144.2567901087,True
2026-01-14,,,1762767.203737333,True
2026-01-15,,,1777916.297672257,True
2026-01-16,719119.6542311192,1452074.111768284,1785549.9834030468,True
2026-01-20,704481.3466787989,1433284.4358046933,1755874.0083408337,True
2026-01-21,712556.8698817106,1453366.5233424993,1788753.1713503336,True
2026-01-22,716264.7861692448,1454261.269816956,1790730.6013308298,True
2026-01-23,716560.5095541402,1445810.8864470874,1779794.202998906,True
2026-01-26,720245.67788899,1450384.0350943103,1781966.3761121305,True
2026-01-27,723191.5377616015,1448892.790970216,1792188.4482889797,True
2026-01-28,723089.1719745223,1450284.6188193706,1806167.1205969406,True
2026-01-29,721576.433121019,1460723.3276880323,1816291.8264882613,True
2026-01-30,719267.5159235669,1465296.4763352552,1801023.6159752766,True
2026-02-02,723180.1637852594,1479115.3385518645,1818970.0767262534,True
2026-02-03,716924.4767970883,1485577.3964229408,1810455.0919287067,True
2026-02-04,713262.0564149227,1492138.8705689565,1794702.4799208294,True
2026-02-05,704435.8507734304,1486670.9754472764,1788739.3562404502,True
2026-02-06,718152.8662420382,1514507.5324303738,1840565.1194825,True
2026-02-09,721530.9372156506,1510530.8814327884,1843988.3756903275,False
2026-02-10,719506.3694267516,1507250.1443597807,1845620.5111163044,False
2026-02-11,719415.3776160146,1515203.4463549512,1855359.2909388295,False
2026-02-12,708257.5068243858,1499893.340014248,1836612.1397804688,False
2026-02-13,708712.465878071,1509238.4698585733,1848055.2060719358,False
2026-02-17,709963.6032757052,1506255.9816103843,1844403.1636384886,False
2026-02-18,713535.0318471338,1511525.0441821849,1850855.1052709117,False
2026-02-19,711703.821656051,1507747.2257344788,1846229.1848552122,False
2026-02-20,716776.6151046406,1512419.7906566416,1851950.7180009456,False
2026-02-23,709554.1401273885,1501583.4166882215,1838681.630492755,False
2026-02-24,714729.2993630572,1506156.5653354446,1844281.428890707,False
2026-02-25,720746.1328480436,1510530.8814327884,1849637.7577930957,False
2026-02-26,716696.9972702457,1509337.886133513,1848176.940819717,False
2026-02-27,713409.9181073704,1513811.6185057967,1853655.0044698878,False
2026-03-02,713682.8935395814,1509834.9675082113,1848785.614558625,False
2026-03-03,707393.084622384,1492834.784493534,1827968.9726879774,False
2026-03-04,712431.7561419472,1498998.5935397912,1835516.5270504344,False
2026-03-05,708621.4740673339,1478121.175802468,1809952.2300163058,False
2026-03-06,699146.9517743404,1462313.9880870664,1790596.405119037,False
2026-03-09,705220.6551410373,1466091.8065347725,1795222.3255347363,False
2026-03-10,704003.6396724295,1463606.3996612816,1792178.9568401973,False
2026-03-11,703218.8353048225,1460325.6625882736,1788161.7101634056,False
2026-03-12,692447.6797088261,1443822.5609482946,1767953.742031666,False
2026-03-13,688591.9017288444,1447103.2980213026,1771970.9887084577,False
2026-03-16,695484.5313921748,1456547.8441405676,1783535.7897477064,False
2026-03-17,697406.7333939945,1459331.4998388772,1786944.3626855898,False
2026-03-18,687784.3494085532,1439845.9099507094,1763084.3521204034,False
2026-03-19,685941.7652411284,1436664.589152641,1759188.8401913932,False
2026-03-20,675989.5359417653,1425132.3012596434,1745067.6094487316,False
2026-03-23,683325.7506824385,1432588.521880116,1754197.715532349,False
2026-03-24,681005.4595086442,1439149.9960261318,1762232.208885932,False
2026-03-25,684713.3757961784,1443723.144673355,1767832.0072838843,False
2026-03-26,672577.3430391265,1432588.521880116,1754197.715532349,False
2026-03-27,661135.1228389444,1419167.3247632654,1737763.524581838,False
2026-03-30,658826.2056414923,1417974.32946399,1736302.7076084593,False
2026-03-31,677672.8844404003,1441038.9052499847,1764545.1690937818,False
2026-04-01,683064.1492265696,1444617.8911478117,1768927.6200139187,False
2026-04-02,683848.9535941766,1446208.5515468458,1770875.3759784233,False
2026-04-06,686885.805277525,1453167.69079262,1779396.808323133,False
2026-04-07,687306.6424021837,1451577.0303935858,1777449.052358628,False
2026-04-08,704663.3303002729,1484086.152298846,1817256.3148831995,False
2026-04-09,708826.2056414923,1493033.6170434132,1828212.4421835404,True
2026-04-10,708359.8726114649,1478817.0897270455,1819278.1186616505,True
2026-04-13,715297.9981801638,1487565.721921733,1834934.996238431,True
2026-04-14,723953.5941765241,1489454.6311455863,1847490.3766699648,True
2026-04-15,729731.5741583258,1483191.4058243893,1843384.72690958,True
2026-04-16,731335.304822566,1485378.5638730612,1847532.561319943,True
2026-04-17,740309.3721565059,1497507.3494156965,1869749.0293139562,True
2026-04-20,738910.373066424,1496413.7703913606,1868559.0858170001,True
2026-04-21,734042.3111919927,1485676.8126978802,1860239.951132143,True
2026-04-22,741583.2575068243,1486074.4777976386,1875949.7031902175,True
2026-04-23,738591.9017288444,1496811.4354911193,1891492.394923841,True
2026-04-24,744438.1255686987,1492039.4542940168,1918455.6486203515,True
2026-04-27,745666.5150136488,1491343.5403694392,1917631.8441346097,True
2026-04-28,741992.720655141,1491940.0380190772,1899137.175069197,True
2026-04-29,741969.9727024568,1495121.3588171452,1912434.1036556994,True
2026-04-30,749158.3257506824,1518285.35087808,1941305.8272015157,True
2026-05-01,751364.8771610556,1512419.7906566416,1940193.0329380026,True
2026-05-04,748635.1228389445,1502577.5794376177,1927930.3730294579,True
2026-05-05,754515.4686078253,1518384.7671530196,1961558.7993565437,True
2026-05-06,765127.3885350319,1530612.9689705945,2006225.5907262412,True
2026-05-07,762727.4795268426,1517589.4369535025,1982863.3149126475,True
2026-05-08,768960.4185623295,1529022.3085715605,2026052.7883799223,True
2026-05-11,770643.7670609645,1538963.936065524,2046912.3154556851,True
2026-05-12,769676.9790718836,1541151.0941141958,2029768.4732459164,True
2026-05-13,773919.4722474976,1542542.9219633504,2045118.079356531,True
2026-05-14,779947.6797088262,1547215.4868855132,2056548.7321114969,True
2026-05-15,770552.7752502275,1531308.8828951719,2015131.6827907518,True
2026-05-18,769949.9545040947,1537472.6919414292,2007559.0633766304,True
2026-05-19,782484.076433121,1536876.1942917914,2004269.5633417524,True
2026-05-20,772964.0582347589,1544133.5823623845,2036631.1964580575,True
2026-05-21,774408.5532302093,1548110.23335997,2044106.1949027518,True
2026-05-22,777479.5268425841,1560437.8514524845,2065331.2501789702,True
2026-05-26,791890.3548680618,1569584.1487469308,2105777.8317508297,True
2026-05-27,786339.8544131028,1568391.153447655,2096369.899995213,True
2026-05-28,789399.4540491356,1566104.5791240437,2099878.143968551,True
2026-05-29,788751.7288666188,1567098.7418734399,2099593.689016555,True
2026-06-01,790804.4455808548,1556881.2257214761,2102049.9170460813,True
2026-06-02,791893.2483454419,1570737.7027750206,2144740.584116195,True
2026-06-03,786336.1473187627,1572024.3983988578,2153029.105386122,True
2026-06-04,789398.1794751266,1584198.2501447387,2150368.1057204287,True
2026-06-05,768916.4138252459,1561137.0905796173,2057557.8816136727,True
2026-06-08,770821.6798207888,1568659.2994807274,2099958.8945056763,True
2026-06-09,768576.2497378654,1576181.3566846407,2097377.050405837,True
2026-06-10,756498.064313616,1562126.914789183,2059946.9492782569,True
2026-06-11,769177.2294326519,1590532.6699943698,2132965.235353206,False
2026-06-12,773396.0971710788,1604785.2284289377,2148579.6973996386,False
2026-06-15,786869.1636173155,1614187.875782428,2161168.5079442714,False
2026-06-16,782242.0295527894,1613297.1098424168,2159975.89875275,False
2026-06-17,772783.6629713092,1603003.696548916,2146194.4790165955,False
2026-06-18,780382.0956284832,1606071.924052775,2150302.4002542854,False
2026-06-22,778102.5797155795,1623590.371438721,2173757.115387884,False
2026-06-23,767033.8485759426,1610228.8823385579,2155867.97751506,False
2026-06-24,766296.6644037192,1609239.0581289919,2154542.7433572467,False
2026-06-25,766319.3651499588,1633290.1936008763,2186743.8008313915,False
2026-06-26,762352.1494149511,1622473.5766753764,2172261.8856760343,False
2026-06-29,774579.17398274,1627842.1404725467,2179449.63078638,False
2026-06-30,781176.0663769265,1624958.983548867,2175589.4927935223,False
2026-07-01,779640.607339236,1616906.2895503086,2164808.078229024,False
2026-07-02,778935.4263597233,1630725.1456990298,2183309.5656782174,False
2026-07-06,785509.548586428,1632514.7175304852,2185705.548415339,False
2026-07-07,781483.1859529614,1631520.4941022103,2184374.4243279356,False
2026-07-08,779413.1139281449,1616707.4145252141,2164541.8127913396,False
2026-07-09,785589.174751372,1622473.5766753764,2172261.8856760343,False
2026-07-10,789194.705813879,1626450.3186912797,2177586.1789246276,False
2026-07-13,783098.271155596,1624362.510170781,2174790.8995814887,False
2026-07-14,786055.4772360526,1618795.2230457128,2167337.0921344785,False
2026-07-15,789126.464732676,1609450.0689298362,2154825.25687656,False
2026-07-16,784963.6199368034,1617502.7629283946,2165606.6714410577,False
2026-07-17,777035.9223272933,1608853.5955517492,2154026.663664526,False
2026-07-20,775944.0650280439,1600999.6248810883,2143511.3114366923,False
2026-07-21,782381.7050923425,1616608.052861265,2164408.7816230073,False
2026-07-22,781426.3299554993,1620485.281516023,2169599.840602248,False
2026-07-23,771849.391892132,1626847.9170442717,2178118.5066989767,False
2026-07-24,772452.2459604612,1632514.7175304852,2185705.548415339,False
2026-07-27,,,2188899.9212634745,False
